id,title,price,category,url
250632,"KPcZP   САМОРЕЗЫ 6,3*100 оц. для кровли, уп.-50шт",254,krepej_i_takelaj/samorezy_shurupy/samorezy_krovelnye,https://optorg.ru/catalog/krepej_i_takelaj/samorezy_shurupy/samorezy_krovelnye/250632/
250633,"KPcZP   САМОРЕЗЫ 6,3*51 оц. для кровли, уп.-100шт",331,krepej_i_takelaj/samorezy_shurupy/samorezy_krovelnye,https://optorg.ru/catalog/krepej_i_takelaj/samorezy_shurupy/samorezy_krovelnye/250633/
250637,"KPcZP   САМОРЕЗЫ 5,5*19 оц. для кровли,уп.-250шт",274,krepej_i_takelaj/samorezy_shurupy/samorezy_krovelnye,https://optorg.ru/catalog/krepej_i_takelaj/samorezy_shurupy/samorezy_krovelnye/250637/
250701,"САМОРЕЗЫ ОКРАШ. RAL-6005 ДЛЯ КРОВЛИ 4,8*35 -250шт",540,krepej_i_takelaj/samorezy_shurupy/samorezy_krovelnye,https://optorg.ru/catalog/krepej_i_takelaj/samorezy_shurupy/samorezy_krovelnye/250701/
250702,"KPcZP   САМОРЕЗЫ 4,8*35 оц. для кровли, уп.-250шт.",333,krepej_i_takelaj/samorezy_shurupy/samorezy_krovelnye,https://optorg.ru/catalog/krepej_i_takelaj/samorezy_shurupy/samorezy_krovelnye/250702/
250731,"САМОРЕЗЫ ОКРАШ. RAL-5005 ДЛЯ КРОВЛИ 4,8*51 -150шт",387,krepej_i_takelaj/samorezy_shurupy/samorezy_krovelnye,https://optorg.ru/catalog/krepej_i_takelaj/samorezy_shurupy/samorezy_krovelnye/250731/
250733,"САМОРЕЗЫ ОКРАШ. RAL-9003 ДЛЯ КРОВЛИ 4,8*51 -150шт",387,krepej_i_takelaj/samorezy_shurupy/samorezy_krovelnye,https://optorg.ru/catalog/krepej_i_takelaj/samorezy_shurupy/samorezy_krovelnye/250733/
250758,"KPcZP   САМОРЕЗЫ 5,5*25 оц. для кровли, уп.-250 шт",353,krepej_i_takelaj/samorezy_shurupy/samorezy_krovelnye,https://optorg.ru/catalog/krepej_i_takelaj/samorezy_shurupy/samorezy_krovelnye/250758/
250768,"KPc ZP  САМОРЕЗЫ 6,3*19 оц. для кровли, уп.-250шт.",435,krepej_i_takelaj/samorezy_shurupy/samorezy_krovelnye,https://optorg.ru/catalog/krepej_i_takelaj/samorezy_shurupy/samorezy_krovelnye/250768/
250769,"KPc ZP  САМОРЕЗЫ 6,3*25 оц. для кровли, уп.-200шт.",394,krepej_i_takelaj/samorezy_shurupy/samorezy_krovelnye,https://optorg.ru/catalog/krepej_i_takelaj/samorezy_shurupy/samorezy_krovelnye/250769/
250800,"САМОРЕЗЫ ОКРАШ. RAL-5005 ДЛЯ КРОВЛИ 4,8*35 -200шт",432,krepej_i_takelaj/samorezy_shurupy/samorezy_krovelnye,https://optorg.ru/catalog/krepej_i_takelaj/samorezy_shurupy/samorezy_krovelnye/250800/
250840,"KPcZP   САМОРЕЗЫ 6,3*150 оц. для кровли, уп.-50 шт.",380,krepej_i_takelaj/samorezy_shurupy/samorezy_krovelnye,https://optorg.ru/catalog/krepej_i_takelaj/samorezy_shurupy/samorezy_krovelnye/250840/
250856,"САМОРЕЗЫ ОКРАШ. RAL-6005 ДЛЯ КРОВЛИ 4,8*70 -100шт",328,krepej_i_takelaj/samorezy_shurupy/samorezy_krovelnye,https://optorg.ru/catalog/krepej_i_takelaj/samorezy_shurupy/samorezy_krovelnye/250856/
250868,"САМОРЕЗЫ ОКРАШ. RAL-9003 ДЛЯ КРОВЛИ 4,8*29 -250шт",495,krepej_i_takelaj/samorezy_shurupy/samorezy_krovelnye,https://optorg.ru/catalog/krepej_i_takelaj/samorezy_shurupy/samorezy_krovelnye/250868/
250869,"САМОРЕЗЫ ОКРАШ. RAL-6005 ДЛЯ КРОВЛИ 4,8*35(38) -200шт",432,krepej_i_takelaj/samorezy_shurupy/samorezy_krovelnye,https://optorg.ru/catalog/krepej_i_takelaj/samorezy_shurupy/samorezy_krovelnye/250869/
250870,"САМОРЕЗЫ ОКРАШ. RAL-8017 ДЛЯ КРОВЛИ 4,8*29 -250шт",495,krepej_i_takelaj/samorezy_shurupy/samorezy_krovelnye,https://optorg.ru/catalog/krepej_i_takelaj/samorezy_shurupy/samorezy_krovelnye/250870/
250883,"САМОРЕЗЫ ОКРАШ. RAL-6005 ДЛЯ КРОВЛИ 4,8*51 -150шт",387,krepej_i_takelaj/samorezy_shurupy/samorezy_krovelnye,https://optorg.ru/catalog/krepej_i_takelaj/samorezy_shurupy/samorezy_krovelnye/250883/
250885,"САМОРЕЗЫ ОКРАШ. RAL-8017 ДЛЯ КРОВЛИ 4,8*51 -150шт",387,krepej_i_takelaj/samorezy_shurupy/samorezy_krovelnye,https://optorg.ru/catalog/krepej_i_takelaj/samorezy_shurupy/samorezy_krovelnye/250885/
250891,"САМОРЕЗЫ ОКРАШ. RAL-5005 ДЛЯ КРОВЛИ 4,8*29 -250шт",495,krepej_i_takelaj/samorezy_shurupy/samorezy_krovelnye,https://optorg.ru/catalog/krepej_i_takelaj/samorezy_shurupy/samorezy_krovelnye/250891/
250925,"KPcZP   САМОРЕЗЫ 6,3*130 оц. для кровли уп.-50шт.",343,krepej_i_takelaj/samorezy_shurupy/samorezy_krovelnye,https://optorg.ru/catalog/krepej_i_takelaj/samorezy_shurupy/samorezy_krovelnye/250925/
250947,"САМОРЕЗЫ ОКРАШ. RAL-6005 ДЛЯ КРОВЛИ 4,8*29 -250шт",495,krepej_i_takelaj/samorezy_shurupy/samorezy_krovelnye,https://optorg.ru/catalog/krepej_i_takelaj/samorezy_shurupy/samorezy_krovelnye/250947/
250949,"KPcZP   САМОРЕЗЫ 4,8*76 оц. для кровли уп.-100шт.",218,krepej_i_takelaj/samorezy_shurupy/samorezy_krovelnye,https://optorg.ru/catalog/krepej_i_takelaj/samorezy_shurupy/samorezy_krovelnye/250949/
251018,"САМОРЕЗЫ ОКРАШ. RAL-3005 ДЛЯ КРОВЛИ 4,8*29 -250шт",495,krepej_i_takelaj/samorezy_shurupy/samorezy_krovelnye,https://optorg.ru/catalog/krepej_i_takelaj/samorezy_shurupy/samorezy_krovelnye/251018/
251026,"KPcZP   САМОРЕЗЫ 5,5*64 оц. для кровли уп.-100 шт.",251,krepej_i_takelaj/samorezy_shurupy/samorezy_krovelnye,https://optorg.ru/catalog/krepej_i_takelaj/samorezy_shurupy/samorezy_krovelnye/251026/
251103,"САМОРЕЗЫ ОКРАШ. RAL-8017 ДЛЯ КРОВЛИ 4,8*35 -250шт",540,krepej_i_takelaj/samorezy_shurupy/samorezy_krovelnye,https://optorg.ru/catalog/krepej_i_takelaj/samorezy_shurupy/samorezy_krovelnye/251103/
251167,"САМОРЕЗЫ ОКРАШ. RAL-3005 ДЛЯ КРОВЛИ 4,8*51 -150шт",387,krepej_i_takelaj/samorezy_shurupy/samorezy_krovelnye,https://optorg.ru/catalog/krepej_i_takelaj/samorezy_shurupy/samorezy_krovelnye/251167/
251181,"САМОРЕЗЫ ОКРАШ. RAL-1014 ДЛЯ КРОВЛИ 4,8*28 -250шт",495,krepej_i_takelaj/samorezy_shurupy/samorezy_krovelnye,https://optorg.ru/catalog/krepej_i_takelaj/samorezy_shurupy/samorezy_krovelnye/251181/
251236,"САМОРЕЗЫ ОКРАШ. RAL-8017 ДЛЯ КРОВЛИ 4,8*35 (38) -200шт",432,krepej_i_takelaj/samorezy_shurupy/samorezy_krovelnye,https://optorg.ru/catalog/krepej_i_takelaj/samorezy_shurupy/samorezy_krovelnye/251236/
251243,"САМОРЕЗЫ ОКРАШ. RAL-3005 ДЛЯ КРОВЛИ 4,8*35 -200шт",432,krepej_i_takelaj/samorezy_shurupy/samorezy_krovelnye,https://optorg.ru/catalog/krepej_i_takelaj/samorezy_shurupy/samorezy_krovelnye/251243/
251282,"САМОРЕЗЫ ОКРАШ. RAL-9003 ДЛЯ КРОВЛИ 5,5*25 -250шт",536,krepej_i_takelaj/samorezy_shurupy/samorezy_krovelnye,https://optorg.ru/catalog/krepej_i_takelaj/samorezy_shurupy/samorezy_krovelnye/251282/
251306,"САМОРЕЗЫ ОКРАШ. RAL-3005 ДЛЯ КРОВЛИ 5,5*19 -250шт",513,krepej_i_takelaj/samorezy_shurupy/samorezy_krovelnye,https://optorg.ru/catalog/krepej_i_takelaj/samorezy_shurupy/samorezy_krovelnye/251306/
251307,"САМОРЕЗЫ ОКРАШ. RAL-6005 ДЛЯ КРОВЛИ 5,5*19 -250шт",513,krepej_i_takelaj/samorezy_shurupy/samorezy_krovelnye,https://optorg.ru/catalog/krepej_i_takelaj/samorezy_shurupy/samorezy_krovelnye/251307/
251308,"САМОРЕЗЫ ОКРАШ. RAL-8017 ДЛЯ КРОВЛИ 5,5*19 -250шт",513,krepej_i_takelaj/samorezy_shurupy/samorezy_krovelnye,https://optorg.ru/catalog/krepej_i_takelaj/samorezy_shurupy/samorezy_krovelnye/251308/
251314,"САМОРЕЗЫ ОКРАШ. RAL-8017 ДЛЯ КРОВЛИ 5,5*25 -250шт",536,krepej_i_takelaj/samorezy_shurupy/samorezy_krovelnye,https://optorg.ru/catalog/krepej_i_takelaj/samorezy_shurupy/samorezy_krovelnye/251314/
251315,"САМОРЕЗЫ ОКРАШ. RAL-5005 ДЛЯ КРОВЛИ 5,5*19 -250шт",513,krepej_i_takelaj/samorezy_shurupy/samorezy_krovelnye,https://optorg.ru/catalog/krepej_i_takelaj/samorezy_shurupy/samorezy_krovelnye/251315/
251328,"САМОРЕЗЫ ОКРАШ. RAL-5005 ДЛЯ КРОВЛИ 5,5*25 -250шт",536,krepej_i_takelaj/samorezy_shurupy/samorezy_krovelnye,https://optorg.ru/catalog/krepej_i_takelaj/samorezy_shurupy/samorezy_krovelnye/251328/
251338,"САМОРЕЗЫ ОКРАШ. RAL-6005 ДЛЯ КРОВЛИ 5,5*25  -250шт",536,krepej_i_takelaj/samorezy_shurupy/samorezy_krovelnye,https://optorg.ru/catalog/krepej_i_takelaj/samorezy_shurupy/samorezy_krovelnye/251338/
251356,"KPcZP   САМОРЕЗЫ 5,5*32 оц. для кровли уп.-200 шт.",332,krepej_i_takelaj/samorezy_shurupy/samorezy_krovelnye,https://optorg.ru/catalog/krepej_i_takelaj/samorezy_shurupy/samorezy_krovelnye/251356/
251366,"САМОРЕЗЫ ОКРАШ. RAL-9003 ДЛЯ КРОВЛИ 5,5*19 -250шт",513,krepej_i_takelaj/samorezy_shurupy/samorezy_krovelnye,https://optorg.ru/catalog/krepej_i_takelaj/samorezy_shurupy/samorezy_krovelnye/251366/
251387,"САМОРЕЗЫ ОКРАШ. RAL-3005  ДЛЯ КРОВЛИ 5,5*25 -250шт",556,krepej_i_takelaj/samorezy_shurupy/samorezy_krovelnye,https://optorg.ru/catalog/krepej_i_takelaj/samorezy_shurupy/samorezy_krovelnye/251387/
251406,"KPcZP   САМОРЕЗЫ 5,5*76 оц. для кровли, уп.-50шт",149,krepej_i_takelaj/samorezy_shurupy/samorezy_krovelnye,https://optorg.ru/catalog/krepej_i_takelaj/samorezy_shurupy/samorezy_krovelnye/251406/
251443,"САМОРЕЗЫ ОКРАШ. RAL-3005 ДЛЯ КРОВЛИ 4,8*70 - 100шт",328,krepej_i_takelaj/samorezy_shurupy/samorezy_krovelnye,https://optorg.ru/catalog/krepej_i_takelaj/samorezy_shurupy/samorezy_krovelnye/251443/
251444,"САМОРЕЗЫ ОКРАШ. RAL-5005  ДЛЯ КРОВЛИ 4,8*70 - 100шт.",328,krepej_i_takelaj/samorezy_shurupy/samorezy_krovelnye,https://optorg.ru/catalog/krepej_i_takelaj/samorezy_shurupy/samorezy_krovelnye/251444/
251445,"САМОРЕЗЫ ОКРАШ. RAL-8017 ДЛЯ КРОВЛИ 4,8*70 -100шт",328,krepej_i_takelaj/samorezy_shurupy/samorezy_krovelnye,https://optorg.ru/catalog/krepej_i_takelaj/samorezy_shurupy/samorezy_krovelnye/251445/
251793,"САМОРЕЗЫ ОКРАШ. RAL-1014 ДЛЯ КРОВЛИ 5,5*25  -250шт",536,krepej_i_takelaj/samorezy_shurupy/samorezy_krovelnye,https://optorg.ru/catalog/krepej_i_takelaj/samorezy_shurupy/samorezy_krovelnye/251793/
251907,"KPcZP   САМОРЕЗЫ 6,3*80 оц. для кровли уп.-50 шт.",194,krepej_i_takelaj/samorezy_shurupy/samorezy_krovelnye,https://optorg.ru/catalog/krepej_i_takelaj/samorezy_shurupy/samorezy_krovelnye/251907/
251935,"САМОРЕЗЫ ОКРАШ. RAL-6002 ДЛЯ КРОВЛИ 4,8*29 -250шт",545,krepej_i_takelaj/samorezy_shurupy/samorezy_krovelnye,https://optorg.ru/catalog/krepej_i_takelaj/samorezy_shurupy/samorezy_krovelnye/251935/
251936,"САМОРЕЗЫ ОКРАШ. RAL-6002 ДЛЯ КРОВЛИ 4,8*35 -200шт",471,krepej_i_takelaj/samorezy_shurupy/samorezy_krovelnye,https://optorg.ru/catalog/krepej_i_takelaj/samorezy_shurupy/samorezy_krovelnye/251936/
251939,"САМОРЕЗЫ ОКРАШ. RAL-7004 ДЛЯ КРОВЛИ 4,8*29 -250шт",495,krepej_i_takelaj/samorezy_shurupy/samorezy_krovelnye,https://optorg.ru/catalog/krepej_i_takelaj/samorezy_shurupy/samorezy_krovelnye/251939/
251941,"САМОРЕЗЫ ОКРАШ. RAL-7004 ДЛЯ КРОВЛИ 5,5*25  -250шт",536,krepej_i_takelaj/samorezy_shurupy/samorezy_krovelnye,https://optorg.ru/catalog/krepej_i_takelaj/samorezy_shurupy/samorezy_krovelnye/251941/
251957,"САМОРЕЗЫ ОКРАШ. RAL-7004 ДЛЯ КРОВЛИ 4,8*38 -250шт",540,krepej_i_takelaj/samorezy_shurupy/samorezy_krovelnye,https://optorg.ru/catalog/krepej_i_takelaj/samorezy_shurupy/samorezy_krovelnye/251957/
251958,"САМОРЕЗЫ ОКРАШ. RAL-7004 ДЛЯ КРОВЛИ 5,5*19  -250шт",513,krepej_i_takelaj/samorezy_shurupy/samorezy_krovelnye,https://optorg.ru/catalog/krepej_i_takelaj/samorezy_shurupy/samorezy_krovelnye/251958/
251996,"САМОРЕЗЫ ОКРАШ. RAL-7004 ДЛЯ КРОВЛИ 5,5*25  -300шт",643,krepej_i_takelaj/samorezy_shurupy/samorezy_krovelnye,https://optorg.ru/catalog/krepej_i_takelaj/samorezy_shurupy/samorezy_krovelnye/251996/
252008,"САМОРЕЗЫ ОКРАШ. RAL-1014 ДЛЯ КРОВЛИ 4,8*35 -200шт",432,krepej_i_takelaj/samorezy_shurupy/samorezy_krovelnye,https://optorg.ru/catalog/krepej_i_takelaj/samorezy_shurupy/samorezy_krovelnye/252008/
252010,"САМОРЕЗЫ ОКРАШ. RAL-6002 ДЛЯ КРОВЛИ 5,5*19 -250шт",513,krepej_i_takelaj/samorezy_shurupy/samorezy_krovelnye,https://optorg.ru/catalog/krepej_i_takelaj/samorezy_shurupy/samorezy_krovelnye/252010/
252242,"KPcZP   САМОРЕЗЫ 6,3*32 оц. для кровли, уп-150шт.",348,krepej_i_takelaj/samorezy_shurupy/samorezy_krovelnye,https://optorg.ru/catalog/krepej_i_takelaj/samorezy_shurupy/samorezy_krovelnye/252242/
252256,"KPcZP   САМОРЕЗЫ 6,3*38 оц. для кровли, уп.-150шт.",386,krepej_i_takelaj/samorezy_shurupy/samorezy_krovelnye,https://optorg.ru/catalog/krepej_i_takelaj/samorezy_shurupy/samorezy_krovelnye/252256/
252260,"KPcZP   САМОРЕЗЫ 4,8*29 оц. для кровли, уп.-250шт.",321,krepej_i_takelaj/samorezy_shurupy/samorezy_krovelnye,https://optorg.ru/catalog/krepej_i_takelaj/samorezy_shurupy/samorezy_krovelnye/252260/
252393,"KPcZP   САМОРЕЗЫ 4,8*70 оц. для кровли уп.-100шт.",208,krepej_i_takelaj/samorezy_shurupy/samorezy_krovelnye,https://optorg.ru/catalog/krepej_i_takelaj/samorezy_shurupy/samorezy_krovelnye/252393/
252495,"KPcZP   САМОРЕЗЫ 4,8*50(51) оц. для кровли, уп.-150 шт.",249,krepej_i_takelaj/samorezy_shurupy/samorezy_krovelnye,https://optorg.ru/catalog/krepej_i_takelaj/samorezy_shurupy/samorezy_krovelnye/252495/
252963,"KPcZP   САМОРЕЗЫ  4,8*60 оц. для кровли уп.-150шт.",287,krepej_i_takelaj/samorezy_shurupy/samorezy_krovelnye,https://optorg.ru/catalog/krepej_i_takelaj/samorezy_shurupy/samorezy_krovelnye/252963/
253081,"САМОРЕЗЫ ОКРАШ. RAL-1014 ДЛЯ КРОВЛИ 4,8*51 -150шт",387,krepej_i_takelaj/samorezy_shurupy/samorezy_krovelnye,https://optorg.ru/catalog/krepej_i_takelaj/samorezy_shurupy/samorezy_krovelnye/253081/
253124,"KPcZP   САМОРЕЗЫ 5,5*51 оц. для кровли уп.-100 шт.",212,krepej_i_takelaj/samorezy_shurupy/samorezy_krovelnye,https://optorg.ru/catalog/krepej_i_takelaj/samorezy_shurupy/samorezy_krovelnye/253124/
253358,"KPcZP   САМОРЕЗЫ 5,5*38 оц. для кровли, уп.-150шт",265,krepej_i_takelaj/samorezy_shurupy/samorezy_krovelnye,https://optorg.ru/catalog/krepej_i_takelaj/samorezy_shurupy/samorezy_krovelnye/253358/
253572,"KPcZP   САМОРЕЗЫ 6,3*90 оц. для кровли, уп.-50шт",227,krepej_i_takelaj/samorezy_shurupy/samorezy_krovelnye,https://optorg.ru/catalog/krepej_i_takelaj/samorezy_shurupy/samorezy_krovelnye/253572/
253626,"KPcZP   САМОРЕЗЫ 4,8*80 оц. для кровли уп.-100шт.",250,krepej_i_takelaj/samorezy_shurupy/samorezy_krovelnye,https://optorg.ru/catalog/krepej_i_takelaj/samorezy_shurupy/samorezy_krovelnye/253626/
253768,"KPcZP   САМОРЕЗЫ 6,3*70 оц. для кровли уп.-50 шт.",192,krepej_i_takelaj/samorezy_shurupy/samorezy_krovelnye,https://optorg.ru/catalog/krepej_i_takelaj/samorezy_shurupy/samorezy_krovelnye/253768/
254038,"KPcZP   САМОРЕЗЫ 5,5*32 оц. для кровли   УДЛИН. СВЕРЛО, уп.-250шт",727,krepej_i_takelaj/samorezy_shurupy/samorezy_krovelnye,https://optorg.ru/catalog/krepej_i_takelaj/samorezy_shurupy/samorezy_krovelnye/254038/
300259,"KPcZP   САМОРЕЗЫ 6,3*60 оц. для кровли, уп.-100шт",349,krepej_i_takelaj/samorezy_shurupy/samorezy_krovelnye,https://optorg.ru/catalog/krepej_i_takelaj/samorezy_shurupy/samorezy_krovelnye/300259/
302962,"KPcZP   САМОРЕЗЫ 5,5*38 оц. для кровли   УДЛИН. СВЕРЛО, уп.-200шт",627,krepej_i_takelaj/samorezy_shurupy/samorezy_krovelnye,https://optorg.ru/catalog/krepej_i_takelaj/samorezy_shurupy/samorezy_krovelnye/302962/
339167,"САМОРЕЗЫ ОКРАШ. RAL-1014 ДЛЯ КРОВЛИ 4,8*35 -250шт",540,krepej_i_takelaj/samorezy_shurupy/samorezy_krovelnye,https://optorg.ru/catalog/krepej_i_takelaj/samorezy_shurupy/samorezy_krovelnye/339167/
442243,"KPcZP   САМОРЕЗЫ 5,5*25 оц. для кровли   УДЛИН. СВЕРЛО, уп.-350 шт",833,krepej_i_takelaj/samorezy_shurupy/samorezy_krovelnye,https://optorg.ru/catalog/krepej_i_takelaj/samorezy_shurupy/samorezy_krovelnye/442243/
460688,"KPcZP   САМОРЕЗЫ 4,8*64 (65) оц. для кровли уп.-150шт.",380,krepej_i_takelaj/samorezy_shurupy/samorezy_krovelnye,https://optorg.ru/catalog/krepej_i_takelaj/samorezy_shurupy/samorezy_krovelnye/460688/
462394,"KPcZP   САМОРЕЗЫ 4,8*102 оц. для кровли уп.-50шт.",220,krepej_i_takelaj/samorezy_shurupy/samorezy_krovelnye,https://optorg.ru/catalog/krepej_i_takelaj/samorezy_shurupy/samorezy_krovelnye/462394/
463700,"САМОРЕЗЫ ОКРАШ. RAL-8019 ДЛЯ КРОВЛИ 5,5*19 -250шт",513,krepej_i_takelaj/samorezy_shurupy/samorezy_krovelnye,https://optorg.ru/catalog/krepej_i_takelaj/samorezy_shurupy/samorezy_krovelnye/463700/
463701,"САМОРЕЗЫ ОКРАШ. RAL-7024 ДЛЯ КРОВЛИ 4,8*35 -250шт",540,krepej_i_takelaj/samorezy_shurupy/samorezy_krovelnye,https://optorg.ru/catalog/krepej_i_takelaj/samorezy_shurupy/samorezy_krovelnye/463701/
463702,"САМОРЕЗЫ ОКРАШ. RAL-8019 ДЛЯ КРОВЛИ 4,8*29 -250шт",517,krepej_i_takelaj/samorezy_shurupy/samorezy_krovelnye,https://optorg.ru/catalog/krepej_i_takelaj/samorezy_shurupy/samorezy_krovelnye/463702/
463704,"САМОРЕЗЫ ОКРАШ. RAL-7024 ДЛЯ КРОВЛИ 5,5*25  -250шт",536,krepej_i_takelaj/samorezy_shurupy/samorezy_krovelnye,https://optorg.ru/catalog/krepej_i_takelaj/samorezy_shurupy/samorezy_krovelnye/463704/
463705,"САМОРЕЗЫ ОКРАШ. RAL-8019 ДЛЯ КРОВЛИ 4,8*51 -150шт",426,krepej_i_takelaj/samorezy_shurupy/samorezy_krovelnye,https://optorg.ru/catalog/krepej_i_takelaj/samorezy_shurupy/samorezy_krovelnye/463705/
463706,"САМОРЕЗЫ ОКРАШ. RAL-8019 ДЛЯ КРОВЛИ 4,8*35 -200шт",432,krepej_i_takelaj/samorezy_shurupy/samorezy_krovelnye,https://optorg.ru/catalog/krepej_i_takelaj/samorezy_shurupy/samorezy_krovelnye/463706/
463707,"САМОРЕЗЫ ОКРАШ. RAL-8019 ДЛЯ КРОВЛИ 4,8*70 -100шт",328,krepej_i_takelaj/samorezy_shurupy/samorezy_krovelnye,https://optorg.ru/catalog/krepej_i_takelaj/samorezy_shurupy/samorezy_krovelnye/463707/
463708,"САМОРЕЗЫ ОКРАШ. RAL-7024 ДЛЯ КРОВЛИ 4,8*29 -250шт",495,krepej_i_takelaj/samorezy_shurupy/samorezy_krovelnye,https://optorg.ru/catalog/krepej_i_takelaj/samorezy_shurupy/samorezy_krovelnye/463708/
463709,"САМОРЕЗЫ ОКРАШ. RAL-8019 ДЛЯ КРОВЛИ 5,5*25 -250шт",536,krepej_i_takelaj/samorezy_shurupy/samorezy_krovelnye,https://optorg.ru/catalog/krepej_i_takelaj/samorezy_shurupy/samorezy_krovelnye/463709/
463710,"САМОРЕЗЫ ОКРАШ. RAL-7024 ДЛЯ КРОВЛИ 5,5*19  -250шт",556,krepej_i_takelaj/samorezy_shurupy/samorezy_krovelnye,https://optorg.ru/catalog/krepej_i_takelaj/samorezy_shurupy/samorezy_krovelnye/463710/
468369,"САМОРЕЗЫ ОКРАШ. RAL-1014 ДЛЯ КРОВЛИ 5,5*19 -250шт",513,krepej_i_takelaj/samorezy_shurupy/samorezy_krovelnye,https://optorg.ru/catalog/krepej_i_takelaj/samorezy_shurupy/samorezy_krovelnye/468369/
469156,"САМОРЕЗЫ ОКРАШ. RAL-6002 ДЛЯ КРОВЛИ 5,5*25  -300шт",643,krepej_i_takelaj/samorezy_shurupy/samorezy_krovelnye,https://optorg.ru/catalog/krepej_i_takelaj/samorezy_shurupy/samorezy_krovelnye/469156/
471443,"САМОРЕЗЫ ОКРАШ. RAL-7024 ДЛЯ КРОВЛИ 4,8*35 -200шт",432,krepej_i_takelaj/samorezy_shurupy/samorezy_krovelnye,https://optorg.ru/catalog/krepej_i_takelaj/samorezy_shurupy/samorezy_krovelnye/471443/
475708,"САМОРЕЗЫ ОКРАШ. RAL-7004 ДЛЯ КРОВЛИ 4,8*35(38) -200шт",432,krepej_i_takelaj/samorezy_shurupy/samorezy_krovelnye,https://optorg.ru/catalog/krepej_i_takelaj/samorezy_shurupy/samorezy_krovelnye/475708/
480452,"САМОРЕЗЫ ОКРАШ. RAL-9003 ДЛЯ КРОВЛИ 4,8*35(38) -250шт",540,krepej_i_takelaj/samorezy_shurupy/samorezy_krovelnye,https://optorg.ru/catalog/krepej_i_takelaj/samorezy_shurupy/samorezy_krovelnye/480452/
481617,"KPcZP   САМОРЕЗЫ 4,8*19 оц. для кровли, уп.-300шт.",365,krepej_i_takelaj/samorezy_shurupy/samorezy_krovelnye,https://optorg.ru/catalog/krepej_i_takelaj/samorezy_shurupy/samorezy_krovelnye/481617/
496355,"САМОРЕЗЫ ОКРАШ. RAL-6002 ДЛЯ КРОВЛИ 5,5*19 -400шт",822,krepej_i_takelaj/samorezy_shurupy/samorezy_krovelnye,https://optorg.ru/catalog/krepej_i_takelaj/samorezy_shurupy/samorezy_krovelnye/496355/
250680,"R-19 САМОРЕЗЫ ПО ГВЛ 3,9*19  уп.-1000 шт.",340,krepej_i_takelaj/samorezy_shurupy/samorezy_po_derevu_dlya_gvl,https://optorg.ru/catalog/krepej_i_takelaj/samorezy_shurupy/samorezy_po_derevu_dlya_gvl/250680/
250706,"R-30 САМОРЕЗЫ ПО ГВЛ 3,9*30  уп.-1000 шт.",402,krepej_i_takelaj/samorezy_shurupy/samorezy_po_derevu_dlya_gvl,https://optorg.ru/catalog/krepej_i_takelaj/samorezy_shurupy/samorezy_po_derevu_dlya_gvl/250706/
250798,"R-25 САМОРЕЗЫ ПО ГВЛ 3,9*25  уп.-1000 шт.",360,krepej_i_takelaj/samorezy_shurupy/samorezy_po_derevu_dlya_gvl,https://optorg.ru/catalog/krepej_i_takelaj/samorezy_shurupy/samorezy_po_derevu_dlya_gvl/250798/
252603,"R-45 САМОРЕЗЫ ПО ГВЛ 3,9*45  уп.- 1000 шт.",564,krepej_i_takelaj/samorezy_shurupy/samorezy_po_derevu_dlya_gvl,https://optorg.ru/catalog/krepej_i_takelaj/samorezy_shurupy/samorezy_po_derevu_dlya_gvl/252603/
250646,"WSE САМОРЕЗЫ оксид.  3,5*9,5  уп.-1000 шт.",318,krepej_i_takelaj/samorezy_shurupy/samorezy_po_metallu_klopy,https://optorg.ru/catalog/krepej_i_takelaj/samorezy_shurupy/samorezy_po_metallu_klopy/250646/
250648,"RD САМОРЕЗЫ оксид. сверло 3,5*9,5 уп.-1000шт",353,krepej_i_takelaj/samorezy_shurupy/samorezy_po_metallu_klopy,https://optorg.ru/catalog/krepej_i_takelaj/samorezy_shurupy/samorezy_po_metallu_klopy/250648/
250649,"RD САМОРЕЗЫ оксид. сверло 3,5*11 уп.-1000шт",365,krepej_i_takelaj/samorezy_shurupy/samorezy_po_metallu_klopy,https://optorg.ru/catalog/krepej_i_takelaj/samorezy_shurupy/samorezy_po_metallu_klopy/250649/
250679,"WSE САМОРЕЗЫ оксид.  3,5*11  уп.-1000 шт.",340,krepej_i_takelaj/samorezy_shurupy/samorezy_po_metallu_klopy,https://optorg.ru/catalog/krepej_i_takelaj/samorezy_shurupy/samorezy_po_metallu_klopy/250679/
252936,"WSE САМОРЕЗЫ оксид.  3,5*11  упаковка-100 шт.",61,krepej_i_takelaj/samorezy_shurupy/samorezy_po_metallu_klopy,https://optorg.ru/catalog/krepej_i_takelaj/samorezy_shurupy/samorezy_po_metallu_klopy/252936/
252937,"RD САМОРЕЗЫ оксид. сверло 3,5*9,5 упаковка-100шт",72,krepej_i_takelaj/samorezy_shurupy/samorezy_po_metallu_klopy,https://optorg.ru/catalog/krepej_i_takelaj/samorezy_shurupy/samorezy_po_metallu_klopy/252937/
252938,"RD САМОРЕЗЫ оксид. сверло 3,5*11 упаковка-100шт",73,krepej_i_takelaj/samorezy_shurupy/samorezy_po_metallu_klopy,https://optorg.ru/catalog/krepej_i_takelaj/samorezy_shurupy/samorezy_po_metallu_klopy/252938/
252944,"WSE САМОРЕЗЫ оксид.  3,5*9,5  упаковка-100 шт.",60,krepej_i_takelaj/samorezy_shurupy/samorezy_po_metallu_klopy,https://optorg.ru/catalog/krepej_i_takelaj/samorezy_shurupy/samorezy_po_metallu_klopy/252944/
401651,"Саморез флюгельный  5,5х70   упак - 100шт",1250,krepej_i_takelaj/samorezy_shurupy/samorez_derevo_k_metallu,https://optorg.ru/catalog/krepej_i_takelaj/samorezy_shurupy/samorez_derevo_k_metallu/401651/
401652,"Саморез флюгельный  5,5х45   упак - 200шт",1740,krepej_i_takelaj/samorezy_shurupy/samorez_derevo_k_metallu,https://optorg.ru/catalog/krepej_i_takelaj/samorezy_shurupy/samorez_derevo_k_metallu/401652/
401655,"Саморез флюгельный  6,3х60   упак - 100шт",1469,krepej_i_takelaj/samorezy_shurupy/samorez_derevo_k_metallu,https://optorg.ru/catalog/krepej_i_takelaj/samorezy_shurupy/samorez_derevo_k_metallu/401655/
401658,"Саморез флюгельный  6,3х70   упак - 100шт",1658,krepej_i_takelaj/samorezy_shurupy/samorez_derevo_k_metallu,https://optorg.ru/catalog/krepej_i_takelaj/samorezy_shurupy/samorez_derevo_k_metallu/401658/
401659,"Саморез флюгельный  6,3х80   упак - 100шт",1856,krepej_i_takelaj/samorezy_shurupy/samorez_derevo_k_metallu,https://optorg.ru/catalog/krepej_i_takelaj/samorezy_shurupy/samorez_derevo_k_metallu/401659/
401664,"Саморез флюгельный  4,8х38   упак - 500шт",2230,krepej_i_takelaj/samorezy_shurupy/samorez_derevo_k_metallu,https://optorg.ru/catalog/krepej_i_takelaj/samorezy_shurupy/samorez_derevo_k_metallu/401664/
401671,"Саморез флюгельный  4,8х32   упак - 500шт",2122,krepej_i_takelaj/samorezy_shurupy/samorez_derevo_k_metallu,https://optorg.ru/catalog/krepej_i_takelaj/samorezy_shurupy/samorez_derevo_k_metallu/401671/
401672,"Саморез флюгельный  5,5х38   упак - 200шт",1724,krepej_i_takelaj/samorezy_shurupy/samorez_derevo_k_metallu,https://optorg.ru/catalog/krepej_i_takelaj/samorezy_shurupy/samorez_derevo_k_metallu/401672/
401673,"Саморез флюгельный  5,5х50   упак - 200шт",1895,krepej_i_takelaj/samorezy_shurupy/samorez_derevo_k_metallu,https://optorg.ru/catalog/krepej_i_takelaj/samorezy_shurupy/samorez_derevo_k_metallu/401673/
401677,"Саморез флюгельный  6,3х100   упак - 100шт",2262,krepej_i_takelaj/samorezy_shurupy/samorez_derevo_k_metallu,https://optorg.ru/catalog/krepej_i_takelaj/samorezy_shurupy/samorez_derevo_k_metallu/401677/
419344,"Саморез флюгельный  5,5х60   упак - 100шт",1095,krepej_i_takelaj/samorezy_shurupy/samorez_derevo_k_metallu,https://optorg.ru/catalog/krepej_i_takelaj/samorezy_shurupy/samorez_derevo_k_metallu/419344/
250671,"САМОРЕЗ  УНИВЕРСАЛЬНЫЙ 3,0*35  уп.- 1000 шт.",384,krepej_i_takelaj/samorezy_shurupy/samorezy_universalnye,https://optorg.ru/catalog/krepej_i_takelaj/samorezy_shurupy/samorezy_universalnye/250671/
250672,"САМОРЕЗ  УНИВЕРСАЛЬНЫЙ 4,0*20  уп.- 1000 шт.",376,krepej_i_takelaj/samorezy_shurupy/samorezy_universalnye,https://optorg.ru/catalog/krepej_i_takelaj/samorezy_shurupy/samorezy_universalnye/250672/
250674,"САМОРЕЗ  УНИВЕРСАЛЬНЫЙ 4,5*35  уп.- 500 шт.",351,krepej_i_takelaj/samorezy_shurupy/samorezy_universalnye,https://optorg.ru/catalog/krepej_i_takelaj/samorezy_shurupy/samorezy_universalnye/250674/
250675,"САМОРЕЗ  УНИВЕРСАЛЬНЫЙ 4,5*40  уп.- 500 шт.",392,krepej_i_takelaj/samorezy_shurupy/samorezy_universalnye,https://optorg.ru/catalog/krepej_i_takelaj/samorezy_shurupy/samorezy_universalnye/250675/
250676,"САМОРЕЗ  УНИВЕРСАЛЬНЫЙ 5,0*30  уп.- 500 шт.",360,krepej_i_takelaj/samorezy_shurupy/samorezy_universalnye,https://optorg.ru/catalog/krepej_i_takelaj/samorezy_shurupy/samorezy_universalnye/250676/
250681,"САМОРЕЗ  УНИВЕРСАЛЬНЫЙ 3,0*20  уп.- 1000 шт.",239,krepej_i_takelaj/samorezy_shurupy/samorezy_universalnye,https://optorg.ru/catalog/krepej_i_takelaj/samorezy_shurupy/samorezy_universalnye/250681/
250682,"САМОРЕЗ  УНИВЕРСАЛЬНЫЙ 3,0*30  уп.- 1000 шт.",348,krepej_i_takelaj/samorezy_shurupy/samorezy_universalnye,https://optorg.ru/catalog/krepej_i_takelaj/samorezy_shurupy/samorezy_universalnye/250682/
250683,"САМОРЕЗ  УНИВЕРСАЛЬНЫЙ 3,5*20  уп.- 1000 шт.",315,krepej_i_takelaj/samorezy_shurupy/samorezy_universalnye,https://optorg.ru/catalog/krepej_i_takelaj/samorezy_shurupy/samorezy_universalnye/250683/
250684,"САМОРЕЗ  УНИВЕРСАЛЬНЫЙ 3,5*25  уп.- 1000 шт.",339,krepej_i_takelaj/samorezy_shurupy/samorezy_universalnye,https://optorg.ru/catalog/krepej_i_takelaj/samorezy_shurupy/samorezy_universalnye/250684/
250685,"САМОРЕЗ  УНИВЕРСАЛЬНЫЙ 3,5*30  уп.- 1000 шт.",375,krepej_i_takelaj/samorezy_shurupy/samorezy_universalnye,https://optorg.ru/catalog/krepej_i_takelaj/samorezy_shurupy/samorezy_universalnye/250685/
250687,"САМОРЕЗ  УНИВЕРСАЛЬНЫЙ 4,0*35  уп.- 1000 шт.",514,krepej_i_takelaj/samorezy_shurupy/samorezy_universalnye,https://optorg.ru/catalog/krepej_i_takelaj/samorezy_shurupy/samorezy_universalnye/250687/
250688,"САМОРЕЗ  УНИВЕРСАЛЬНЫЙ 4,0*45  уп.- 500 шт.",320,krepej_i_takelaj/samorezy_shurupy/samorezy_universalnye,https://optorg.ru/catalog/krepej_i_takelaj/samorezy_shurupy/samorezy_universalnye/250688/
250690,"САМОРЕЗ  УНИВЕРСАЛЬНЫЙ 4,5*20  уп.- 1000 шт.",388,krepej_i_takelaj/samorezy_shurupy/samorezy_universalnye,https://optorg.ru/catalog/krepej_i_takelaj/samorezy_shurupy/samorezy_universalnye/250690/
250691,"САМОРЕЗ  УНИВЕРСАЛЬНЫЙ 4,5*30  уп.- 500 шт.",312,krepej_i_takelaj/samorezy_shurupy/samorezy_universalnye,https://optorg.ru/catalog/krepej_i_takelaj/samorezy_shurupy/samorezy_universalnye/250691/
250692,"САМОРЕЗ  УНИВЕРСАЛЬНЫЙ 4,5*45  уп.- 500 шт.",407,krepej_i_takelaj/samorezy_shurupy/samorezy_universalnye,https://optorg.ru/catalog/krepej_i_takelaj/samorezy_shurupy/samorezy_universalnye/250692/
250693,"САМОРЕЗ  УНИВЕРСАЛЬНЫЙ 5,0*25  уп.- 500 шт.",321,krepej_i_takelaj/samorezy_shurupy/samorezy_universalnye,https://optorg.ru/catalog/krepej_i_takelaj/samorezy_shurupy/samorezy_universalnye/250693/
250694,"САМОРЕЗ  УНИВЕРСАЛЬНЫЙ 5,0*35  уп.- 500 шт.",423,krepej_i_takelaj/samorezy_shurupy/samorezy_universalnye,https://optorg.ru/catalog/krepej_i_takelaj/samorezy_shurupy/samorezy_universalnye/250694/
250730,"САМОРЕЗ  УНИВЕРСАЛЬНЫЙ 6,0*80  уп.- 100 шт.",252,krepej_i_takelaj/samorezy_shurupy/samorezy_universalnye,https://optorg.ru/catalog/krepej_i_takelaj/samorezy_shurupy/samorezy_universalnye/250730/
250734,"САМОРЕЗ  УНИВЕРСАЛЬНЫЙ 3,5*35  уп.- 1000 шт.",423,krepej_i_takelaj/samorezy_shurupy/samorezy_universalnye,https://optorg.ru/catalog/krepej_i_takelaj/samorezy_shurupy/samorezy_universalnye/250734/
250735,"САМОРЕЗ  УНИВЕРСАЛЬНЫЙ 3,5*45  уп.- 500 шт.",255,krepej_i_takelaj/samorezy_shurupy/samorezy_universalnye,https://optorg.ru/catalog/krepej_i_takelaj/samorezy_shurupy/samorezy_universalnye/250735/
250738,"САМОРЕЗ  УНИВЕРСАЛЬНЫЙ 4,0*16  уп.- 1000 шт.",342,krepej_i_takelaj/samorezy_shurupy/samorezy_universalnye,https://optorg.ru/catalog/krepej_i_takelaj/samorezy_shurupy/samorezy_universalnye/250738/
250760,"САМОРЕЗ  УНИВЕРСАЛЬНЫЙ 5,0*80  уп.- 200 шт.",324,krepej_i_takelaj/samorezy_shurupy/samorezy_universalnye,https://optorg.ru/catalog/krepej_i_takelaj/samorezy_shurupy/samorezy_universalnye/250760/
250771,"САМОРЕЗ  УНИВЕРСАЛЬНЫЙ 4,5*80  уп.- 200 шт.",301,krepej_i_takelaj/samorezy_shurupy/samorezy_universalnye,https://optorg.ru/catalog/krepej_i_takelaj/samorezy_shurupy/samorezy_universalnye/250771/
250772,"САМОРЕЗ  УНИВЕРСАЛЬНЫЙ 5,0*120  уп.- 100 шт.",260,krepej_i_takelaj/samorezy_shurupy/samorezy_universalnye,https://optorg.ru/catalog/krepej_i_takelaj/samorezy_shurupy/samorezy_universalnye/250772/
250805,"САМОРЕЗ  УНИВЕРСАЛЬНЫЙ 3,0*12  уп.- 1000 шт.",232,krepej_i_takelaj/samorezy_shurupy/samorezy_universalnye,https://optorg.ru/catalog/krepej_i_takelaj/samorezy_shurupy/samorezy_universalnye/250805/
250806,"САМОРЕЗ  УНИВЕРСАЛЬНЫЙ 3,0*16  уп.- 1000 шт.",238,krepej_i_takelaj/samorezy_shurupy/samorezy_universalnye,https://optorg.ru/catalog/krepej_i_takelaj/samorezy_shurupy/samorezy_universalnye/250806/
250807,"САМОРЕЗ  УНИВЕРСАЛЬНЫЙ 3,0*25  уп.- 1000 шт.",322,krepej_i_takelaj/samorezy_shurupy/samorezy_universalnye,https://optorg.ru/catalog/krepej_i_takelaj/samorezy_shurupy/samorezy_universalnye/250807/
250808,"САМОРЕЗ  УНИВЕРСАЛЬНЫЙ 3,5*16  уп.- 1000 шт.",268,krepej_i_takelaj/samorezy_shurupy/samorezy_universalnye,https://optorg.ru/catalog/krepej_i_takelaj/samorezy_shurupy/samorezy_universalnye/250808/
250809,"САМОРЕЗ  УНИВЕРСАЛЬНЫЙ 4,0*25  уп.- 1000 шт.",394,krepej_i_takelaj/samorezy_shurupy/samorezy_universalnye,https://optorg.ru/catalog/krepej_i_takelaj/samorezy_shurupy/samorezy_universalnye/250809/
250810,"САМОРЕЗ  УНИВЕРСАЛЬНЫЙ 4,0*30  уп.- 1000 шт.",453,krepej_i_takelaj/samorezy_shurupy/samorezy_universalnye,https://optorg.ru/catalog/krepej_i_takelaj/samorezy_shurupy/samorezy_universalnye/250810/
250811,"САМОРЕЗ  УНИВЕРСАЛЬНЫЙ 4,0*40  уп.- 500 шт.",309,krepej_i_takelaj/samorezy_shurupy/samorezy_universalnye,https://optorg.ru/catalog/krepej_i_takelaj/samorezy_shurupy/samorezy_universalnye/250811/
250812,"САМОРЕЗ  УНИВЕРСАЛЬНЫЙ 4,0*50  уп.- 500 шт.",365,krepej_i_takelaj/samorezy_shurupy/samorezy_universalnye,https://optorg.ru/catalog/krepej_i_takelaj/samorezy_shurupy/samorezy_universalnye/250812/
250813,"САМОРЕЗ  УНИВЕРСАЛЬНЫЙ 5,0*40  уп.- 500 шт.",462,krepej_i_takelaj/samorezy_shurupy/samorezy_universalnye,https://optorg.ru/catalog/krepej_i_takelaj/samorezy_shurupy/samorezy_universalnye/250813/
250816,"САМОРЕЗ  УНИВЕРСАЛЬНЫЙ 6,0*60  уп.- 200 шт.",415,krepej_i_takelaj/samorezy_shurupy/samorezy_universalnye,https://optorg.ru/catalog/krepej_i_takelaj/samorezy_shurupy/samorezy_universalnye/250816/
250836,"САМОРЕЗ  УНИВЕРСАЛЬНЫЙ 4,0*60  уп.- 250 шт.",199,krepej_i_takelaj/samorezy_shurupy/samorezy_universalnye,https://optorg.ru/catalog/krepej_i_takelaj/samorezy_shurupy/samorezy_universalnye/250836/
250843,"САМОРЕЗ  УНИВЕРСАЛЬНЫЙ 3,5*40  уп.- 500 шт.",222,krepej_i_takelaj/samorezy_shurupy/samorezy_universalnye,https://optorg.ru/catalog/krepej_i_takelaj/samorezy_shurupy/samorezy_universalnye/250843/
250844,"САМОРЕЗ  УНИВЕРСАЛЬНЫЙ 5,0*70  уп.- 200 шт.",295,krepej_i_takelaj/samorezy_shurupy/samorezy_universalnye,https://optorg.ru/catalog/krepej_i_takelaj/samorezy_shurupy/samorezy_universalnye/250844/
250845,"САМОРЕЗ  УНИВЕРСАЛЬНЫЙ 5,0*90  уп.- 100 шт.",222,krepej_i_takelaj/samorezy_shurupy/samorezy_universalnye,https://optorg.ru/catalog/krepej_i_takelaj/samorezy_shurupy/samorezy_universalnye/250845/
250846,"САМОРЕЗ  УНИВЕРСАЛЬНЫЙ 5,0*100  уп.- 100 шт.",240,krepej_i_takelaj/samorezy_shurupy/samorezy_universalnye,https://optorg.ru/catalog/krepej_i_takelaj/samorezy_shurupy/samorezy_universalnye/250846/
250847,"САМОРЕЗ  УНИВЕРСАЛЬНЫЙ 6,0*90  уп.- 100 шт.",260,krepej_i_takelaj/samorezy_shurupy/samorezy_universalnye,https://optorg.ru/catalog/krepej_i_takelaj/samorezy_shurupy/samorezy_universalnye/250847/
250848,"САМОРЕЗ  УНИВЕРСАЛЬНЫЙ 6,0*100  уп.-100шт.",313,krepej_i_takelaj/samorezy_shurupy/samorezy_universalnye,https://optorg.ru/catalog/krepej_i_takelaj/samorezy_shurupy/samorezy_universalnye/250848/
250849,"САМОРЕЗ  УНИВЕРСАЛЬНЫЙ 6,0*120  уп.-100шт.",370,krepej_i_takelaj/samorezy_shurupy/samorezy_universalnye,https://optorg.ru/catalog/krepej_i_takelaj/samorezy_shurupy/samorezy_universalnye/250849/
250863,"САМОРЕЗ  УНИВЕРСАЛЬНЫЙ 5,0*60  уп.- 200 шт.",258,krepej_i_takelaj/samorezy_shurupy/samorezy_universalnye,https://optorg.ru/catalog/krepej_i_takelaj/samorezy_shurupy/samorezy_universalnye/250863/
250946,"САМОРЕЗ  УНИВЕРСАЛЬНЫЙ 6,0*70  уп.- 100 шт.",219,krepej_i_takelaj/samorezy_shurupy/samorezy_universalnye,https://optorg.ru/catalog/krepej_i_takelaj/samorezy_shurupy/samorezy_universalnye/250946/
250970,"САМОРЕЗ  УНИВЕРСАЛЬНЫЙ 4,5*30  уп.- 1000 шт.",624,krepej_i_takelaj/samorezy_shurupy/samorezy_universalnye,https://optorg.ru/catalog/krepej_i_takelaj/samorezy_shurupy/samorezy_universalnye/250970/
251039,"САМОРЕЗ  УНИВЕРСАЛЬНЫЙ 6,0*140  уп.-50шт.",213,krepej_i_takelaj/samorezy_shurupy/samorezy_universalnye,https://optorg.ru/catalog/krepej_i_takelaj/samorezy_shurupy/samorezy_universalnye/251039/
251041,"САМОРЕЗ  УНИВЕРСАЛЬНЫЙ 6,0*180  уп.-50 шт.",316,krepej_i_takelaj/samorezy_shurupy/samorezy_universalnye,https://optorg.ru/catalog/krepej_i_takelaj/samorezy_shurupy/samorezy_universalnye/251041/
251200,"САМОРЕЗ  УНИВЕРСАЛЬНЫЙ 5,0*80  уп.- 100 шт.",162,krepej_i_takelaj/samorezy_shurupy/samorezy_universalnye,https://optorg.ru/catalog/krepej_i_takelaj/samorezy_shurupy/samorezy_universalnye/251200/
251390,"САМОРЕЗ  УНИВЕРСАЛЬНЫЙ 6,0*40  уп.- 300 шт.",400,krepej_i_takelaj/samorezy_shurupy/samorezy_universalnye,https://optorg.ru/catalog/krepej_i_takelaj/samorezy_shurupy/samorezy_universalnye/251390/
252080,"САМОРЕЗ  УНИВЕРСАЛЬНЫЙ 3,0*40  уп.- 1000 шт.",364,krepej_i_takelaj/samorezy_shurupy/samorezy_universalnye,https://optorg.ru/catalog/krepej_i_takelaj/samorezy_shurupy/samorezy_universalnye/252080/
252202,"САМОРЕЗ  УНИВЕРСАЛЬНЫЙ 6,0*140  уп.-100шт.",425,krepej_i_takelaj/samorezy_shurupy/samorezy_universalnye,https://optorg.ru/catalog/krepej_i_takelaj/samorezy_shurupy/samorezy_universalnye/252202/
252971,"САМОРЕЗ  УНИВЕРСАЛЬНЫЙ 4,5*50  уп.- 500 шт.",462,krepej_i_takelaj/samorezy_shurupy/samorezy_universalnye,https://optorg.ru/catalog/krepej_i_takelaj/samorezy_shurupy/samorezy_universalnye/252971/
354442,"САМОРЕЗ  УНИВЕРСАЛЬНЫЙ 5,0*50  уп.- 200 шт.",222,krepej_i_takelaj/samorezy_shurupy/samorezy_universalnye,https://optorg.ru/catalog/krepej_i_takelaj/samorezy_shurupy/samorezy_universalnye/354442/
426720,"САМОРЕЗ  УНИВЕРСАЛЬНЫЙ 6,0*45  уп.- 300 шт.",522,krepej_i_takelaj/samorezy_shurupy/samorezy_universalnye,https://optorg.ru/catalog/krepej_i_takelaj/samorezy_shurupy/samorezy_universalnye/426720/
460766,"САМОРЕЗ  УНИВЕРСАЛЬНЫЙ 4,5*50  уп.- 200 шт.",185,krepej_i_takelaj/samorezy_shurupy/samorezy_universalnye,https://optorg.ru/catalog/krepej_i_takelaj/samorezy_shurupy/samorezy_universalnye/460766/
461330,"САМОРЕЗ  УНИВЕРСАЛЬНЫЙ 4,5*60  уп.- 250 шт.",266,krepej_i_takelaj/samorezy_shurupy/samorezy_universalnye,https://optorg.ru/catalog/krepej_i_takelaj/samorezy_shurupy/samorezy_universalnye/461330/
461835,"САМОРЕЗ  УНИВЕРСАЛЬНЫЙ 4,0*70  уп.- 250 шт.",252,krepej_i_takelaj/samorezy_shurupy/samorezy_universalnye,https://optorg.ru/catalog/krepej_i_takelaj/samorezy_shurupy/samorezy_universalnye/461835/
461940,"САМОРЕЗ  УНИВЕРСАЛЬНЫЙ 4,5*70  уп.- 250 шт.",279,krepej_i_takelaj/samorezy_shurupy/samorezy_universalnye,https://optorg.ru/catalog/krepej_i_takelaj/samorezy_shurupy/samorezy_universalnye/461940/
461941,"САМОРЕЗ  УНИВЕРСАЛЬНЫЙ 5,0*50  уп.- 250 шт.",277,krepej_i_takelaj/samorezy_shurupy/samorezy_universalnye,https://optorg.ru/catalog/krepej_i_takelaj/samorezy_shurupy/samorezy_universalnye/461941/
463681,"САМОРЕЗ  УНИВЕРСАЛЬНЫЙ 6,0*50  уп.- 200 шт.",399,krepej_i_takelaj/samorezy_shurupy/samorezy_universalnye,https://optorg.ru/catalog/krepej_i_takelaj/samorezy_shurupy/samorezy_universalnye/463681/
468474,"САМОРЕЗ  УНИВЕРСАЛЬНЫЙ 6,0*160  уп.-50шт.",280,krepej_i_takelaj/samorezy_shurupy/samorezy_universalnye,https://optorg.ru/catalog/krepej_i_takelaj/samorezy_shurupy/samorezy_universalnye/468474/
471035,"САМОРЕЗ  УНИВЕРСАЛЬНЫЙ 4,5*25  уп.- 500 шт.",248,krepej_i_takelaj/samorezy_shurupy/samorezy_universalnye,https://optorg.ru/catalog/krepej_i_takelaj/samorezy_shurupy/samorezy_universalnye/471035/
472780,"САМОРЕЗ  УНИВЕРСАЛЬНЫЙ 5,0*100  уп.- 200 шт.",435,krepej_i_takelaj/samorezy_shurupy/samorezy_universalnye,https://optorg.ru/catalog/krepej_i_takelaj/samorezy_shurupy/samorezy_universalnye/472780/
483511,"САМОРЕЗ  УНИВЕРСАЛЬНЫЙ 3,5*40  уп.- 1000 шт.",445,krepej_i_takelaj/samorezy_shurupy/samorezy_universalnye,https://optorg.ru/catalog/krepej_i_takelaj/samorezy_shurupy/samorezy_universalnye/483511/
488771,"САМОРЕЗ  УНИВЕРСАЛЬНЫЙ 5,0*90  уп.- 200 шт.",416,krepej_i_takelaj/samorezy_shurupy/samorezy_universalnye,https://optorg.ru/catalog/krepej_i_takelaj/samorezy_shurupy/samorezy_universalnye/488771/
495316,"САМОРЕЗ  УНИВЕРСАЛЬНЫЙ 4,5*80  уп.- 100 шт.",150,krepej_i_takelaj/samorezy_shurupy/samorezy_universalnye,https://optorg.ru/catalog/krepej_i_takelaj/samorezy_shurupy/samorezy_universalnye/495316/
250703,"ШУРУПЫ ПО БЕТОНУ (нагель)  7,5*92",3.6,krepej_i_takelaj/samorezy_shurupy/shurupy_po_betonu,https://optorg.ru/catalog/krepej_i_takelaj/samorezy_shurupy/shurupy_po_betonu/250703/
250704,"ШУРУПЫ ПО БЕТОНУ (нагель)  7,5*112",4.1,krepej_i_takelaj/samorezy_shurupy/shurupy_po_betonu,https://optorg.ru/catalog/krepej_i_takelaj/samorezy_shurupy/shurupy_po_betonu/250704/
251001,"ШУРУПЫ ПО БЕТОНУ (нагель)  7,5*72",2.7,krepej_i_takelaj/samorezy_shurupy/shurupy_po_betonu,https://optorg.ru/catalog/krepej_i_takelaj/samorezy_shurupy/shurupy_po_betonu/251001/
251002,"ШУРУПЫ ПО БЕТОНУ (нагель)  7,5*132",5,krepej_i_takelaj/samorezy_shurupy/shurupy_po_betonu,https://optorg.ru/catalog/krepej_i_takelaj/samorezy_shurupy/shurupy_po_betonu/251002/
251048,"ШУРУПЫ ПО БЕТОНУ (нагель)  7,5*152",5.6,krepej_i_takelaj/samorezy_shurupy/shurupy_po_betonu,https://optorg.ru/catalog/krepej_i_takelaj/samorezy_shurupy/shurupy_po_betonu/251048/
251049,"ШУРУПЫ ПО БЕТОНУ (нагель)  7,5*182",7.6,krepej_i_takelaj/samorezy_shurupy/shurupy_po_betonu,https://optorg.ru/catalog/krepej_i_takelaj/samorezy_shurupy/shurupy_po_betonu/251049/
251132,"ШУРУПЫ ПО БЕТОНУ (нагель)  7,5*202",9,krepej_i_takelaj/samorezy_shurupy/shurupy_po_betonu,https://optorg.ru/catalog/krepej_i_takelaj/samorezy_shurupy/shurupy_po_betonu/251132/
252658,"ШУРУПЫ ПО БЕТОНУ (нагель)  7,5*52",2,krepej_i_takelaj/samorezy_shurupy/shurupy_po_betonu,https://optorg.ru/catalog/krepej_i_takelaj/samorezy_shurupy/shurupy_po_betonu/252658/
419540,Шуруп по бетону с шестигранной головой  8х120 (D10),55,krepej_i_takelaj/samorezy_shurupy/shurupy_po_betonu,https://optorg.ru/catalog/krepej_i_takelaj/samorezy_shurupy/shurupy_po_betonu/419540/
419551,Шуруп по бетону с шестигранной головой  8х100 (D10),55,krepej_i_takelaj/samorezy_shurupy/shurupy_po_betonu,https://optorg.ru/catalog/krepej_i_takelaj/samorezy_shurupy/shurupy_po_betonu/419551/
419556,Шуруп по бетону с шестигранной головой  8х60 (D10),29.5,krepej_i_takelaj/samorezy_shurupy/shurupy_po_betonu,https://optorg.ru/catalog/krepej_i_takelaj/samorezy_shurupy/shurupy_po_betonu/419556/
419584,Шуруп по бетону с шестигранной головой  8х80 (D10),37,krepej_i_takelaj/samorezy_shurupy/shurupy_po_betonu,https://optorg.ru/catalog/krepej_i_takelaj/samorezy_shurupy/shurupy_po_betonu/419584/
419624,Шуруп по бетону с шестигранной головой  6х80 (D7.5),23.9,krepej_i_takelaj/samorezy_shurupy/shurupy_po_betonu,https://optorg.ru/catalog/krepej_i_takelaj/samorezy_shurupy/shurupy_po_betonu/419624/
419628,Шуруп по бетону 6х35 с внутренней резьбой м8/м10,34.8,krepej_i_takelaj/samorezy_shurupy/shurupy_po_betonu,https://optorg.ru/catalog/krepej_i_takelaj/samorezy_shurupy/shurupy_po_betonu/419628/
419637,Шуруп по бетону с шестигранной головой  6х40 (D7.5),17.8,krepej_i_takelaj/samorezy_shurupy/shurupy_po_betonu,https://optorg.ru/catalog/krepej_i_takelaj/samorezy_shurupy/shurupy_po_betonu/419637/
497372,Шуруп по бетону с шестигранной головой  8х90 (D10),55,krepej_i_takelaj/samorezy_shurupy/shurupy_po_betonu,https://optorg.ru/catalog/krepej_i_takelaj/samorezy_shurupy/shurupy_po_betonu/497372/
250631,"CL-150 САМОРЕЗЫ 4,8*150(152) р.ш. уп.-100 шт. (дерево)",281,krepej_i_takelaj/samorezy_shurupy/samorezy_po_derevu_dlya_gkl,https://optorg.ru/catalog/krepej_i_takelaj/samorezy_shurupy/samorezy_po_derevu_dlya_gkl/250631/
250652,"CL-19 САМОРЕЗЫ 3,5*19 р.ш. уп.-1000 шт. (дерево)",240,krepej_i_takelaj/samorezy_shurupy/samorezy_po_derevu_dlya_gkl,https://optorg.ru/catalog/krepej_i_takelaj/samorezy_shurupy/samorezy_po_derevu_dlya_gkl/250652/
250653,"CL-25 САМОРЕЗЫ 3,5*25 р.ш. уп.-1000 шт. (дерево)",296,krepej_i_takelaj/samorezy_shurupy/samorezy_po_derevu_dlya_gkl,https://optorg.ru/catalog/krepej_i_takelaj/samorezy_shurupy/samorezy_po_derevu_dlya_gkl/250653/
250654,"CL-32 САМОРЕЗЫ 3,5*32 р.ш. уп.-1000 шт. (дерево)",353,krepej_i_takelaj/samorezy_shurupy/samorezy_po_derevu_dlya_gkl,https://optorg.ru/catalog/krepej_i_takelaj/samorezy_shurupy/samorezy_po_derevu_dlya_gkl/250654/
250655,"CL-41 САМОРЕЗЫ 3,5*41 р.ш. уп.-500 шт. (дерево)",211,krepej_i_takelaj/samorezy_shurupy/samorezy_po_derevu_dlya_gkl,https://optorg.ru/catalog/krepej_i_takelaj/samorezy_shurupy/samorezy_po_derevu_dlya_gkl/250655/
250656,"CL-55 САМОРЕЗЫ 3,5*55 р.ш. уп.-500 шт. (дерево)",286,krepej_i_takelaj/samorezy_shurupy/samorezy_po_derevu_dlya_gkl,https://optorg.ru/catalog/krepej_i_takelaj/samorezy_shurupy/samorezy_po_derevu_dlya_gkl/250656/
250660,"CL-51 САМОРЕЗЫ 3,5*51 р.ш. уп.-500 шт. (дерево)",262,krepej_i_takelaj/samorezy_shurupy/samorezy_po_derevu_dlya_gkl,https://optorg.ru/catalog/krepej_i_takelaj/samorezy_shurupy/samorezy_po_derevu_dlya_gkl/250660/
250661,"CL-90 САМОРЕЗЫ 4,2*89 (90) р.ш. уп.-200 шт. (дерево)",250,krepej_i_takelaj/samorezy_shurupy/samorezy_po_derevu_dlya_gkl,https://optorg.ru/catalog/krepej_i_takelaj/samorezy_shurupy/samorezy_po_derevu_dlya_gkl/250661/
250662,"CL-45 САМОРЕЗЫ 3,5*45 р.ш. уп.-500 шт. (дерево)",232,krepej_i_takelaj/samorezy_shurupy/samorezy_po_derevu_dlya_gkl,https://optorg.ru/catalog/krepej_i_takelaj/samorezy_shurupy/samorezy_po_derevu_dlya_gkl/250662/
250667,"CL-35 САМОРЕЗЫ 3,5*35 р.ш. уп.-1000 шт. (дерево)",370,krepej_i_takelaj/samorezy_shurupy/samorezy_po_derevu_dlya_gkl,https://optorg.ru/catalog/krepej_i_takelaj/samorezy_shurupy/samorezy_po_derevu_dlya_gkl/250667/
250741,"CL-130 САМОРЕЗЫ 4,8*127 (130)  р.ш. уп.-100 шт. (дерево)",215,krepej_i_takelaj/samorezy_shurupy/samorezy_po_derevu_dlya_gkl,https://optorg.ru/catalog/krepej_i_takelaj/samorezy_shurupy/samorezy_po_derevu_dlya_gkl/250741/
250746,"CL-16 САМОРЕЗЫ 3,5*16 р.ш. уп.-1000 шт. (дерево)",231,krepej_i_takelaj/samorezy_shurupy/samorezy_po_derevu_dlya_gkl,https://optorg.ru/catalog/krepej_i_takelaj/samorezy_shurupy/samorezy_po_derevu_dlya_gkl/250746/
251072,"CL-75 САМОРЕЗЫ 4,2*75 (76) р.ш. уп.-250 шт. (дерево)",239,krepej_i_takelaj/samorezy_shurupy/samorezy_po_derevu_dlya_gkl,https://optorg.ru/catalog/krepej_i_takelaj/samorezy_shurupy/samorezy_po_derevu_dlya_gkl/251072/
251514,"CL-65 САМОРЕЗЫ 3,8*64 (65) р.ш. уп.-250 шт. (дерево)",206,krepej_i_takelaj/samorezy_shurupy/samorezy_po_derevu_dlya_gkl,https://optorg.ru/catalog/krepej_i_takelaj/samorezy_shurupy/samorezy_po_derevu_dlya_gkl/251514/
252078,"CL-110 САМОРЕЗЫ 4,8*110 р.ш. уп.-200 шт. (дерево)",432,krepej_i_takelaj/samorezy_shurupy/samorezy_po_derevu_dlya_gkl,https://optorg.ru/catalog/krepej_i_takelaj/samorezy_shurupy/samorezy_po_derevu_dlya_gkl/252078/
252088,"CL-100 САМОРЕЗЫ 4,8*100 (102) р.ш. уп.-200 шт. (дерево)",339,krepej_i_takelaj/samorezy_shurupy/samorezy_po_derevu_dlya_gkl,https://optorg.ru/catalog/krepej_i_takelaj/samorezy_shurupy/samorezy_po_derevu_dlya_gkl/252088/
252902,"CL-16 САМОРЕЗЫ 3,5*16 р.ш. упаковка-100 шт. (дерево)",46,krepej_i_takelaj/samorezy_shurupy/samorezy_po_derevu_dlya_gkl,https://optorg.ru/catalog/krepej_i_takelaj/samorezy_shurupy/samorezy_po_derevu_dlya_gkl/252902/
252903,"CL-19 САМОРЕЗЫ 3,5*19 р.ш. упаковка-100 шт. (дерево)",50.5,krepej_i_takelaj/samorezy_shurupy/samorezy_po_derevu_dlya_gkl,https://optorg.ru/catalog/krepej_i_takelaj/samorezy_shurupy/samorezy_po_derevu_dlya_gkl/252903/
252904,"CL-25 САМОРЕЗЫ 3,5*25 р.ш. упаковка-100 шт. (дерево)",58,krepej_i_takelaj/samorezy_shurupy/samorezy_po_derevu_dlya_gkl,https://optorg.ru/catalog/krepej_i_takelaj/samorezy_shurupy/samorezy_po_derevu_dlya_gkl/252904/
252905,"CL-32 САМОРЕЗЫ 3,5*32 р.ш. упаковка-100 шт. (дерево)",72.5,krepej_i_takelaj/samorezy_shurupy/samorezy_po_derevu_dlya_gkl,https://optorg.ru/catalog/krepej_i_takelaj/samorezy_shurupy/samorezy_po_derevu_dlya_gkl/252905/
252906,"CL-35 САМОРЕЗЫ 3,5*35 р.ш. упаковка-100 шт. (дерево)",76.5,krepej_i_takelaj/samorezy_shurupy/samorezy_po_derevu_dlya_gkl,https://optorg.ru/catalog/krepej_i_takelaj/samorezy_shurupy/samorezy_po_derevu_dlya_gkl/252906/
252907,"CL-41 САМОРЕЗЫ 3,5*41 р.ш. упаковка-100 шт. (дерево)",87.5,krepej_i_takelaj/samorezy_shurupy/samorezy_po_derevu_dlya_gkl,https://optorg.ru/catalog/krepej_i_takelaj/samorezy_shurupy/samorezy_po_derevu_dlya_gkl/252907/
252908,"CL-45 САМОРЕЗЫ 3,5*45 р.ш. упаковка-100 шт. (дерево)",93.5,krepej_i_takelaj/samorezy_shurupy/samorezy_po_derevu_dlya_gkl,https://optorg.ru/catalog/krepej_i_takelaj/samorezy_shurupy/samorezy_po_derevu_dlya_gkl/252908/
252909,"CL-51 САМОРЕЗЫ 3,5*51 р.ш. упаковка-100 шт. (дерево)",106.5,krepej_i_takelaj/samorezy_shurupy/samorezy_po_derevu_dlya_gkl,https://optorg.ru/catalog/krepej_i_takelaj/samorezy_shurupy/samorezy_po_derevu_dlya_gkl/252909/
252910,"CL-55 САМОРЕЗЫ 3,5*55 р.ш. упаковка-100 шт. (дерево)",112.5,krepej_i_takelaj/samorezy_shurupy/samorezy_po_derevu_dlya_gkl,https://optorg.ru/catalog/krepej_i_takelaj/samorezy_shurupy/samorezy_po_derevu_dlya_gkl/252910/
252911,"CL-65 САМОРЕЗЫ 3,8*64 р.ш. упаковка-50 шт. (дерево)",73.5,krepej_i_takelaj/samorezy_shurupy/samorezy_po_derevu_dlya_gkl,https://optorg.ru/catalog/krepej_i_takelaj/samorezy_shurupy/samorezy_po_derevu_dlya_gkl/252911/
252912,"CL-75 САМОРЕЗЫ 4,2*75 р.ш. упаковка-50 шт. (дерево)",92.5,krepej_i_takelaj/samorezy_shurupy/samorezy_po_derevu_dlya_gkl,https://optorg.ru/catalog/krepej_i_takelaj/samorezy_shurupy/samorezy_po_derevu_dlya_gkl/252912/
252913,"CL-90 САМОРЕЗЫ 4,2*90 р.ш. упаковка-50 шт. (дерево)",112,krepej_i_takelaj/samorezy_shurupy/samorezy_po_derevu_dlya_gkl,https://optorg.ru/catalog/krepej_i_takelaj/samorezy_shurupy/samorezy_po_derevu_dlya_gkl/252913/
252914,"CL-100 САМОРЕЗЫ 4,8*100 р.ш. упаковка-30 шт. (дерево)",98,krepej_i_takelaj/samorezy_shurupy/samorezy_po_derevu_dlya_gkl,https://optorg.ru/catalog/krepej_i_takelaj/samorezy_shurupy/samorezy_po_derevu_dlya_gkl/252914/
252915,"CL-110 САМОРЕЗЫ 4,8*110 р.ш. упаковка-30 шт. (дерево)",110.5,krepej_i_takelaj/samorezy_shurupy/samorezy_po_derevu_dlya_gkl,https://optorg.ru/catalog/krepej_i_takelaj/samorezy_shurupy/samorezy_po_derevu_dlya_gkl/252915/
252916,"CL-120 САМОРЕЗЫ 4,8*120 р.ш. упаковка-30 шт. (дерево)",126.5,krepej_i_takelaj/samorezy_shurupy/samorezy_po_derevu_dlya_gkl,https://optorg.ru/catalog/krepej_i_takelaj/samorezy_shurupy/samorezy_po_derevu_dlya_gkl/252916/
252917,"CL-130 САМОРЕЗЫ 4,8*127 р.ш. упаковка-30 шт. (дерево)",148,krepej_i_takelaj/samorezy_shurupy/samorezy_po_derevu_dlya_gkl,https://optorg.ru/catalog/krepej_i_takelaj/samorezy_shurupy/samorezy_po_derevu_dlya_gkl/252917/
252918,"CL-150 САМОРЕЗЫ 4,8*150 р.ш. упаковка-30 шт. (дерево)",172,krepej_i_takelaj/samorezy_shurupy/samorezy_po_derevu_dlya_gkl,https://optorg.ru/catalog/krepej_i_takelaj/samorezy_shurupy/samorezy_po_derevu_dlya_gkl/252918/
253155,"CL-140 САМОРЕЗЫ 4,8*140 р.ш. уп.-200 шт. (дерево)",521,krepej_i_takelaj/samorezy_shurupy/samorezy_po_derevu_dlya_gkl,https://optorg.ru/catalog/krepej_i_takelaj/samorezy_shurupy/samorezy_po_derevu_dlya_gkl/253155/
462080,"CL-120 САМОРЕЗЫ 4,8*120 р.ш. уп.-200 шт. (дерево)",470,krepej_i_takelaj/samorezy_shurupy/samorezy_po_derevu_dlya_gkl,https://optorg.ru/catalog/krepej_i_takelaj/samorezy_shurupy/samorezy_po_derevu_dlya_gkl/462080/
250619,"SL-19 САМОРЕЗЫ 3,5*19 ч.ш. уп.-1000 шт. (металл)",260,krepej_i_takelaj/samorezy_shurupy/samorezy_po_metallu_dlya_gkl,https://optorg.ru/catalog/krepej_i_takelaj/samorezy_shurupy/samorezy_po_metallu_dlya_gkl/250619/
250620,"SL-25 САМОРЕЗЫ 3,5*25 ч.ш. уп.-1000 шт. (металл)",276,krepej_i_takelaj/samorezy_shurupy/samorezy_po_metallu_dlya_gkl,https://optorg.ru/catalog/krepej_i_takelaj/samorezy_shurupy/samorezy_po_metallu_dlya_gkl/250620/
250621,"SL-35 САМОРЕЗЫ 3,5*35 ч.ш. уп.-1000 шт. (металл)",406,krepej_i_takelaj/samorezy_shurupy/samorezy_po_metallu_dlya_gkl,https://optorg.ru/catalog/krepej_i_takelaj/samorezy_shurupy/samorezy_po_metallu_dlya_gkl/250621/
250622,"SL-41 САМОРЕЗЫ 3,5*41 ч.ш. уп.-500 шт. (металл)",236,krepej_i_takelaj/samorezy_shurupy/samorezy_po_metallu_dlya_gkl,https://optorg.ru/catalog/krepej_i_takelaj/samorezy_shurupy/samorezy_po_metallu_dlya_gkl/250622/
250623,"SL-45 САМОРЕЗЫ 3,5*45 ч.ш. уп.-500 шт. (металл)",255,krepej_i_takelaj/samorezy_shurupy/samorezy_po_metallu_dlya_gkl,https://optorg.ru/catalog/krepej_i_takelaj/samorezy_shurupy/samorezy_po_metallu_dlya_gkl/250623/
250625,"SL-90 САМОРЕЗЫ 4,2*90 ч.ш. уп.-200 шт. (металл)",325,krepej_i_takelaj/samorezy_shurupy/samorezy_po_metallu_dlya_gkl,https://optorg.ru/catalog/krepej_i_takelaj/samorezy_shurupy/samorezy_po_metallu_dlya_gkl/250625/
250650,"SL-51 САМОРЕЗЫ 3,5*51 ч.ш. уп.-500 шт. (металл)",294,krepej_i_takelaj/samorezy_shurupy/samorezy_po_metallu_dlya_gkl,https://optorg.ru/catalog/krepej_i_takelaj/samorezy_shurupy/samorezy_po_metallu_dlya_gkl/250650/
250651,"SL-55 САМОРЕЗЫ 3,5*55 ч.ш. уп.-500 шт. (металл)",311,krepej_i_takelaj/samorezy_shurupy/samorezy_po_metallu_dlya_gkl,https://optorg.ru/catalog/krepej_i_takelaj/samorezy_shurupy/samorezy_po_metallu_dlya_gkl/250651/
250740,"SL-32 САМОРЕЗЫ 3,5*32 ч.ш. уп.-1000 шт. (металл)",360,krepej_i_takelaj/samorezy_shurupy/samorezy_po_metallu_dlya_gkl,https://optorg.ru/catalog/krepej_i_takelaj/samorezy_shurupy/samorezy_po_metallu_dlya_gkl/250740/
252583,SL-65 САМОРЕЗЫ 3.8*65 ч.ш. уп.-250 шт. (металл),215,krepej_i_takelaj/samorezy_shurupy/samorezy_po_metallu_dlya_gkl,https://optorg.ru/catalog/krepej_i_takelaj/samorezy_shurupy/samorezy_po_metallu_dlya_gkl/252583/
252884,"SL-19 САМОРЕЗЫ 3,5*19 ч.ш. упаковка-100 шт. (металл)",51,krepej_i_takelaj/samorezy_shurupy/samorezy_po_metallu_dlya_gkl,https://optorg.ru/catalog/krepej_i_takelaj/samorezy_shurupy/samorezy_po_metallu_dlya_gkl/252884/
252885,"SL-25 САМОРЕЗЫ 3,5*25 ч.ш. упаковка-100 шт. (металл)",62,krepej_i_takelaj/samorezy_shurupy/samorezy_po_metallu_dlya_gkl,https://optorg.ru/catalog/krepej_i_takelaj/samorezy_shurupy/samorezy_po_metallu_dlya_gkl/252885/
252886,"SL-32 САМОРЕЗЫ 3,5*32 ч.ш. упаковка-100 шт. (металл)",69,krepej_i_takelaj/samorezy_shurupy/samorezy_po_metallu_dlya_gkl,https://optorg.ru/catalog/krepej_i_takelaj/samorezy_shurupy/samorezy_po_metallu_dlya_gkl/252886/
252887,"SL-35 САМОРЕЗЫ 3,5*35 ч.ш. упаковка-100 шт. (металл)",75,krepej_i_takelaj/samorezy_shurupy/samorezy_po_metallu_dlya_gkl,https://optorg.ru/catalog/krepej_i_takelaj/samorezy_shurupy/samorezy_po_metallu_dlya_gkl/252887/
252888,"SL-41 САМОРЕЗЫ 3,5*41 ч.ш. упаковка-100 шт. (металл)",82.5,krepej_i_takelaj/samorezy_shurupy/samorezy_po_metallu_dlya_gkl,https://optorg.ru/catalog/krepej_i_takelaj/samorezy_shurupy/samorezy_po_metallu_dlya_gkl/252888/
252889,"SL-45 САМОРЕЗЫ 3,5*45 ч.ш. упаковка-100 шт. (металл)",100.5,krepej_i_takelaj/samorezy_shurupy/samorezy_po_metallu_dlya_gkl,https://optorg.ru/catalog/krepej_i_takelaj/samorezy_shurupy/samorezy_po_metallu_dlya_gkl/252889/
252897,"SL-51 САМОРЕЗЫ 3,5*51 ч.ш. упаковка-100 шт. (металл)",106.5,krepej_i_takelaj/samorezy_shurupy/samorezy_po_metallu_dlya_gkl,https://optorg.ru/catalog/krepej_i_takelaj/samorezy_shurupy/samorezy_po_metallu_dlya_gkl/252897/
252898,"SL-55 САМОРЕЗЫ 3,5*55 ч.ш. упаковка-100 шт. (металл)",111.5,krepej_i_takelaj/samorezy_shurupy/samorezy_po_metallu_dlya_gkl,https://optorg.ru/catalog/krepej_i_takelaj/samorezy_shurupy/samorezy_po_metallu_dlya_gkl/252898/
252899,SL-65 САМОРЕЗЫ 3.8*64 ч.ш. упаковка-50 шт. (металл),73.5,krepej_i_takelaj/samorezy_shurupy/samorezy_po_metallu_dlya_gkl,https://optorg.ru/catalog/krepej_i_takelaj/samorezy_shurupy/samorezy_po_metallu_dlya_gkl/252899/
252900,"SL-75 САМОРЕЗЫ 4,2*76 ч.ш. упаковка-50 шт. (металл)",88.5,krepej_i_takelaj/samorezy_shurupy/samorezy_po_metallu_dlya_gkl,https://optorg.ru/catalog/krepej_i_takelaj/samorezy_shurupy/samorezy_po_metallu_dlya_gkl/252900/
253670,"SL-75 САМОРЕЗЫ 4,2*75 ч.ш. уп.-200 шт. (металл)",246,krepej_i_takelaj/samorezy_shurupy/samorezy_po_metallu_dlya_gkl,https://optorg.ru/catalog/krepej_i_takelaj/samorezy_shurupy/samorezy_po_metallu_dlya_gkl/253670/
252300,"Саморез оконный 3,9*25 потай белый цинк, сверло,  уп.-1000 шт.",643,krepej_i_takelaj/samorezy_shurupy/samorezy_dlya_okonnogo_profilya,https://optorg.ru/catalog/krepej_i_takelaj/samorezy_shurupy/samorezy_dlya_okonnogo_profilya/252300/
252703,"Саморез оконный 3,9*16 потай белый цинк, сверло,  уп.-1000 шт.",467,krepej_i_takelaj/samorezy_shurupy/samorezy_dlya_okonnogo_profilya,https://optorg.ru/catalog/krepej_i_takelaj/samorezy_shurupy/samorezy_dlya_okonnogo_profilya/252703/
253026,"Саморез оконный 3,9*32 потай белый цинк, сверло,  уп.-1000 шт.",885,krepej_i_takelaj/samorezy_shurupy/samorezy_dlya_okonnogo_profilya,https://optorg.ru/catalog/krepej_i_takelaj/samorezy_shurupy/samorezy_dlya_okonnogo_profilya/253026/
315659,"Саморез оконный 3,9*19 потай белый цинк, сверло,  уп.-1000 шт.",570,krepej_i_takelaj/samorezy_shurupy/samorezy_dlya_okonnogo_profilya,https://optorg.ru/catalog/krepej_i_takelaj/samorezy_shurupy/samorezy_dlya_okonnogo_profilya/315659/
250663,"WSE-32 САМОРЕЗЫ оц.с пресшайб. 4,2*32 уп.-500 шт.",315,krepej_i_takelaj/samorezy_shurupy/samorezy_s_presshayboy_ostrye,https://optorg.ru/catalog/krepej_i_takelaj/samorezy_shurupy/samorezy_s_presshayboy_ostrye/250663/
250665,"WSE-19 САМОРЕЗЫ оц.с пресшайб. 4,2*19 уп.-1000 шт.",385,krepej_i_takelaj/samorezy_shurupy/samorezy_s_presshayboy_ostrye,https://optorg.ru/catalog/krepej_i_takelaj/samorezy_shurupy/samorezy_s_presshayboy_ostrye/250665/
250994,"WSE-13 САМОРЕЗЫ оц.с пресшайб. 4,2*13 уп.-1000 шт.",337,krepej_i_takelaj/samorezy_shurupy/samorezy_s_presshayboy_ostrye,https://optorg.ru/catalog/krepej_i_takelaj/samorezy_shurupy/samorezy_s_presshayboy_ostrye/250994/
250995,"WSE-16 САМОРЕЗЫ оц.с пресшайб. 4,2*16 уп.-1000 шт.",342,krepej_i_takelaj/samorezy_shurupy/samorezy_s_presshayboy_ostrye,https://optorg.ru/catalog/krepej_i_takelaj/samorezy_shurupy/samorezy_s_presshayboy_ostrye/250995/
251730,"WSЕ Саморезы окраш.  RAL 3005   с пресшайб.  4,2*16   уп.-1000 шт.",475,krepej_i_takelaj/samorezy_shurupy/samorezy_s_presshayboy_ostrye,https://optorg.ru/catalog/krepej_i_takelaj/samorezy_shurupy/samorezy_s_presshayboy_ostrye/251730/
251733,"WSЕ Саморезы окраш.  RAL 8017   с пресшайб.  4,2*16   уп.-1000 шт.",705,krepej_i_takelaj/samorezy_shurupy/samorezy_s_presshayboy_ostrye,https://optorg.ru/catalog/krepej_i_takelaj/samorezy_shurupy/samorezy_s_presshayboy_ostrye/251733/
251786,"WSЕ Саморезы окраш.  RAL 9003   с пресшайб.  4,2*16   уп.-1000 шт.",705,krepej_i_takelaj/samorezy_shurupy/samorezy_s_presshayboy_ostrye,https://optorg.ru/catalog/krepej_i_takelaj/samorezy_shurupy/samorezy_s_presshayboy_ostrye/251786/
251889,"WSЕ Саморезы окраш.  RAL 8017   с пресшайб.  4,2*19   уп.-1000 шт.",771,krepej_i_takelaj/samorezy_shurupy/samorezy_s_presshayboy_ostrye,https://optorg.ru/catalog/krepej_i_takelaj/samorezy_shurupy/samorezy_s_presshayboy_ostrye/251889/
251890,"WSЕ Саморезы окраш.  RAL 9003   с пресшайб.  4,2*19   уп.-1000 шт.",771,krepej_i_takelaj/samorezy_shurupy/samorezy_s_presshayboy_ostrye,https://optorg.ru/catalog/krepej_i_takelaj/samorezy_shurupy/samorezy_s_presshayboy_ostrye/251890/
252006,"WSE-50 САМОРЕЗЫ оц.с пресшайб. 4,2*50 (51) уп.-250 шт.",246,krepej_i_takelaj/samorezy_shurupy/samorezy_s_presshayboy_ostrye,https://optorg.ru/catalog/krepej_i_takelaj/samorezy_shurupy/samorezy_s_presshayboy_ostrye/252006/
252296,"WSЕ Саморезы окраш.  RAL 8017   с пресшайб.  4,2*25   уп.-500 шт.",471,krepej_i_takelaj/samorezy_shurupy/samorezy_s_presshayboy_ostrye,https://optorg.ru/catalog/krepej_i_takelaj/samorezy_shurupy/samorezy_s_presshayboy_ostrye/252296/
252299,"WSЕ Саморезы окраш.  RAL 9003   с пресшайб.  4,2*25   уп.-500 шт.",471,krepej_i_takelaj/samorezy_shurupy/samorezy_s_presshayboy_ostrye,https://optorg.ru/catalog/krepej_i_takelaj/samorezy_shurupy/samorezy_s_presshayboy_ostrye/252299/
252919,"WSE-13 САМОРЕЗЫ оц.с пресшайб. 4,2*13 упаковка-100 шт.",64,krepej_i_takelaj/samorezy_shurupy/samorezy_s_presshayboy_ostrye,https://optorg.ru/catalog/krepej_i_takelaj/samorezy_shurupy/samorezy_s_presshayboy_ostrye/252919/
252920,"WSE-16 САМОРЕЗЫ оц.с пресшайб. 4,2*16 упаковка-100 шт.",71,krepej_i_takelaj/samorezy_shurupy/samorezy_s_presshayboy_ostrye,https://optorg.ru/catalog/krepej_i_takelaj/samorezy_shurupy/samorezy_s_presshayboy_ostrye/252920/
252921,"WSE-19 САМОРЕЗЫ оц.с пресшайб. 4,2*19 упаковка-100 шт.",80,krepej_i_takelaj/samorezy_shurupy/samorezy_s_presshayboy_ostrye,https://optorg.ru/catalog/krepej_i_takelaj/samorezy_shurupy/samorezy_s_presshayboy_ostrye/252921/
252922,"WSE-25 САМОРЕЗЫ оц.с пресшайб. 4,2*25 упаковка-100 шт.",95,krepej_i_takelaj/samorezy_shurupy/samorezy_s_presshayboy_ostrye,https://optorg.ru/catalog/krepej_i_takelaj/samorezy_shurupy/samorezy_s_presshayboy_ostrye/252922/
252923,"WSE-32 САМОРЕЗЫ оц.с пресшайб. 4,2*32 упаковка-100 шт.",115,krepej_i_takelaj/samorezy_shurupy/samorezy_s_presshayboy_ostrye,https://optorg.ru/catalog/krepej_i_takelaj/samorezy_shurupy/samorezy_s_presshayboy_ostrye/252923/
252924,"WSE-38 САМОРЕЗЫ оц.с пресшайб. 4,2*38 упаковка-100 шт.",128,krepej_i_takelaj/samorezy_shurupy/samorezy_s_presshayboy_ostrye,https://optorg.ru/catalog/krepej_i_takelaj/samorezy_shurupy/samorezy_s_presshayboy_ostrye/252924/
252925,"WSE-41 САМОРЕЗЫ оц.с пресшайб. 4,2*41 упаковка-50 шт.",77,krepej_i_takelaj/samorezy_shurupy/samorezy_s_presshayboy_ostrye,https://optorg.ru/catalog/krepej_i_takelaj/samorezy_shurupy/samorezy_s_presshayboy_ostrye/252925/
252926,"WSE-51 САМОРЕЗЫ оц.с пресшайб. 4,2*51 упаковка-50 шт.",81,krepej_i_takelaj/samorezy_shurupy/samorezy_s_presshayboy_ostrye,https://optorg.ru/catalog/krepej_i_takelaj/samorezy_shurupy/samorezy_s_presshayboy_ostrye/252926/
252927,"WSE-75 САМОРЕЗЫ оц.с пресшайб. 4,2*75 упаковка-50 шт.",128,krepej_i_takelaj/samorezy_shurupy/samorezy_s_presshayboy_ostrye,https://optorg.ru/catalog/krepej_i_takelaj/samorezy_shurupy/samorezy_s_presshayboy_ostrye/252927/
253210,"WSE-75 САМОРЕЗЫ оц.с пресшайб. 4,2*75 (76) уп.-250 шт.",303,krepej_i_takelaj/samorezy_shurupy/samorezy_s_presshayboy_ostrye,https://optorg.ru/catalog/krepej_i_takelaj/samorezy_shurupy/samorezy_s_presshayboy_ostrye/253210/
253294,"WSE-38 САМОРЕЗЫ оц.с пресшайб. 4,2*38 уп.-250 шт.",168,krepej_i_takelaj/samorezy_shurupy/samorezy_s_presshayboy_ostrye,https://optorg.ru/catalog/krepej_i_takelaj/samorezy_shurupy/samorezy_s_presshayboy_ostrye/253294/
253422,"WSE-41 САМОРЕЗЫ оц.с пресшайб. 4,2*41 уп.-250 шт.",183,krepej_i_takelaj/samorezy_shurupy/samorezy_s_presshayboy_ostrye,https://optorg.ru/catalog/krepej_i_takelaj/samorezy_shurupy/samorezy_s_presshayboy_ostrye/253422/
253684,"WSE-25 САМОРЕЗЫ оц.с пресшайб. 4,2*25 уп.-500 шт.",228,krepej_i_takelaj/samorezy_shurupy/samorezy_s_presshayboy_ostrye,https://optorg.ru/catalog/krepej_i_takelaj/samorezy_shurupy/samorezy_s_presshayboy_ostrye/253684/
473475,"WSЕ Саморезы окраш.  RAL 8017   с пресшайб.  4,2*25   уп.-1000 шт.",847,krepej_i_takelaj/samorezy_shurupy/samorezy_s_presshayboy_ostrye,https://optorg.ru/catalog/krepej_i_takelaj/samorezy_shurupy/samorezy_s_presshayboy_ostrye/473475/
496847,"WSЕ Саморезы окраш.  RAL 7024   с пресшайб.  4,2*16   уп.-1000 шт.",705,krepej_i_takelaj/samorezy_shurupy/samorezy_s_presshayboy_ostrye,https://optorg.ru/catalog/krepej_i_takelaj/samorezy_shurupy/samorezy_s_presshayboy_ostrye/496847/
496848,"WSЕ Саморезы окраш.  RAL 7024   с пресшайб.  4,2*19   уп.-1000 шт.",771,krepej_i_takelaj/samorezy_shurupy/samorezy_s_presshayboy_ostrye,https://optorg.ru/catalog/krepej_i_takelaj/samorezy_shurupy/samorezy_s_presshayboy_ostrye/496848/
497033,"WSЕ Саморезы окраш.  RAL 7024   с пресшайб.  4,2*25   уп.-500 шт.",471,krepej_i_takelaj/samorezy_shurupy/samorezy_s_presshayboy_ostrye,https://optorg.ru/catalog/krepej_i_takelaj/samorezy_shurupy/samorezy_s_presshayboy_ostrye/497033/
401653,"Саморез для пола и паркета  3,2х40   упак. - 500шт",1427,krepej_i_takelaj/samorezy_shurupy/samorez_dlya_pola,https://optorg.ru/catalog/krepej_i_takelaj/samorezy_shurupy/samorez_dlya_pola/401653/
401657,"Саморез для пола и паркета  3,2х60   упак. - 200шт",860,krepej_i_takelaj/samorezy_shurupy/samorez_dlya_pola,https://optorg.ru/catalog/krepej_i_takelaj/samorezy_shurupy/samorez_dlya_pola/401657/
401661,"Саморез для пола и паркета  3,2х25   упак. - 500шт",995,krepej_i_takelaj/samorezy_shurupy/samorez_dlya_pola,https://optorg.ru/catalog/krepej_i_takelaj/samorezy_shurupy/samorez_dlya_pola/401661/
401662,"Саморез для пола и паркета  3,2х50   упак. - 500шт",1780,krepej_i_takelaj/samorezy_shurupy/samorez_dlya_pola,https://optorg.ru/catalog/krepej_i_takelaj/samorezy_shurupy/samorez_dlya_pola/401662/
401665,"Саморез для пола и паркета  3,2х30   упак. - 500шт",1160,krepej_i_takelaj/samorezy_shurupy/samorez_dlya_pola,https://optorg.ru/catalog/krepej_i_takelaj/samorezy_shurupy/samorez_dlya_pola/401665/
401666,"Саморез для пола и паркета  3,2х20   упак. - 1000шт",1800,krepej_i_takelaj/samorezy_shurupy/samorez_dlya_pola,https://optorg.ru/catalog/krepej_i_takelaj/samorezy_shurupy/samorez_dlya_pola/401666/
401669,"Саморез для пола и паркета  3,2х35   упак. - 500шт",1255,krepej_i_takelaj/samorezy_shurupy/samorez_dlya_pola,https://optorg.ru/catalog/krepej_i_takelaj/samorezy_shurupy/samorez_dlya_pola/401669/
401681,"Саморез для пола и паркета  3,2х45   упак. - 500шт",1560,krepej_i_takelaj/samorezy_shurupy/samorez_dlya_pola,https://optorg.ru/catalog/krepej_i_takelaj/samorezy_shurupy/samorez_dlya_pola/401681/
250647,"WSD САМОРЕЗЫ оц.с пресшайб. 4,2*19 сверло, уп.-1000 шт.",424,krepej_i_takelaj/samorezy_shurupy/samorezy_s_presshayboy_sverlo,https://optorg.ru/catalog/krepej_i_takelaj/samorezy_shurupy/samorezy_s_presshayboy_sverlo/250647/
250659,"WSD САМОРЕЗЫ оц.с пресшайб. 4,2*13 сверло, уп.-1000 шт.",347,krepej_i_takelaj/samorezy_shurupy/samorezy_s_presshayboy_sverlo,https://optorg.ru/catalog/krepej_i_takelaj/samorezy_shurupy/samorezy_s_presshayboy_sverlo/250659/
250666,"WSD САМОРЕЗЫ оц.с пресшайб. 4,2*16 сверло, уп.-1000 шт.",388,krepej_i_takelaj/samorezy_shurupy/samorezy_s_presshayboy_sverlo,https://optorg.ru/catalog/krepej_i_takelaj/samorezy_shurupy/samorezy_s_presshayboy_sverlo/250666/
250668,"WSD САМОРЕЗЫ оц.с пресшайб. 4,2*32 сверло, уп.-500 шт.",326,krepej_i_takelaj/samorezy_shurupy/samorezy_s_presshayboy_sverlo,https://optorg.ru/catalog/krepej_i_takelaj/samorezy_shurupy/samorezy_s_presshayboy_sverlo/250668/
251728,"WSD Саморезы окраш.  RAL 8017   с пресшайб.  4,2*16 сверло, уп.-1000 шт.",795,krepej_i_takelaj/samorezy_shurupy/samorezy_s_presshayboy_sverlo,https://optorg.ru/catalog/krepej_i_takelaj/samorezy_shurupy/samorezy_s_presshayboy_sverlo/251728/
251775,"WSD Саморезы окраш.  RAL 9003   с пресшайб.  4,2*16 сверло, уп.-1000 шт.",795,krepej_i_takelaj/samorezy_shurupy/samorezy_s_presshayboy_sverlo,https://optorg.ru/catalog/krepej_i_takelaj/samorezy_shurupy/samorezy_s_presshayboy_sverlo/251775/
251779,"WSD Саморезы окраш.  RAL 8017   с пресшайб.  4,2*19 сверло, уп.-1000 шт.",817,krepej_i_takelaj/samorezy_shurupy/samorezy_s_presshayboy_sverlo,https://optorg.ru/catalog/krepej_i_takelaj/samorezy_shurupy/samorezy_s_presshayboy_sverlo/251779/
251780,"WSD Саморезы окраш.  RAL 9003   с пресшайб.  4,2*19 сверло, уп.-1000 шт.",817,krepej_i_takelaj/samorezy_shurupy/samorezy_s_presshayboy_sverlo,https://optorg.ru/catalog/krepej_i_takelaj/samorezy_shurupy/samorezy_s_presshayboy_sverlo/251780/
252007,"WSD САМОРЕЗЫ оц.с пресшайб. 4,2*50 (51) сверло, уп.-250шт",250,krepej_i_takelaj/samorezy_shurupy/samorezy_s_presshayboy_sverlo,https://optorg.ru/catalog/krepej_i_takelaj/samorezy_shurupy/samorezy_s_presshayboy_sverlo/252007/
252757,"WSD Саморезы окраш.  RAL 8017   с пресшайб.  4,2*25 сверло, уп.-500 шт.",480,krepej_i_takelaj/samorezy_shurupy/samorezy_s_presshayboy_sverlo,https://optorg.ru/catalog/krepej_i_takelaj/samorezy_shurupy/samorezy_s_presshayboy_sverlo/252757/
252865,"WSD Саморезы окраш.  RAL 9003   с пресшайб.  4,2*25 сверло, уп.-500 шт.",480,krepej_i_takelaj/samorezy_shurupy/samorezy_s_presshayboy_sverlo,https://optorg.ru/catalog/krepej_i_takelaj/samorezy_shurupy/samorezy_s_presshayboy_sverlo/252865/
252928,"WSD САМОРЕЗЫ оц.с пресшайб. 4,2*13 сверло, упаковка-100 шт.",72,krepej_i_takelaj/samorezy_shurupy/samorezy_s_presshayboy_sverlo,https://optorg.ru/catalog/krepej_i_takelaj/samorezy_shurupy/samorezy_s_presshayboy_sverlo/252928/
252929,"WSD САМОРЕЗЫ оц.с пресшайб. 4,2*16 сверло, упаковка-100 шт.",81,krepej_i_takelaj/samorezy_shurupy/samorezy_s_presshayboy_sverlo,https://optorg.ru/catalog/krepej_i_takelaj/samorezy_shurupy/samorezy_s_presshayboy_sverlo/252929/
252930,"WSD САМОРЕЗЫ оц.с пресшайб. 4,2*25 сверло, упаковка-50 шт.",55,krepej_i_takelaj/samorezy_shurupy/samorezy_s_presshayboy_sverlo,https://optorg.ru/catalog/krepej_i_takelaj/samorezy_shurupy/samorezy_s_presshayboy_sverlo/252930/
252931,"WSD САМОРЕЗЫ оц.с пресшайб. 4,2*32 сверло, упаковка-50 шт.",68,krepej_i_takelaj/samorezy_shurupy/samorezy_s_presshayboy_sverlo,https://optorg.ru/catalog/krepej_i_takelaj/samorezy_shurupy/samorezy_s_presshayboy_sverlo/252931/
252932,"WSD САМОРЕЗЫ оц.с пресшайб. 4,2*38 сверло, упаковка-50 шт.",76,krepej_i_takelaj/samorezy_shurupy/samorezy_s_presshayboy_sverlo,https://optorg.ru/catalog/krepej_i_takelaj/samorezy_shurupy/samorezy_s_presshayboy_sverlo/252932/
252933,"WSD САМОРЕЗЫ оц.с пресшайб. 4,2*41 сверло, упаковка-50 шт.",84,krepej_i_takelaj/samorezy_shurupy/samorezy_s_presshayboy_sverlo,https://optorg.ru/catalog/krepej_i_takelaj/samorezy_shurupy/samorezy_s_presshayboy_sverlo/252933/
252934,"WSD САМОРЕЗЫ оц.с пресшайб. 4,2*51 сверло, упаковка-50 шт.",98,krepej_i_takelaj/samorezy_shurupy/samorezy_s_presshayboy_sverlo,https://optorg.ru/catalog/krepej_i_takelaj/samorezy_shurupy/samorezy_s_presshayboy_sverlo/252934/
252935,"WSD САМОРЕЗЫ оц.с пресшайб. 4,2*76 сверло, упаковка-50 шт.",135,krepej_i_takelaj/samorezy_shurupy/samorezy_s_presshayboy_sverlo,https://optorg.ru/catalog/krepej_i_takelaj/samorezy_shurupy/samorezy_s_presshayboy_sverlo/252935/
252939,"WSD САМОРЕЗЫ оц.с пресшайб. 4,2*19 сверло, упаковка-100 шт.",90,krepej_i_takelaj/samorezy_shurupy/samorezy_s_presshayboy_sverlo,https://optorg.ru/catalog/krepej_i_takelaj/samorezy_shurupy/samorezy_s_presshayboy_sverlo/252939/
253295,"WSD САМОРЕЗЫ оц.с пресшайб. 4,2*38 сверло, уп.-250 шт.",190,krepej_i_takelaj/samorezy_shurupy/samorezy_s_presshayboy_sverlo,https://optorg.ru/catalog/krepej_i_takelaj/samorezy_shurupy/samorezy_s_presshayboy_sverlo/253295/
253357,"WSD САМОРЕЗЫ оц.с пресшайб. 4,2*25 сверло, уп.-500 шт.",254,krepej_i_takelaj/samorezy_shurupy/samorezy_s_presshayboy_sverlo,https://optorg.ru/catalog/krepej_i_takelaj/samorezy_shurupy/samorezy_s_presshayboy_sverlo/253357/
253424,"WSD САМОРЕЗЫ оц.с пресшайб. 4,2*41 сверло, уп.-250 шт.",209,krepej_i_takelaj/samorezy_shurupy/samorezy_s_presshayboy_sverlo,https://optorg.ru/catalog/krepej_i_takelaj/samorezy_shurupy/samorezy_s_presshayboy_sverlo/253424/
253508,"WSD Саморезы окраш.  RAL 8017   с пресшайб.  4,2*13 сверло, уп.-1000 шт.",780,krepej_i_takelaj/samorezy_shurupy/samorezy_s_presshayboy_sverlo,https://optorg.ru/catalog/krepej_i_takelaj/samorezy_shurupy/samorezy_s_presshayboy_sverlo/253508/
253610,"WSD САМОРЕЗЫ оц.с пресшайб. 4,2*75 (76) сверло, уп.-250 шт.",346,krepej_i_takelaj/samorezy_shurupy/samorezy_s_presshayboy_sverlo,https://optorg.ru/catalog/krepej_i_takelaj/samorezy_shurupy/samorezy_s_presshayboy_sverlo/253610/
496844,"WSD Саморезы окраш.  RAL 7024   с пресшайб.  4,2*16 сверло, уп.-1000 шт.",795,krepej_i_takelaj/samorezy_shurupy/samorezy_s_presshayboy_sverlo,https://optorg.ru/catalog/krepej_i_takelaj/samorezy_shurupy/samorezy_s_presshayboy_sverlo/496844/
496845,"WSD Саморезы окраш.  RAL 7024   с пресшайб.  4,2*19 сверло, уп.-1000 шт.",817,krepej_i_takelaj/samorezy_shurupy/samorezy_s_presshayboy_sverlo,https://optorg.ru/catalog/krepej_i_takelaj/samorezy_shurupy/samorezy_s_presshayboy_sverlo/496845/
497034,"WSD Саморезы окраш.  RAL 7024   с пресшайб.  4,2*25 сверло, уп.-500 шт.",480,krepej_i_takelaj/samorezy_shurupy/samorezy_s_presshayboy_sverlo,https://optorg.ru/catalog/krepej_i_takelaj/samorezy_shurupy/samorezy_s_presshayboy_sverlo/497034/
251742,Термошайба № 4  прозрачная  для поликарбоната  упак.-25шт,178,krepej_i_takelaj/samorezy_shurupy/shayby_dlya_polikarbonata,https://optorg.ru/catalog/krepej_i_takelaj/samorezy_shurupy/shayby_dlya_polikarbonata/251742/
251743,Термошайба № 4  бронза   для поликарбоната   упак.-25шт,178,krepej_i_takelaj/samorezy_shurupy/shayby_dlya_polikarbonata,https://optorg.ru/catalog/krepej_i_takelaj/samorezy_shurupy/shayby_dlya_polikarbonata/251743/
251744,Термошайба № 4  синяя   для поликарбоната   упак.-25шт,178,krepej_i_takelaj/samorezy_shurupy/shayby_dlya_polikarbonata,https://optorg.ru/catalog/krepej_i_takelaj/samorezy_shurupy/shayby_dlya_polikarbonata/251744/
251745,Термошайба № 4  бирюза   для поликарбоната   упак.-25шт,178,krepej_i_takelaj/samorezy_shurupy/shayby_dlya_polikarbonata,https://optorg.ru/catalog/krepej_i_takelaj/samorezy_shurupy/shayby_dlya_polikarbonata/251745/
251746,Термошайба № 4  зеленая  для поликарбоната   упак.-25шт,178,krepej_i_takelaj/samorezy_shurupy/shayby_dlya_polikarbonata,https://optorg.ru/catalog/krepej_i_takelaj/samorezy_shurupy/shayby_dlya_polikarbonata/251746/
251747,Термошайба № 6  прозрачная  для поликарбоната   упак.-25шт,178,krepej_i_takelaj/samorezy_shurupy/shayby_dlya_polikarbonata,https://optorg.ru/catalog/krepej_i_takelaj/samorezy_shurupy/shayby_dlya_polikarbonata/251747/
251748,Термошайба № 6  бронза  для поликарбоната   упак.-25шт,178,krepej_i_takelaj/samorezy_shurupy/shayby_dlya_polikarbonata,https://optorg.ru/catalog/krepej_i_takelaj/samorezy_shurupy/shayby_dlya_polikarbonata/251748/
251750,Термошайба № 6  синяя  для поликарбоната   упак.-25шт,178,krepej_i_takelaj/samorezy_shurupy/shayby_dlya_polikarbonata,https://optorg.ru/catalog/krepej_i_takelaj/samorezy_shurupy/shayby_dlya_polikarbonata/251750/
251751,Термошайба № 6  зеленая  для поликарбоната   упак.-25шт,178,krepej_i_takelaj/samorezy_shurupy/shayby_dlya_polikarbonata,https://optorg.ru/catalog/krepej_i_takelaj/samorezy_shurupy/shayby_dlya_polikarbonata/251751/
251752,Термошайба № 8  прозрачная  для поликарбоната   упак.-25шт,178,krepej_i_takelaj/samorezy_shurupy/shayby_dlya_polikarbonata,https://optorg.ru/catalog/krepej_i_takelaj/samorezy_shurupy/shayby_dlya_polikarbonata/251752/
251753,Термошайба № 8  бронза  для поликарбоната   упак.-25шт,178,krepej_i_takelaj/samorezy_shurupy/shayby_dlya_polikarbonata,https://optorg.ru/catalog/krepej_i_takelaj/samorezy_shurupy/shayby_dlya_polikarbonata/251753/
251755,Термошайба № 8  опал (белый/молочный)  для поликарбоната   упак.-25шт,178,krepej_i_takelaj/samorezy_shurupy/shayby_dlya_polikarbonata,https://optorg.ru/catalog/krepej_i_takelaj/samorezy_shurupy/shayby_dlya_polikarbonata/251755/
251756,Термошайба № 8  синяя  для поликарбоната   упак.-25шт,178,krepej_i_takelaj/samorezy_shurupy/shayby_dlya_polikarbonata,https://optorg.ru/catalog/krepej_i_takelaj/samorezy_shurupy/shayby_dlya_polikarbonata/251756/
251757,Термошайба № 8  красная  для поликарбоната   упак.-25шт,178,krepej_i_takelaj/samorezy_shurupy/shayby_dlya_polikarbonata,https://optorg.ru/catalog/krepej_i_takelaj/samorezy_shurupy/shayby_dlya_polikarbonata/251757/
251758,Термошайба № 8  зеленая  для поликарбоната   упак.-25шт,178,krepej_i_takelaj/samorezy_shurupy/shayby_dlya_polikarbonata,https://optorg.ru/catalog/krepej_i_takelaj/samorezy_shurupy/shayby_dlya_polikarbonata/251758/
251760,Термошайба № 10  прозрачная  для поликарбоната   упак.-25шт,178,krepej_i_takelaj/samorezy_shurupy/shayby_dlya_polikarbonata,https://optorg.ru/catalog/krepej_i_takelaj/samorezy_shurupy/shayby_dlya_polikarbonata/251760/
251761,Термошайба № 10  бронза  для поликарбоната   упак.-25шт,178,krepej_i_takelaj/samorezy_shurupy/shayby_dlya_polikarbonata,https://optorg.ru/catalog/krepej_i_takelaj/samorezy_shurupy/shayby_dlya_polikarbonata/251761/
251762,Термошайба № 10  зеленая  для поликарбоната   упак.-25шт,178,krepej_i_takelaj/samorezy_shurupy/shayby_dlya_polikarbonata,https://optorg.ru/catalog/krepej_i_takelaj/samorezy_shurupy/shayby_dlya_polikarbonata/251762/
251830,Термошайба № 10  синяя  для поликарбоната   упак.-25шт,178,krepej_i_takelaj/samorezy_shurupy/shayby_dlya_polikarbonata,https://optorg.ru/catalog/krepej_i_takelaj/samorezy_shurupy/shayby_dlya_polikarbonata/251830/
251992,"Шайба кровельная для  поликарбоната EPDM черная  10,5х22 (12х25)    упак.-100шт",580,krepej_i_takelaj/samorezy_shurupy/shayby_dlya_polikarbonata,https://optorg.ru/catalog/krepej_i_takelaj/samorezy_shurupy/shayby_dlya_polikarbonata/251992/
252996,"Шайба кровельная для  поликарбоната EPDM серая  10,5х22 (12х25)    упак.-100шт",525,krepej_i_takelaj/samorezy_shurupy/shayby_dlya_polikarbonata,https://optorg.ru/catalog/krepej_i_takelaj/samorezy_shurupy/shayby_dlya_polikarbonata/252996/
252997,"Шайба кровельная для  поликарбоната EPDM прозрачная  10,5х22 (12х25)    упак.-100шт",586,krepej_i_takelaj/samorezy_shurupy/shayby_dlya_polikarbonata,https://optorg.ru/catalog/krepej_i_takelaj/samorezy_shurupy/shayby_dlya_polikarbonata/252997/
335442,"Шайба для поликарбоната 6,3х29 RAL 3005, (винно-красный) упак.-150шт.",677,krepej_i_takelaj/samorezy_shurupy/shayby_dlya_polikarbonata,https://optorg.ru/catalog/krepej_i_takelaj/samorezy_shurupy/shayby_dlya_polikarbonata/335442/
335447,"Шайба для поликарбоната 6,3х29 оцинкованная, серая резинка упак.-150шт.",690,krepej_i_takelaj/samorezy_shurupy/shayby_dlya_polikarbonata,https://optorg.ru/catalog/krepej_i_takelaj/samorezy_shurupy/shayby_dlya_polikarbonata/335447/
425466,Монтажная подставка прозрачная  МП-20  упак.-50шт,356,krepej_i_takelaj/samorezy_shurupy/shayby_dlya_polikarbonata,https://optorg.ru/catalog/krepej_i_takelaj/samorezy_shurupy/shayby_dlya_polikarbonata/425466/
251136,ШУРУП (глухарь) 6*40,248,krepej_i_takelaj/samorezy_shurupy/shurupy_dlya_krepleniya_derevyannyh_lag_i_reek,https://optorg.ru/catalog/krepej_i_takelaj/samorezy_shurupy/shurupy_dlya_krepleniya_derevyannyh_lag_i_reek/251136/
251137,ШУРУП (глухарь) 6*50,248,krepej_i_takelaj/samorezy_shurupy/shurupy_dlya_krepleniya_derevyannyh_lag_i_reek,https://optorg.ru/catalog/krepej_i_takelaj/samorezy_shurupy/shurupy_dlya_krepleniya_derevyannyh_lag_i_reek/251137/
251138,ШУРУП (глухарь) 6*60,248,krepej_i_takelaj/samorezy_shurupy/shurupy_dlya_krepleniya_derevyannyh_lag_i_reek,https://optorg.ru/catalog/krepej_i_takelaj/samorezy_shurupy/shurupy_dlya_krepleniya_derevyannyh_lag_i_reek/251138/
251139,ШУРУП (глухарь) 6*70,248,krepej_i_takelaj/samorezy_shurupy/shurupy_dlya_krepleniya_derevyannyh_lag_i_reek,https://optorg.ru/catalog/krepej_i_takelaj/samorezy_shurupy/shurupy_dlya_krepleniya_derevyannyh_lag_i_reek/251139/
251140,ШУРУП (глухарь) 6*80,248,krepej_i_takelaj/samorezy_shurupy/shurupy_dlya_krepleniya_derevyannyh_lag_i_reek,https://optorg.ru/catalog/krepej_i_takelaj/samorezy_shurupy/shurupy_dlya_krepleniya_derevyannyh_lag_i_reek/251140/
251141,ШУРУП (глухарь) 6*90,248,krepej_i_takelaj/samorezy_shurupy/shurupy_dlya_krepleniya_derevyannyh_lag_i_reek,https://optorg.ru/catalog/krepej_i_takelaj/samorezy_shurupy/shurupy_dlya_krepleniya_derevyannyh_lag_i_reek/251141/
251142,ШУРУП (глухарь) 6*100,248,krepej_i_takelaj/samorezy_shurupy/shurupy_dlya_krepleniya_derevyannyh_lag_i_reek,https://optorg.ru/catalog/krepej_i_takelaj/samorezy_shurupy/shurupy_dlya_krepleniya_derevyannyh_lag_i_reek/251142/
251143,ШУРУП (глухарь) 6*120,248,krepej_i_takelaj/samorezy_shurupy/shurupy_dlya_krepleniya_derevyannyh_lag_i_reek,https://optorg.ru/catalog/krepej_i_takelaj/samorezy_shurupy/shurupy_dlya_krepleniya_derevyannyh_lag_i_reek/251143/
251144,ШУРУП (глухарь) 8*50,233,krepej_i_takelaj/samorezy_shurupy/shurupy_dlya_krepleniya_derevyannyh_lag_i_reek,https://optorg.ru/catalog/krepej_i_takelaj/samorezy_shurupy/shurupy_dlya_krepleniya_derevyannyh_lag_i_reek/251144/
251145,ШУРУП (глухарь) 8*60,233,krepej_i_takelaj/samorezy_shurupy/shurupy_dlya_krepleniya_derevyannyh_lag_i_reek,https://optorg.ru/catalog/krepej_i_takelaj/samorezy_shurupy/shurupy_dlya_krepleniya_derevyannyh_lag_i_reek/251145/
251146,ШУРУП (глухарь) 8*70,233,krepej_i_takelaj/samorezy_shurupy/shurupy_dlya_krepleniya_derevyannyh_lag_i_reek,https://optorg.ru/catalog/krepej_i_takelaj/samorezy_shurupy/shurupy_dlya_krepleniya_derevyannyh_lag_i_reek/251146/
251147,ШУРУП (глухарь) 8*80,233,krepej_i_takelaj/samorezy_shurupy/shurupy_dlya_krepleniya_derevyannyh_lag_i_reek,https://optorg.ru/catalog/krepej_i_takelaj/samorezy_shurupy/shurupy_dlya_krepleniya_derevyannyh_lag_i_reek/251147/
251148,ШУРУП (глухарь) 8*90,233,krepej_i_takelaj/samorezy_shurupy/shurupy_dlya_krepleniya_derevyannyh_lag_i_reek,https://optorg.ru/catalog/krepej_i_takelaj/samorezy_shurupy/shurupy_dlya_krepleniya_derevyannyh_lag_i_reek/251148/
251149,ШУРУП (глухарь) 8*100,233,krepej_i_takelaj/samorezy_shurupy/shurupy_dlya_krepleniya_derevyannyh_lag_i_reek,https://optorg.ru/catalog/krepej_i_takelaj/samorezy_shurupy/shurupy_dlya_krepleniya_derevyannyh_lag_i_reek/251149/
251150,ШУРУП (глухарь) 8*120,233,krepej_i_takelaj/samorezy_shurupy/shurupy_dlya_krepleniya_derevyannyh_lag_i_reek,https://optorg.ru/catalog/krepej_i_takelaj/samorezy_shurupy/shurupy_dlya_krepleniya_derevyannyh_lag_i_reek/251150/
251151,ШУРУП (глухарь) 10*60,248,krepej_i_takelaj/samorezy_shurupy/shurupy_dlya_krepleniya_derevyannyh_lag_i_reek,https://optorg.ru/catalog/krepej_i_takelaj/samorezy_shurupy/shurupy_dlya_krepleniya_derevyannyh_lag_i_reek/251151/
251152,ШУРУП (глухарь) 10*70,283,krepej_i_takelaj/samorezy_shurupy/shurupy_dlya_krepleniya_derevyannyh_lag_i_reek,https://optorg.ru/catalog/krepej_i_takelaj/samorezy_shurupy/shurupy_dlya_krepleniya_derevyannyh_lag_i_reek/251152/
251153,ШУРУП (глухарь) 10*80,248,krepej_i_takelaj/samorezy_shurupy/shurupy_dlya_krepleniya_derevyannyh_lag_i_reek,https://optorg.ru/catalog/krepej_i_takelaj/samorezy_shurupy/shurupy_dlya_krepleniya_derevyannyh_lag_i_reek/251153/
251154,ШУРУП (глухарь) 10*90,248,krepej_i_takelaj/samorezy_shurupy/shurupy_dlya_krepleniya_derevyannyh_lag_i_reek,https://optorg.ru/catalog/krepej_i_takelaj/samorezy_shurupy/shurupy_dlya_krepleniya_derevyannyh_lag_i_reek/251154/
251155,ШУРУП (глухарь) 10*100,248,krepej_i_takelaj/samorezy_shurupy/shurupy_dlya_krepleniya_derevyannyh_lag_i_reek,https://optorg.ru/catalog/krepej_i_takelaj/samorezy_shurupy/shurupy_dlya_krepleniya_derevyannyh_lag_i_reek/251155/
251156,ШУРУП (глухарь) 10*120,248,krepej_i_takelaj/samorezy_shurupy/shurupy_dlya_krepleniya_derevyannyh_lag_i_reek,https://optorg.ru/catalog/krepej_i_takelaj/samorezy_shurupy/shurupy_dlya_krepleniya_derevyannyh_lag_i_reek/251156/
251157,ШУРУП (глухарь) 10*140,248,krepej_i_takelaj/samorezy_shurupy/shurupy_dlya_krepleniya_derevyannyh_lag_i_reek,https://optorg.ru/catalog/krepej_i_takelaj/samorezy_shurupy/shurupy_dlya_krepleniya_derevyannyh_lag_i_reek/251157/
251158,ШУРУП (глухарь) 10*160,248,krepej_i_takelaj/samorezy_shurupy/shurupy_dlya_krepleniya_derevyannyh_lag_i_reek,https://optorg.ru/catalog/krepej_i_takelaj/samorezy_shurupy/shurupy_dlya_krepleniya_derevyannyh_lag_i_reek/251158/
251159,ШУРУП (глухарь) 10*180,248,krepej_i_takelaj/samorezy_shurupy/shurupy_dlya_krepleniya_derevyannyh_lag_i_reek,https://optorg.ru/catalog/krepej_i_takelaj/samorezy_shurupy/shurupy_dlya_krepleniya_derevyannyh_lag_i_reek/251159/
251160,ШУРУП (глухарь) 10*200,248,krepej_i_takelaj/samorezy_shurupy/shurupy_dlya_krepleniya_derevyannyh_lag_i_reek,https://optorg.ru/catalog/krepej_i_takelaj/samorezy_shurupy/shurupy_dlya_krepleniya_derevyannyh_lag_i_reek/251160/
252204,ШУРУП (глухарь) 6*140,248,krepej_i_takelaj/samorezy_shurupy/shurupy_dlya_krepleniya_derevyannyh_lag_i_reek,https://optorg.ru/catalog/krepej_i_takelaj/samorezy_shurupy/shurupy_dlya_krepleniya_derevyannyh_lag_i_reek/252204/
252205,ШУРУП (глухарь) 8*140,233,krepej_i_takelaj/samorezy_shurupy/shurupy_dlya_krepleniya_derevyannyh_lag_i_reek,https://optorg.ru/catalog/krepej_i_takelaj/samorezy_shurupy/shurupy_dlya_krepleniya_derevyannyh_lag_i_reek/252205/
252206,ШУРУП (глухарь) 8*160,259,krepej_i_takelaj/samorezy_shurupy/shurupy_dlya_krepleniya_derevyannyh_lag_i_reek,https://optorg.ru/catalog/krepej_i_takelaj/samorezy_shurupy/shurupy_dlya_krepleniya_derevyannyh_lag_i_reek/252206/
252207,ШУРУП (глухарь) 8*180,233,krepej_i_takelaj/samorezy_shurupy/shurupy_dlya_krepleniya_derevyannyh_lag_i_reek,https://optorg.ru/catalog/krepej_i_takelaj/samorezy_shurupy/shurupy_dlya_krepleniya_derevyannyh_lag_i_reek/252207/
421156,ШУРУП (глухарь) 6*30,280,krepej_i_takelaj/samorezy_shurupy/shurupy_dlya_krepleniya_derevyannyh_lag_i_reek,https://optorg.ru/catalog/krepej_i_takelaj/samorezy_shurupy/shurupy_dlya_krepleniya_derevyannyh_lag_i_reek/421156/
401656,Саморез для перфорированного крепежа 5х60мм   упак - 500шт,3490,krepej_i_takelaj/samorezy_shurupy/samorez_dlya_perforirovannogo_krepeja,https://optorg.ru/catalog/krepej_i_takelaj/samorezy_shurupy/samorez_dlya_perforirovannogo_krepeja/401656/
401667,Саморез для перфорированного крепежа 5х70мм   упак - 500шт,4110,krepej_i_takelaj/samorezy_shurupy/samorez_dlya_perforirovannogo_krepeja,https://optorg.ru/catalog/krepej_i_takelaj/samorezy_shurupy/samorez_dlya_perforirovannogo_krepeja/401667/
401670,Саморез для перфорированного крепежа 5х35мм   упак - 500шт,1529,krepej_i_takelaj/samorezy_shurupy/samorez_dlya_perforirovannogo_krepeja,https://optorg.ru/catalog/krepej_i_takelaj/samorezy_shurupy/samorez_dlya_perforirovannogo_krepeja/401670/
401674,Саморез для перфорированного крепежа 5х50мм   упак - 500шт,2690,krepej_i_takelaj/samorezy_shurupy/samorez_dlya_perforirovannogo_krepeja,https://optorg.ru/catalog/krepej_i_takelaj/samorezy_shurupy/samorez_dlya_perforirovannogo_krepeja/401674/
401679,Саморез для перфорированного крепежа 5х45мм   упак - 500шт,2420,krepej_i_takelaj/samorezy_shurupy/samorez_dlya_perforirovannogo_krepeja,https://optorg.ru/catalog/krepej_i_takelaj/samorezy_shurupy/samorez_dlya_perforirovannogo_krepeja/401679/
401680,Саморез для перфорированного крепежа 5х40мм   упак - 500шт,1660,krepej_i_takelaj/samorezy_shurupy/samorez_dlya_perforirovannogo_krepeja,https://optorg.ru/catalog/krepej_i_takelaj/samorezy_shurupy/samorez_dlya_perforirovannogo_krepeja/401680/
488259,"Саморез (шуруп) 4,2х19 с полукруглой головой  DIN 7981  уп - 1000шт",669,krepej_i_takelaj/samorezy_shurupy/samorezy_shurupy_s_polukrugloy_golovoy,https://optorg.ru/catalog/krepej_i_takelaj/samorezy_shurupy/samorezy_shurupy_s_polukrugloy_golovoy/488259/
488270,"Саморез (шуруп) 4,2х13 с полукруглой головой  DIN 7981  уп - 1000шт",547,krepej_i_takelaj/samorezy_shurupy/samorezy_shurupy_s_polukrugloy_golovoy,https://optorg.ru/catalog/krepej_i_takelaj/samorezy_shurupy/samorezy_shurupy_s_polukrugloy_golovoy/488270/
250644,SMT-L Дюбель-гвоздь 8*80   уп.-100 шт,466,krepej_i_takelaj/dyubelnaya_tehnika/dyubel-gvozdi_dlya_bystrogo_montaja,https://optorg.ru/catalog/krepej_i_takelaj/dyubelnaya_tehnika/dyubel-gvozdi_dlya_bystrogo_montaja/250644/
250696,SMT-L Дюбель-гвоздь 8*60   уп.-100 шт.,355,krepej_i_takelaj/dyubelnaya_tehnika/dyubel-gvozdi_dlya_bystrogo_montaja,https://optorg.ru/catalog/krepej_i_takelaj/dyubelnaya_tehnika/dyubel-gvozdi_dlya_bystrogo_montaja/250696/
250743,SMT-L Дюбель-гвоздь 8*100  уп.-100шт.,547,krepej_i_takelaj/dyubelnaya_tehnika/dyubel-gvozdi_dlya_bystrogo_montaja,https://optorg.ru/catalog/krepej_i_takelaj/dyubelnaya_tehnika/dyubel-gvozdi_dlya_bystrogo_montaja/250743/
250744,SMT-L Дюбель-гвоздь 8*120  уп.-100шт.,598,krepej_i_takelaj/dyubelnaya_tehnika/dyubel-gvozdi_dlya_bystrogo_montaja,https://optorg.ru/catalog/krepej_i_takelaj/dyubelnaya_tehnika/dyubel-gvozdi_dlya_bystrogo_montaja/250744/
250745,SMT-L Дюбель-гвоздь 8*140  уп.-50шт.,444,krepej_i_takelaj/dyubelnaya_tehnika/dyubel-gvozdi_dlya_bystrogo_montaja,https://optorg.ru/catalog/krepej_i_takelaj/dyubelnaya_tehnika/dyubel-gvozdi_dlya_bystrogo_montaja/250745/
250773,SMM Дюбель-гвоздь метал. 6*40 уп.-100шт.,732,krepej_i_takelaj/dyubelnaya_tehnika/dyubel-gvozdi_dlya_bystrogo_montaja,https://optorg.ru/catalog/krepej_i_takelaj/dyubelnaya_tehnika/dyubel-gvozdi_dlya_bystrogo_montaja/250773/
250958,SMM Дюбель-гвоздь метал. 6*30 уп.-100 шт.,629,krepej_i_takelaj/dyubelnaya_tehnika/dyubel-gvozdi_dlya_bystrogo_montaja,https://optorg.ru/catalog/krepej_i_takelaj/dyubelnaya_tehnika/dyubel-gvozdi_dlya_bystrogo_montaja/250958/
251028,SMM Дюбель-гвоздь метал. 6*65 уп-100 шт.,1071,krepej_i_takelaj/dyubelnaya_tehnika/dyubel-gvozdi_dlya_bystrogo_montaja,https://optorg.ru/catalog/krepej_i_takelaj/dyubelnaya_tehnika/dyubel-gvozdi_dlya_bystrogo_montaja/251028/
251066,Дюбель-гвоздь 6*40  гриб. гол.  уп.-200 шт.,275,krepej_i_takelaj/dyubelnaya_tehnika/dyubel-gvozdi_dlya_bystrogo_montaja,https://optorg.ru/catalog/krepej_i_takelaj/dyubelnaya_tehnika/dyubel-gvozdi_dlya_bystrogo_montaja/251066/
251178,Дюбель-гвоздь 6*40  потай гол.  уп.-200шт.,275,krepej_i_takelaj/dyubelnaya_tehnika/dyubel-gvozdi_dlya_bystrogo_montaja,https://optorg.ru/catalog/krepej_i_takelaj/dyubelnaya_tehnika/dyubel-gvozdi_dlya_bystrogo_montaja/251178/
251214,Дюбель-гвоздь 6*60  потай гол.   уп.-200 шт.,385,krepej_i_takelaj/dyubelnaya_tehnika/dyubel-gvozdi_dlya_bystrogo_montaja,https://optorg.ru/catalog/krepej_i_takelaj/dyubelnaya_tehnika/dyubel-gvozdi_dlya_bystrogo_montaja/251214/
251215,Дюбель-гвоздь 6*60  гриб. гол.   уп.-200 шт.,385,krepej_i_takelaj/dyubelnaya_tehnika/dyubel-gvozdi_dlya_bystrogo_montaja,https://optorg.ru/catalog/krepej_i_takelaj/dyubelnaya_tehnika/dyubel-gvozdi_dlya_bystrogo_montaja/251215/
251219,Дюбель-гвоздь 6*80  гриб. гол.   уп.-100 шт.,277,krepej_i_takelaj/dyubelnaya_tehnika/dyubel-gvozdi_dlya_bystrogo_montaja,https://optorg.ru/catalog/krepej_i_takelaj/dyubelnaya_tehnika/dyubel-gvozdi_dlya_bystrogo_montaja/251219/
251389,Дюбель-гвоздь 6*80  потай гол.   уп.-100 шт.,277,krepej_i_takelaj/dyubelnaya_tehnika/dyubel-gvozdi_dlya_bystrogo_montaja,https://optorg.ru/catalog/krepej_i_takelaj/dyubelnaya_tehnika/dyubel-gvozdi_dlya_bystrogo_montaja/251389/
251865,SMT-L Дюбель-гвоздь 10*100  уп.-50шт.,802,krepej_i_takelaj/dyubelnaya_tehnika/dyubel-gvozdi_dlya_bystrogo_montaja,https://optorg.ru/catalog/krepej_i_takelaj/dyubelnaya_tehnika/dyubel-gvozdi_dlya_bystrogo_montaja/251865/
251866,SMT-L Дюбель-гвоздь 10*120  уп.-50шт.,868,krepej_i_takelaj/dyubelnaya_tehnika/dyubel-gvozdi_dlya_bystrogo_montaja,https://optorg.ru/catalog/krepej_i_takelaj/dyubelnaya_tehnika/dyubel-gvozdi_dlya_bystrogo_montaja/251866/
251867,SMT-L Дюбель-гвоздь 10*140  уп.-50шт.,929,krepej_i_takelaj/dyubelnaya_tehnika/dyubel-gvozdi_dlya_bystrogo_montaja,https://optorg.ru/catalog/krepej_i_takelaj/dyubelnaya_tehnika/dyubel-gvozdi_dlya_bystrogo_montaja/251867/
251868,SMT-L Дюбель-гвоздь 10*160  уп.-50шт.,1062,krepej_i_takelaj/dyubelnaya_tehnika/dyubel-gvozdi_dlya_bystrogo_montaja,https://optorg.ru/catalog/krepej_i_takelaj/dyubelnaya_tehnika/dyubel-gvozdi_dlya_bystrogo_montaja/251868/
250923,ДЮБЕЛЬ/ТЕРМОИЗОЛЯЦИЯ 10*90,4,krepej_i_takelaj/dyubelnaya_tehnika/dyubelya_dlya_teploizolyacii,https://optorg.ru/catalog/krepej_i_takelaj/dyubelnaya_tehnika/dyubelya_dlya_teploizolyacii/250923/
250924,ДЮБЕЛЬ/ТЕРМОИЗОЛЯЦИЯ 10*120,4.5,krepej_i_takelaj/dyubelnaya_tehnika/dyubelya_dlya_teploizolyacii,https://optorg.ru/catalog/krepej_i_takelaj/dyubelnaya_tehnika/dyubelya_dlya_teploizolyacii/250924/
251054,ДЮБЕЛЬ/ТЕРМОИЗОЛЯЦИЯ 10*120 с железным гвоздем,7.8,krepej_i_takelaj/dyubelnaya_tehnika/dyubelya_dlya_teploizolyacii,https://optorg.ru/catalog/krepej_i_takelaj/dyubelnaya_tehnika/dyubelya_dlya_teploizolyacii/251054/
251183,ДЮБЕЛЬ/ТЕРМОИЗОЛЯЦИЯ 10*160 с железным гвоздем,10.5,krepej_i_takelaj/dyubelnaya_tehnika/dyubelya_dlya_teploizolyacii,https://optorg.ru/catalog/krepej_i_takelaj/dyubelnaya_tehnika/dyubelya_dlya_teploizolyacii/251183/
251247,ДЮБЕЛЬ/ТЕРМОИЗОЛЯЦИЯ 10*110,4.8,krepej_i_takelaj/dyubelnaya_tehnika/dyubelya_dlya_teploizolyacii,https://optorg.ru/catalog/krepej_i_takelaj/dyubelnaya_tehnika/dyubelya_dlya_teploizolyacii/251247/
251280,ДЮБЕЛЬ/ТЕРМОИЗОЛЯЦИЯ 10*180,6.1,krepej_i_takelaj/dyubelnaya_tehnika/dyubelya_dlya_teploizolyacii,https://optorg.ru/catalog/krepej_i_takelaj/dyubelnaya_tehnika/dyubelya_dlya_teploizolyacii/251280/
251407,ДЮБЕЛЬ/ТЕРМОИЗОЛЯЦИЯ 10*90 с железным гвоздем,6.5,krepej_i_takelaj/dyubelnaya_tehnika/dyubelya_dlya_teploizolyacii,https://optorg.ru/catalog/krepej_i_takelaj/dyubelnaya_tehnika/dyubelya_dlya_teploizolyacii/251407/
251432,ДЮБЕЛЬ/ТЕРМОИЗОЛЯЦИЯ 10*100,4.2,krepej_i_takelaj/dyubelnaya_tehnika/dyubelya_dlya_teploizolyacii,https://optorg.ru/catalog/krepej_i_takelaj/dyubelnaya_tehnika/dyubelya_dlya_teploizolyacii/251432/
251433,ДЮБЕЛЬ/ТЕРМОИЗОЛЯЦИЯ 10*160,5.6,krepej_i_takelaj/dyubelnaya_tehnika/dyubelya_dlya_teploizolyacii,https://optorg.ru/catalog/krepej_i_takelaj/dyubelnaya_tehnika/dyubelya_dlya_teploizolyacii/251433/
252089,ДЮБЕЛЬ/ТЕРМОИЗОЛЯЦИЯ 10*180 с железным гвоздем,11.3,krepej_i_takelaj/dyubelnaya_tehnika/dyubelya_dlya_teploizolyacii,https://optorg.ru/catalog/krepej_i_takelaj/dyubelnaya_tehnika/dyubelya_dlya_teploizolyacii/252089/
252258,ДЮБЕЛЬ/ТЕРМОИЗОЛЯЦИЯ 10*200 с железным гвоздем,11.4,krepej_i_takelaj/dyubelnaya_tehnika/dyubelya_dlya_teploizolyacii,https://optorg.ru/catalog/krepej_i_takelaj/dyubelnaya_tehnika/dyubelya_dlya_teploizolyacii/252258/
252333,"Шайба прижимная ""РОНДОЛЬ"" S50    упак-250шт",206,krepej_i_takelaj/dyubelnaya_tehnika/dyubelya_dlya_teploizolyacii,https://optorg.ru/catalog/krepej_i_takelaj/dyubelnaya_tehnika/dyubelya_dlya_teploizolyacii/252333/
252639,"Шайба прижимная ""РОНДОЛЬ"" S60  с термоколпачком,   упак-100шт",174,krepej_i_takelaj/dyubelnaya_tehnika/dyubelya_dlya_teploizolyacii,https://optorg.ru/catalog/krepej_i_takelaj/dyubelnaya_tehnika/dyubelya_dlya_teploizolyacii/252639/
253535,ДЮБЕЛЬ/ТЕРМОИЗОЛЯЦИЯ 10*160 с гвоздем с термоголовкой,13.2,krepej_i_takelaj/dyubelnaya_tehnika/dyubelya_dlya_teploizolyacii,https://optorg.ru/catalog/krepej_i_takelaj/dyubelnaya_tehnika/dyubelya_dlya_teploizolyacii/253535/
253654,ДЮБЕЛЬ/ТЕРМОИЗОЛЯЦИЯ 10*120 с гвоздем с термоголовкой,10.8,krepej_i_takelaj/dyubelnaya_tehnika/dyubelya_dlya_teploizolyacii,https://optorg.ru/catalog/krepej_i_takelaj/dyubelnaya_tehnika/dyubelya_dlya_teploizolyacii/253654/
250698,ДЮБЕЛЬ С КРЮКОМ D=6 - уп.-200шт.,1282,krepej_i_takelaj/dyubelnaya_tehnika/raspornye_dyubelya,https://optorg.ru/catalog/krepej_i_takelaj/dyubelnaya_tehnika/raspornye_dyubelya/250698/
250699,ДЮБЕЛЬ С ПОЛУКОЛЬЦОМ D=6 уп.-200шт.,1590,krepej_i_takelaj/dyubelnaya_tehnika/raspornye_dyubelya,https://optorg.ru/catalog/krepej_i_takelaj/dyubelnaya_tehnika/raspornye_dyubelya/250699/
250700,ДЮБЕЛЬ С ПОЛУКОЛЬЦОМ D=8 уп.-100шт.,1222,krepej_i_takelaj/dyubelnaya_tehnika/raspornye_dyubelya,https://optorg.ru/catalog/krepej_i_takelaj/dyubelnaya_tehnika/raspornye_dyubelya/250700/
250793,ДЮБЕЛЬ С КРЮКОМ D=8 - уп.-200шт.,1655,krepej_i_takelaj/dyubelnaya_tehnika/raspornye_dyubelya,https://optorg.ru/catalog/krepej_i_takelaj/dyubelnaya_tehnika/raspornye_dyubelya/250793/
250837,ДЮБЕЛЬ С ПОЛУКОЛЬЦОМ D=10 уп.-100шт.,1389,krepej_i_takelaj/dyubelnaya_tehnika/raspornye_dyubelya,https://optorg.ru/catalog/krepej_i_takelaj/dyubelnaya_tehnika/raspornye_dyubelya/250837/
250852,ДЮБЕЛЬ С КРЮКОМ D=10 уп.-100шт.,1386,krepej_i_takelaj/dyubelnaya_tehnika/raspornye_dyubelya,https://optorg.ru/catalog/krepej_i_takelaj/dyubelnaya_tehnika/raspornye_dyubelya/250852/
250956,Дюбель универсальный 6*37   уп.-1000шт. Россия,537,krepej_i_takelaj/dyubelnaya_tehnika/raspornye_dyubelya,https://optorg.ru/catalog/krepej_i_takelaj/dyubelnaya_tehnika/raspornye_dyubelya/250956/
251169,Дюбель универсальный 6*52   уп.-1000 шт. Россия,625,krepej_i_takelaj/dyubelnaya_tehnika/raspornye_dyubelya,https://optorg.ru/catalog/krepej_i_takelaj/dyubelnaya_tehnika/raspornye_dyubelya/251169/
251170,Дюбель универсальный 8*52    уп.-500 шт. Россия,452,krepej_i_takelaj/dyubelnaya_tehnika/raspornye_dyubelya,https://optorg.ru/catalog/krepej_i_takelaj/dyubelnaya_tehnika/raspornye_dyubelya/251170/
251171,Дюбель универсальный 10*61   уп.-500 шт. Россия,782,krepej_i_takelaj/dyubelnaya_tehnika/raspornye_dyubelya,https://optorg.ru/catalog/krepej_i_takelaj/dyubelnaya_tehnika/raspornye_dyubelya/251171/
251172,Дюбель распорный усы 6*35   уп.-1000 шт. Россия,260,krepej_i_takelaj/dyubelnaya_tehnika/raspornye_dyubelya,https://optorg.ru/catalog/krepej_i_takelaj/dyubelnaya_tehnika/raspornye_dyubelya/251172/
251173,Дюбель распорный усы 12*60 уп.-250 шт.  Россия,586,krepej_i_takelaj/dyubelnaya_tehnika/raspornye_dyubelya,https://optorg.ru/catalog/krepej_i_takelaj/dyubelnaya_tehnika/raspornye_dyubelya/251173/
251174,Дюбель распорный шипы 6*35   уп.-1000 шт. Россия,666,krepej_i_takelaj/dyubelnaya_tehnika/raspornye_dyubelya,https://optorg.ru/catalog/krepej_i_takelaj/dyubelnaya_tehnika/raspornye_dyubelya/251174/
251175,Дюбель распорный шипы 6*40   уп.-1000 шт. Россия,670,krepej_i_takelaj/dyubelnaya_tehnika/raspornye_dyubelya,https://optorg.ru/catalog/krepej_i_takelaj/dyubelnaya_tehnika/raspornye_dyubelya/251175/
251234,Дюбель распорный усы 10*50   уп.-500 шт. Россия,683,krepej_i_takelaj/dyubelnaya_tehnika/raspornye_dyubelya,https://optorg.ru/catalog/krepej_i_takelaj/dyubelnaya_tehnika/raspornye_dyubelya/251234/
251258,Дюбель распорный тип Т  6х35   уп.-1000 шт. Россия,720,krepej_i_takelaj/dyubelnaya_tehnika/raspornye_dyubelya,https://optorg.ru/catalog/krepej_i_takelaj/dyubelnaya_tehnika/raspornye_dyubelya/251258/
251266,Дюбель распорный шипы 6*50   уп.-1000шт. Россия,725,krepej_i_takelaj/dyubelnaya_tehnika/raspornye_dyubelya,https://optorg.ru/catalog/krepej_i_takelaj/dyubelnaya_tehnika/raspornye_dyubelya/251266/
251267,Дюбель распорный шипы 6*60   уп.-1000шт. Россия,834,krepej_i_takelaj/dyubelnaya_tehnika/raspornye_dyubelya,https://optorg.ru/catalog/krepej_i_takelaj/dyubelnaya_tehnika/raspornye_dyubelya/251267/
251268,Дюбель распорный шипы 8*60   уп.-500шт. Россия,639,krepej_i_takelaj/dyubelnaya_tehnika/raspornye_dyubelya,https://optorg.ru/catalog/krepej_i_takelaj/dyubelnaya_tehnika/raspornye_dyubelya/251268/
251269,Дюбель распорный шипы 8*80   уп.-500шт. Россия,815,krepej_i_takelaj/dyubelnaya_tehnika/raspornye_dyubelya,https://optorg.ru/catalog/krepej_i_takelaj/dyubelnaya_tehnika/raspornye_dyubelya/251269/
251270,Дюбель распорный тип Т  10х50  уп.-500 шт. Россия,776,krepej_i_takelaj/dyubelnaya_tehnika/raspornye_dyubelya,https://optorg.ru/catalog/krepej_i_takelaj/dyubelnaya_tehnika/raspornye_dyubelya/251270/
251271,Дюбель распорный тип Т  8х50   уп.-1000 шт. Россия,1018,krepej_i_takelaj/dyubelnaya_tehnika/raspornye_dyubelya,https://optorg.ru/catalog/krepej_i_takelaj/dyubelnaya_tehnika/raspornye_dyubelya/251271/
251272,Дюбель распорный тип Т  12х60  уп.-250 шт. Россия,682,krepej_i_takelaj/dyubelnaya_tehnika/raspornye_dyubelya,https://optorg.ru/catalog/krepej_i_takelaj/dyubelnaya_tehnika/raspornye_dyubelya/251272/
251273,Дюбель универсальный 6*37 с борт.  уп.-1000шт. Россия,537,krepej_i_takelaj/dyubelnaya_tehnika/raspornye_dyubelya,https://optorg.ru/catalog/krepej_i_takelaj/dyubelnaya_tehnika/raspornye_dyubelya/251273/
251274,Дюбель универсальный 6*52 с борт.  уп.-1000шт. Россия,625,krepej_i_takelaj/dyubelnaya_tehnika/raspornye_dyubelya,https://optorg.ru/catalog/krepej_i_takelaj/dyubelnaya_tehnika/raspornye_dyubelya/251274/
251275,Дюбель универсальный 8*52 с борт. уп.-500шт. Россия,452,krepej_i_takelaj/dyubelnaya_tehnika/raspornye_dyubelya,https://optorg.ru/catalog/krepej_i_takelaj/dyubelnaya_tehnika/raspornye_dyubelya/251275/
251276,Дюбель универсальный 12*71   уп.-250шт. Россия,544,krepej_i_takelaj/dyubelnaya_tehnika/raspornye_dyubelya,https://optorg.ru/catalog/krepej_i_takelaj/dyubelnaya_tehnika/raspornye_dyubelya/251276/
251277,Дюбель распорный усы 8*50   уп.-1000шт. Россия,995,krepej_i_takelaj/dyubelnaya_tehnika/raspornye_dyubelya,https://optorg.ru/catalog/krepej_i_takelaj/dyubelnaya_tehnika/raspornye_dyubelya/251277/
251386,Дюбель распорный шипы 8*50   уп.-1000 шт.Россия,907.8,krepej_i_takelaj/dyubelnaya_tehnika/raspornye_dyubelya,https://optorg.ru/catalog/krepej_i_takelaj/dyubelnaya_tehnika/raspornye_dyubelya/251386/
251424,Дюбель распорный шипы 10*60   уп.-500шт. Россия,820,krepej_i_takelaj/dyubelnaya_tehnika/raspornye_dyubelya,https://optorg.ru/catalog/krepej_i_takelaj/dyubelnaya_tehnika/raspornye_dyubelya/251424/
251636,ДЮБЕЛЬ-БАБОЧКА  уп.-500 шт.,734,krepej_i_takelaj/dyubelnaya_tehnika/raspornye_dyubelya,https://optorg.ru/catalog/krepej_i_takelaj/dyubelnaya_tehnika/raspornye_dyubelya/251636/
252288,Дюбель распорный Чапай 6*35 шипы-усы 1000 шт.,567,krepej_i_takelaj/dyubelnaya_tehnika/raspornye_dyubelya,https://optorg.ru/catalog/krepej_i_takelaj/dyubelnaya_tehnika/raspornye_dyubelya/252288/
252289,Дюбель распорный Чапай 6*40 шипы-усы 1000 шт.,687,krepej_i_takelaj/dyubelnaya_tehnika/raspornye_dyubelya,https://optorg.ru/catalog/krepej_i_takelaj/dyubelnaya_tehnika/raspornye_dyubelya/252289/
252290,Дюбель распорный Чапай 8*40 шипы-усы 500 шт.,470,krepej_i_takelaj/dyubelnaya_tehnika/raspornye_dyubelya,https://optorg.ru/catalog/krepej_i_takelaj/dyubelnaya_tehnika/raspornye_dyubelya/252290/
252301,Дюбель распорный Чапай 10*50 шипы-усы 500 шт.,918,krepej_i_takelaj/dyubelnaya_tehnika/raspornye_dyubelya,https://optorg.ru/catalog/krepej_i_takelaj/dyubelnaya_tehnika/raspornye_dyubelya/252301/
252466,Дюбель распорный усы 10*50   упаковка-30 шт. Россия,36,krepej_i_takelaj/dyubelnaya_tehnika/raspornye_dyubelya,https://optorg.ru/catalog/krepej_i_takelaj/dyubelnaya_tehnika/raspornye_dyubelya/252466/
252467,Дюбель распорный усы 6*35   упаковка-100 шт. Россия,82,krepej_i_takelaj/dyubelnaya_tehnika/raspornye_dyubelya,https://optorg.ru/catalog/krepej_i_takelaj/dyubelnaya_tehnika/raspornye_dyubelya/252467/
252468,Дюбель распорный усы 8*50   упаковка-50шт. Россия,66,krepej_i_takelaj/dyubelnaya_tehnika/raspornye_dyubelya,https://optorg.ru/catalog/krepej_i_takelaj/dyubelnaya_tehnika/raspornye_dyubelya/252468/
252469,Дюбель распорный шипы 10*60   упаковка-30шт. Россия,69,krepej_i_takelaj/dyubelnaya_tehnika/raspornye_dyubelya,https://optorg.ru/catalog/krepej_i_takelaj/dyubelnaya_tehnika/raspornye_dyubelya/252469/
252470,Дюбель распорный шипы 6*40  упаковка-100 шт. Россия,97,krepej_i_takelaj/dyubelnaya_tehnika/raspornye_dyubelya,https://optorg.ru/catalog/krepej_i_takelaj/dyubelnaya_tehnika/raspornye_dyubelya/252470/
252484,Дюбель распорный тип Т  10х50  упаковка-30 шт. Россия,66,krepej_i_takelaj/dyubelnaya_tehnika/raspornye_dyubelya,https://optorg.ru/catalog/krepej_i_takelaj/dyubelnaya_tehnika/raspornye_dyubelya/252484/
252485,Дюбель распорный тип Т  6х35   упаковка-100 шт. Россия,100,krepej_i_takelaj/dyubelnaya_tehnika/raspornye_dyubelya,https://optorg.ru/catalog/krepej_i_takelaj/dyubelnaya_tehnika/raspornye_dyubelya/252485/
252486,Дюбель распорный тип Т  8х50   упаковка-50 шт. Россия,74,krepej_i_takelaj/dyubelnaya_tehnika/raspornye_dyubelya,https://optorg.ru/catalog/krepej_i_takelaj/dyubelnaya_tehnika/raspornye_dyubelya/252486/
252511,Дюбель распорный Чапай 6*50 шипы-усы 1000 шт.,729,krepej_i_takelaj/dyubelnaya_tehnika/raspornye_dyubelya,https://optorg.ru/catalog/krepej_i_takelaj/dyubelnaya_tehnika/raspornye_dyubelya/252511/
252654,Дюбель распорный Чапай 8*50 шипы-усы 500 шт.,550,krepej_i_takelaj/dyubelnaya_tehnika/raspornye_dyubelya,https://optorg.ru/catalog/krepej_i_takelaj/dyubelnaya_tehnika/raspornye_dyubelya/252654/
252682,Дюбель распорный тип Т  12х60  упаковка-20 шт. Россия,71,krepej_i_takelaj/dyubelnaya_tehnika/raspornye_dyubelya,https://optorg.ru/catalog/krepej_i_takelaj/dyubelnaya_tehnika/raspornye_dyubelya/252682/
252683,Дюбель распорный усы 12*60 упаковка-20 шт.  Россия,37,krepej_i_takelaj/dyubelnaya_tehnika/raspornye_dyubelya,https://optorg.ru/catalog/krepej_i_takelaj/dyubelnaya_tehnika/raspornye_dyubelya/252683/
252684,Дюбель распорный усы 6*30   упаковка-100шт. Россия,82,krepej_i_takelaj/dyubelnaya_tehnika/raspornye_dyubelya,https://optorg.ru/catalog/krepej_i_takelaj/dyubelnaya_tehnika/raspornye_dyubelya/252684/
252685,Дюбель распорный усы 8*40   упаковка-50 шт. Россия,56,krepej_i_takelaj/dyubelnaya_tehnika/raspornye_dyubelya,https://optorg.ru/catalog/krepej_i_takelaj/dyubelnaya_tehnika/raspornye_dyubelya/252685/
252687,Дюбель распорный шипы 6*35  упаковка-100 шт. Россия,92,krepej_i_takelaj/dyubelnaya_tehnika/raspornye_dyubelya,https://optorg.ru/catalog/krepej_i_takelaj/dyubelnaya_tehnika/raspornye_dyubelya/252687/
252688,Дюбель распорный шипы 6*50  упаковка-100шт. Россия,100,krepej_i_takelaj/dyubelnaya_tehnika/raspornye_dyubelya,https://optorg.ru/catalog/krepej_i_takelaj/dyubelnaya_tehnika/raspornye_dyubelya/252688/
252689,Дюбель распорный шипы 6*60   упаковка-50шт. Россия,59,krepej_i_takelaj/dyubelnaya_tehnika/raspornye_dyubelya,https://optorg.ru/catalog/krepej_i_takelaj/dyubelnaya_tehnika/raspornye_dyubelya/252689/
252690,Дюбель распорный шипы 8*60   упаковка-30шт. Россия,55,krepej_i_takelaj/dyubelnaya_tehnika/raspornye_dyubelya,https://optorg.ru/catalog/krepej_i_takelaj/dyubelnaya_tehnika/raspornye_dyubelya/252690/
252691,Дюбель распорный шипы 8*80   упаковка-30шт. Россия,68,krepej_i_takelaj/dyubelnaya_tehnika/raspornye_dyubelya,https://optorg.ru/catalog/krepej_i_takelaj/dyubelnaya_tehnika/raspornye_dyubelya/252691/
252702,Дюбель распорный усы 5*25   упаковка-100 шт. Россия,46,krepej_i_takelaj/dyubelnaya_tehnika/raspornye_dyubelya,https://optorg.ru/catalog/krepej_i_takelaj/dyubelnaya_tehnika/raspornye_dyubelya/252702/
252738,Дюбель распорный тип Т  6х30   упаковка-100 шт. Россия,100,krepej_i_takelaj/dyubelnaya_tehnika/raspornye_dyubelya,https://optorg.ru/catalog/krepej_i_takelaj/dyubelnaya_tehnika/raspornye_dyubelya/252738/
252753,Дюбель распорный шипы 8*40   упаковка-50 шт. Россия,66,krepej_i_takelaj/dyubelnaya_tehnika/raspornye_dyubelya,https://optorg.ru/catalog/krepej_i_takelaj/dyubelnaya_tehnika/raspornye_dyubelya/252753/
252758,ДЮБЕЛЬ С ПОЛУКОЛЬЦОМ D=12 уп.-50шт.,1242,krepej_i_takelaj/dyubelnaya_tehnika/raspornye_dyubelya,https://optorg.ru/catalog/krepej_i_takelaj/dyubelnaya_tehnika/raspornye_dyubelya/252758/
252771,Дюбель распорный шипы 8*30   упаковка-50 шт. Россия,26.8,krepej_i_takelaj/dyubelnaya_tehnika/raspornye_dyubelya,https://optorg.ru/catalog/krepej_i_takelaj/dyubelnaya_tehnika/raspornye_dyubelya/252771/
252772,Дюбель распорный шипы 6*25   упаковка-100 шт. Россия,58,krepej_i_takelaj/dyubelnaya_tehnika/raspornye_dyubelya,https://optorg.ru/catalog/krepej_i_takelaj/dyubelnaya_tehnika/raspornye_dyubelya/252772/
252773,Дюбель распорный шипы 8*50   упаковка-50 шт.Россия,80,krepej_i_takelaj/dyubelnaya_tehnika/raspornye_dyubelya,https://optorg.ru/catalog/krepej_i_takelaj/dyubelnaya_tehnika/raspornye_dyubelya/252773/
252861,ДЮБЕЛЬ С КРЮКОМ D=12 уп.-50шт.,1069,krepej_i_takelaj/dyubelnaya_tehnika/raspornye_dyubelya,https://optorg.ru/catalog/krepej_i_takelaj/dyubelnaya_tehnika/raspornye_dyubelya/252861/
253562,Дюбель распорный Чапай 8*60 шипы-усы 500 шт.,700,krepej_i_takelaj/dyubelnaya_tehnika/raspornye_dyubelya,https://optorg.ru/catalog/krepej_i_takelaj/dyubelnaya_tehnika/raspornye_dyubelya/253562/
253586,Дюбель распорный Чапай 8*80 шипы-усы 300 шт.,618,krepej_i_takelaj/dyubelnaya_tehnika/raspornye_dyubelya,https://optorg.ru/catalog/krepej_i_takelaj/dyubelnaya_tehnika/raspornye_dyubelya/253586/
253667,Дюбель распорный Чапай 6*60 шипы-усы 500 шт.,454,krepej_i_takelaj/dyubelnaya_tehnika/raspornye_dyubelya,https://optorg.ru/catalog/krepej_i_takelaj/dyubelnaya_tehnika/raspornye_dyubelya/253667/
437769,Дюбель распорный шипы 12*70   уп.-250шт. Россия,756,krepej_i_takelaj/dyubelnaya_tehnika/raspornye_dyubelya,https://optorg.ru/catalog/krepej_i_takelaj/dyubelnaya_tehnika/raspornye_dyubelya/437769/
437771,Дюбель распорный Чапай 12*60 шипы-усы 250 шт.,863,krepej_i_takelaj/dyubelnaya_tehnika/raspornye_dyubelya,https://optorg.ru/catalog/krepej_i_takelaj/dyubelnaya_tehnika/raspornye_dyubelya/437771/
468409,Дюбель распорный шипы 12*70   упаковка-20 шт. Россия,85,krepej_i_takelaj/dyubelnaya_tehnika/raspornye_dyubelya,https://optorg.ru/catalog/krepej_i_takelaj/dyubelnaya_tehnika/raspornye_dyubelya/468409/
481091,Дюбель распорный Чапай 12*70 шипы-усы 200 шт.,753,krepej_i_takelaj/dyubelnaya_tehnika/raspornye_dyubelya,https://optorg.ru/catalog/krepej_i_takelaj/dyubelnaya_tehnika/raspornye_dyubelya/481091/
250851,DRIVA-SPA  дюбель метал. 15*38 (13*42)   уп.-100шт.  (дрива),819,krepej_i_takelaj/dyubelnaya_tehnika/dyubelya_dlya_gipsokartona,https://optorg.ru/catalog/krepej_i_takelaj/dyubelnaya_tehnika/dyubelya_dlya_gipsokartona/250851/
251299,DRIVA-SPA  дюбель пласт. 14*23   уп.-200шт.  (дрива),236,krepej_i_takelaj/dyubelnaya_tehnika/dyubelya_dlya_gipsokartona,https://optorg.ru/catalog/krepej_i_takelaj/dyubelnaya_tehnika/dyubelya_dlya_gipsokartona/251299/
252798,Дюбель для ПБ (для газобетона)  10х60 пластик,5,krepej_i_takelaj/dyubelnaya_tehnika/dyubelya_dlya_gipsokartona,https://optorg.ru/catalog/krepej_i_takelaj/dyubelnaya_tehnika/dyubelya_dlya_gipsokartona/252798/
252799,Дюбель для ПБ (для газобетона)  8х55 пластик,5,krepej_i_takelaj/dyubelnaya_tehnika/dyubelya_dlya_gipsokartona,https://optorg.ru/catalog/krepej_i_takelaj/dyubelnaya_tehnika/dyubelya_dlya_gipsokartona/252799/
309174,DRIVA-SPA  дюбель пласт. со сверлом 14*32   уп.-200шт.  (дрива),267,krepej_i_takelaj/dyubelnaya_tehnika/dyubelya_dlya_gipsokartona,https://optorg.ru/catalog/krepej_i_takelaj/dyubelnaya_tehnika/dyubelya_dlya_gipsokartona/309174/
253190,Крепления для маяков (с дюбелем и саморезом)   уп - 25штук   металл,128,krepej_i_takelaj/dyubelnaya_tehnika/krepleniya_dlya_mayakov,https://optorg.ru/catalog/krepej_i_takelaj/dyubelnaya_tehnika/krepleniya_dlya_mayakov/253190/
253191,Крепления для маяков (с дюбелем и саморезом)   уп - 25штук   пластик,159,krepej_i_takelaj/dyubelnaya_tehnika/krepleniya_dlya_mayakov,https://optorg.ru/catalog/krepej_i_takelaj/dyubelnaya_tehnika/krepleniya_dlya_mayakov/253191/
401424,"Крепления для маяков  ""креммер""   уп - 100 штук   металл",225,krepej_i_takelaj/dyubelnaya_tehnika/krepleniya_dlya_mayakov,https://optorg.ru/catalog/krepej_i_takelaj/dyubelnaya_tehnika/krepleniya_dlya_mayakov/401424/
250338,"Болт М10x35 мм, ГОСТ 7798-70, ГОСТ 7805-70, DIN 931, Россия",184,krepej_i_takelaj/metricheskiy_krepej/bolty,https://optorg.ru/catalog/krepej_i_takelaj/metricheskiy_krepej/bolty/250338/
250349,"Болт М6x30 мм, ГОСТ Р ИСО 4014-2013 (7798-70, 7805-70), DIN 931, Россия",195,krepej_i_takelaj/metricheskiy_krepej/bolty,https://optorg.ru/catalog/krepej_i_takelaj/metricheskiy_krepej/bolty/250349/
250352,"Болт М12x40 мм, ГОСТ 7798-70, ГОСТ 7805-70, DIN 931, Россия",192,krepej_i_takelaj/metricheskiy_krepej/bolty,https://optorg.ru/catalog/krepej_i_takelaj/metricheskiy_krepej/bolty/250352/
250355,"Болт М8x16 мм, полная резьба, ГОСТ Р ИСО 4014-2013 (7798-70, 7805-70), DIN 931, Россия",192,krepej_i_takelaj/metricheskiy_krepej/bolty,https://optorg.ru/catalog/krepej_i_takelaj/metricheskiy_krepej/bolty/250355/
250360,"Болт М8x45 мм, ГОСТ Р ИСО 4014-2013 (7798-70, 7805-70), DIN 931, Россия",185,krepej_i_takelaj/metricheskiy_krepej/bolty,https://optorg.ru/catalog/krepej_i_takelaj/metricheskiy_krepej/bolty/250360/
250362,"Болт М8x60 мм, ГОСТ Р ИСО 4014-2013 (7798-70, 7805-70), DIN 931, Россия",185,krepej_i_takelaj/metricheskiy_krepej/bolty,https://optorg.ru/catalog/krepej_i_takelaj/metricheskiy_krepej/bolty/250362/
250364,"Болт М8x70 мм, ГОСТ Р ИСО 4014-2013 (7798-70, 7805-70), DIN 931, Россия",185,krepej_i_takelaj/metricheskiy_krepej/bolty,https://optorg.ru/catalog/krepej_i_takelaj/metricheskiy_krepej/bolty/250364/
250366,"Болт М8x80 мм, ГОСТ Р ИСО 4014-2013 (7798-70, 7805-70), DIN 931, Россия",185,krepej_i_takelaj/metricheskiy_krepej/bolty,https://optorg.ru/catalog/krepej_i_takelaj/metricheskiy_krepej/bolty/250366/
250371,"Болт М10x30 мм, ГОСТ 7798-70, ГОСТ 7805-70, DIN 931, Россия",190,krepej_i_takelaj/metricheskiy_krepej/bolty,https://optorg.ru/catalog/krepej_i_takelaj/metricheskiy_krepej/bolty/250371/
250372,"Болт М10x50 мм, ГОСТ 7798-70, ГОСТ 7805-70, DIN 931, Россия",184,krepej_i_takelaj/metricheskiy_krepej/bolty,https://optorg.ru/catalog/krepej_i_takelaj/metricheskiy_krepej/bolty/250372/
250375,"Болт М10x70 мм, ГОСТ 7798-70, ГОСТ 7805-70, DIN 931, Россия",184,krepej_i_takelaj/metricheskiy_krepej/bolty,https://optorg.ru/catalog/krepej_i_takelaj/metricheskiy_krepej/bolty/250375/
250380,"Болт М10x100 мм, ГОСТ 7798-70, ГОСТ 7805-70, DIN 931, Россия",185,krepej_i_takelaj/metricheskiy_krepej/bolty,https://optorg.ru/catalog/krepej_i_takelaj/metricheskiy_krepej/bolty/250380/
250387,"Болт М12x55 мм, ГОСТ 7798-70, ГОСТ 7805-70, DIN 931, Россия",192,krepej_i_takelaj/metricheskiy_krepej/bolty,https://optorg.ru/catalog/krepej_i_takelaj/metricheskiy_krepej/bolty/250387/
250389,"Болт М12x60 мм, ГОСТ 7798-70, ГОСТ 7805-70, DIN 931, Россия",192,krepej_i_takelaj/metricheskiy_krepej/bolty,https://optorg.ru/catalog/krepej_i_takelaj/metricheskiy_krepej/bolty/250389/
250390,"Болт М12x65 мм, ГОСТ 7798-70, ГОСТ 7805-70, DIN 931, Россия",192,krepej_i_takelaj/metricheskiy_krepej/bolty,https://optorg.ru/catalog/krepej_i_takelaj/metricheskiy_krepej/bolty/250390/
250391,"Болт М12x70 мм, ГОСТ 7798-70, ГОСТ 7805-70, DIN 931, Россия",192,krepej_i_takelaj/metricheskiy_krepej/bolty,https://optorg.ru/catalog/krepej_i_takelaj/metricheskiy_krepej/bolty/250391/
250392,"Болт М12x80 мм, ГОСТ 7798-70, ГОСТ 7805-70, DIN 931, Беларусь",192,krepej_i_takelaj/metricheskiy_krepej/bolty,https://optorg.ru/catalog/krepej_i_takelaj/metricheskiy_krepej/bolty/250392/
250394,"Болт М12x100 мм, ГОСТ 7798-70, ГОСТ 7805-70, DIN 931, Россия",193,krepej_i_takelaj/metricheskiy_krepej/bolty,https://optorg.ru/catalog/krepej_i_takelaj/metricheskiy_krepej/bolty/250394/
250395,"Болт М12x120 мм, ГОСТ 7798-70, ГОСТ 7805-70, DIN 931, Россия",193,krepej_i_takelaj/metricheskiy_krepej/bolty,https://optorg.ru/catalog/krepej_i_takelaj/metricheskiy_krepej/bolty/250395/
250396,"Болт М12x110 мм, ГОСТ 7798-70, ГОСТ 7805-70, DIN 931, Россия",193,krepej_i_takelaj/metricheskiy_krepej/bolty,https://optorg.ru/catalog/krepej_i_takelaj/metricheskiy_krepej/bolty/250396/
250398,"Болт М14x30 мм, полная резьба, ГОСТ Р ИСО 4014-2013 (7798-70, 7805-70), DIN 931, Россия",208,krepej_i_takelaj/metricheskiy_krepej/bolty,https://optorg.ru/catalog/krepej_i_takelaj/metricheskiy_krepej/bolty/250398/
250400,"Болт М14x40 мм, ГОСТ Р ИСО 4014-2013 (7798-70, 7805-70), DIN 931, Россия",204,krepej_i_takelaj/metricheskiy_krepej/bolty,https://optorg.ru/catalog/krepej_i_takelaj/metricheskiy_krepej/bolty/250400/
250402,"Болт М14x45 мм, ГОСТ Р ИСО 4014-2013 (7798-70, 7805-70), DIN 931, Россия",204,krepej_i_takelaj/metricheskiy_krepej/bolty,https://optorg.ru/catalog/krepej_i_takelaj/metricheskiy_krepej/bolty/250402/
250404,"Болт М14x55 мм, ГОСТ Р ИСО 4014-2013 (7798-70, 7805-70), DIN 931, Россия",204,krepej_i_takelaj/metricheskiy_krepej/bolty,https://optorg.ru/catalog/krepej_i_takelaj/metricheskiy_krepej/bolty/250404/
250406,"Болт М14x60 мм, ГОСТ Р ИСО 4014-2013 (7798-70, 7805-70), DIN 931, Россия",204,krepej_i_takelaj/metricheskiy_krepej/bolty,https://optorg.ru/catalog/krepej_i_takelaj/metricheskiy_krepej/bolty/250406/
250407,"Болт М14x65 мм, ГОСТ Р ИСО 4014-2013 (7798-70, 7805-70), DIN 931, Россия",204,krepej_i_takelaj/metricheskiy_krepej/bolty,https://optorg.ru/catalog/krepej_i_takelaj/metricheskiy_krepej/bolty/250407/
250410,"Болт М14x80 мм, ГОСТ Р ИСО 4014-2013 (7798-70, 7805-70), DIN 931, Россия",204,krepej_i_takelaj/metricheskiy_krepej/bolty,https://optorg.ru/catalog/krepej_i_takelaj/metricheskiy_krepej/bolty/250410/
250411,"Болт М14x90 мм, ГОСТ Р ИСО 4014-2013 (7798-70, 7805-70), DIN 931, Россия",204,krepej_i_takelaj/metricheskiy_krepej/bolty,https://optorg.ru/catalog/krepej_i_takelaj/metricheskiy_krepej/bolty/250411/
250412,"Болт М14x100 мм, ГОСТ Р ИСО 4014-2013 (7798-70, 7805-70), DIN 931, Россия",204,krepej_i_takelaj/metricheskiy_krepej/bolty,https://optorg.ru/catalog/krepej_i_takelaj/metricheskiy_krepej/bolty/250412/
250414,"Болт М14x110 мм, ГОСТ Р ИСО 4014-2013 (7798-70, 7805-70), DIN 931, Россия",204,krepej_i_takelaj/metricheskiy_krepej/bolty,https://optorg.ru/catalog/krepej_i_takelaj/metricheskiy_krepej/bolty/250414/
250417,"Болт М16x85 мм, ГОСТ Р ИСО 4014-2013 (7798-70, 7805-70), DIN 931, Россия",180,krepej_i_takelaj/metricheskiy_krepej/bolty,https://optorg.ru/catalog/krepej_i_takelaj/metricheskiy_krepej/bolty/250417/
250430,"Болт М16x95 мм, ГОСТ Р ИСО 4014-2013 (7798-70, 7805-70), DIN 931, Россия",182,krepej_i_takelaj/metricheskiy_krepej/bolty,https://optorg.ru/catalog/krepej_i_takelaj/metricheskiy_krepej/bolty/250430/
250435,"Болт М18x60 мм, ГОСТ Р ИСО 4014-2013 (7798-70, 7805-70), DIN 931, Россия",200,krepej_i_takelaj/metricheskiy_krepej/bolty,https://optorg.ru/catalog/krepej_i_takelaj/metricheskiy_krepej/bolty/250435/
250436,"Болт М18x70 мм, ГОСТ Р ИСО 4014-2013 (7798-70, 7805-70), DIN 931, Россия",200,krepej_i_takelaj/metricheskiy_krepej/bolty,https://optorg.ru/catalog/krepej_i_takelaj/metricheskiy_krepej/bolty/250436/
250437,"Болт М18x75 мм, ГОСТ Р ИСО 4014-2013 (7798-70, 7805-70), DIN 931, Россия",200,krepej_i_takelaj/metricheskiy_krepej/bolty,https://optorg.ru/catalog/krepej_i_takelaj/metricheskiy_krepej/bolty/250437/
250438,"Болт М18x80 мм, ГОСТ Р ИСО 4014-2013 (7798-70, 7805-70), DIN 931, Россия",200,krepej_i_takelaj/metricheskiy_krepej/bolty,https://optorg.ru/catalog/krepej_i_takelaj/metricheskiy_krepej/bolty/250438/
250439,"Болт М18x90 мм, ГОСТ Р ИСО 4014-2013 (7798-70, 7805-70), DIN 931, Россия",200,krepej_i_takelaj/metricheskiy_krepej/bolty,https://optorg.ru/catalog/krepej_i_takelaj/metricheskiy_krepej/bolty/250439/
250440,"Болт М18x100 мм, ГОСТ Р ИСО 4014-2013 (7798-70, 7805-70), DIN 931, Россия",200,krepej_i_takelaj/metricheskiy_krepej/bolty,https://optorg.ru/catalog/krepej_i_takelaj/metricheskiy_krepej/bolty/250440/
250441,"Болт М18x110 мм, ГОСТ Р ИСО 4014-2013 (7798-70, 7805-70), DIN 931, Россия",200,krepej_i_takelaj/metricheskiy_krepej/bolty,https://optorg.ru/catalog/krepej_i_takelaj/metricheskiy_krepej/bolty/250441/
250443,"Болт М18x120 мм, ГОСТ Р ИСО 4014-2013 (7798-70, 7805-70), DIN 931, Россия",200,krepej_i_takelaj/metricheskiy_krepej/bolty,https://optorg.ru/catalog/krepej_i_takelaj/metricheskiy_krepej/bolty/250443/
250446,"Болт М20x50 мм, ГОСТ Р ИСО 4014-2013 (7798-70, 7805-70), DIN 931, Россия",193,krepej_i_takelaj/metricheskiy_krepej/bolty,https://optorg.ru/catalog/krepej_i_takelaj/metricheskiy_krepej/bolty/250446/
250447,"Болт М20x55 мм, ГОСТ Р ИСО 4014-2013 (7798-70, 7805-70), DIN 931, Россия",193,krepej_i_takelaj/metricheskiy_krepej/bolty,https://optorg.ru/catalog/krepej_i_takelaj/metricheskiy_krepej/bolty/250447/
250448,"Болт М20x60 мм, ГОСТ Р ИСО 4014-2013 (7798-70, 7805-70), DIN 931, Россия",193,krepej_i_takelaj/metricheskiy_krepej/bolty,https://optorg.ru/catalog/krepej_i_takelaj/metricheskiy_krepej/bolty/250448/
250451,"Болт М20x75 мм, ГОСТ Р ИСО 4014-2013 (7798-70, 7805-70), DIN 931, Россия",193,krepej_i_takelaj/metricheskiy_krepej/bolty,https://optorg.ru/catalog/krepej_i_takelaj/metricheskiy_krepej/bolty/250451/
250453,"Болт М20x85 мм, ГОСТ Р ИСО 4014-2013 (7798-70, 7805-70), DIN 931, Россия",193,krepej_i_takelaj/metricheskiy_krepej/bolty,https://optorg.ru/catalog/krepej_i_takelaj/metricheskiy_krepej/bolty/250453/
250455,"Болт М20x90 мм, ГОСТ Р ИСО 4014-2013 (7798-70, 7805-70), DIN 931, Россия",193,krepej_i_takelaj/metricheskiy_krepej/bolty,https://optorg.ru/catalog/krepej_i_takelaj/metricheskiy_krepej/bolty/250455/
250457,"Болт М20x100 мм, ГОСТ Р ИСО 4014-2013 (7798-70, 7805-70), DIN 931, Россия",196,krepej_i_takelaj/metricheskiy_krepej/bolty,https://optorg.ru/catalog/krepej_i_takelaj/metricheskiy_krepej/bolty/250457/
250461,"Болт М20x120 мм, ГОСТ Р ИСО 4014-2013 (7798-70, 7805-70), DIN 931, Россия",196,krepej_i_takelaj/metricheskiy_krepej/bolty,https://optorg.ru/catalog/krepej_i_takelaj/metricheskiy_krepej/bolty/250461/
250462,"Болт М22x60 мм, ГОСТ Р ИСО 4014-2013 (7798-70, 7805-70), DIN 931, Россия",215,krepej_i_takelaj/metricheskiy_krepej/bolty,https://optorg.ru/catalog/krepej_i_takelaj/metricheskiy_krepej/bolty/250462/
250468,"Болт М22x110 мм, ГОСТ Р ИСО 4014-2013 (7798-70, 7805-70), DIN 931, Россия",215,krepej_i_takelaj/metricheskiy_krepej/bolty,https://optorg.ru/catalog/krepej_i_takelaj/metricheskiy_krepej/bolty/250468/
250470,"Болт М24x60 мм, ГОСТ Р ИСО 4014-2013 (7798-70, 7805-70), DIN 931, Россия",197,krepej_i_takelaj/metricheskiy_krepej/bolty,https://optorg.ru/catalog/krepej_i_takelaj/metricheskiy_krepej/bolty/250470/
250472,"Болт М24x80 мм, ГОСТ Р ИСО 4014-2013 (7798-70, 7805-70), DIN 931, Россия",197,krepej_i_takelaj/metricheskiy_krepej/bolty,https://optorg.ru/catalog/krepej_i_takelaj/metricheskiy_krepej/bolty/250472/
250474,"Болт М24x95 мм, ГОСТ Р ИСО 4014-2013 (7798-70, 7805-70), DIN 931, Россия",197,krepej_i_takelaj/metricheskiy_krepej/bolty,https://optorg.ru/catalog/krepej_i_takelaj/metricheskiy_krepej/bolty/250474/
250477,"Болт М24x100 мм, ГОСТ Р ИСО 4014-2013 (7798-70, 7805-70), DIN 931, Россия",197,krepej_i_takelaj/metricheskiy_krepej/bolty,https://optorg.ru/catalog/krepej_i_takelaj/metricheskiy_krepej/bolty/250477/
250480,"Болт М24x120 мм, ГОСТ Р ИСО 4014-2013 (7798-70, 7805-70), DIN 931, Россия",197,krepej_i_takelaj/metricheskiy_krepej/bolty,https://optorg.ru/catalog/krepej_i_takelaj/metricheskiy_krepej/bolty/250480/
250484,"Болт М27x110 мм, ГОСТ Р ИСО 4014-2013 (7798-70, 7805-70), DIN 931, Россия",243,krepej_i_takelaj/metricheskiy_krepej/bolty,https://optorg.ru/catalog/krepej_i_takelaj/metricheskiy_krepej/bolty/250484/
250485,"Болт М22x70 мм, ГОСТ Р ИСО 4014-2013 (7798-70, 7805-70), DIN 931, Россия",215,krepej_i_takelaj/metricheskiy_krepej/bolty,https://optorg.ru/catalog/krepej_i_takelaj/metricheskiy_krepej/bolty/250485/
250486,"Болт М27x120 мм, ГОСТ Р ИСО 4014-2013 (7798-70, 7805-70), DIN 931, Россия",243,krepej_i_takelaj/metricheskiy_krepej/bolty,https://optorg.ru/catalog/krepej_i_takelaj/metricheskiy_krepej/bolty/250486/
250488,"Болт М8x30 мм норийный, чертеж 7811—7074 (DIN 15237), Беларусь",285,krepej_i_takelaj/metricheskiy_krepej/bolty,https://optorg.ru/catalog/krepej_i_takelaj/metricheskiy_krepej/bolty/250488/
250490,"Болт М10x40 мм лемешный, ГОСТ 7786-81, Беларусь",263,krepej_i_takelaj/metricheskiy_krepej/bolty,https://optorg.ru/catalog/krepej_i_takelaj/metricheskiy_krepej/bolty/250490/
250498,"Болт М16x60 мм лемешный, ГОСТ 7786-81, Россия",372,krepej_i_takelaj/metricheskiy_krepej/bolty,https://optorg.ru/catalog/krepej_i_takelaj/metricheskiy_krepej/bolty/250498/
250558,"Болт М20x80 мм лемешный, ГОСТ 7786-81, Россия",372,krepej_i_takelaj/metricheskiy_krepej/bolty,https://optorg.ru/catalog/krepej_i_takelaj/metricheskiy_krepej/bolty/250558/
250559,"Болт М12x45 мм, ГОСТ 7798-70, ГОСТ 7805-70, DIN 931, Россия",192,krepej_i_takelaj/metricheskiy_krepej/bolty,https://optorg.ru/catalog/krepej_i_takelaj/metricheskiy_krepej/bolty/250559/
250566,"Болт М16x30 мм, полная резьба, ГОСТ Р ИСО 4014-2013 (7798-70, 7805-70), DIN 931, Россия",183,krepej_i_takelaj/metricheskiy_krepej/bolty,https://optorg.ru/catalog/krepej_i_takelaj/metricheskiy_krepej/bolty/250566/
250568,"Болт М24x50 мм, полная резьба, ГОСТ Р ИСО 4014-2013 (7798-70, 7805-70), DIN 931, Россия",261,krepej_i_takelaj/metricheskiy_krepej/bolty,https://optorg.ru/catalog/krepej_i_takelaj/metricheskiy_krepej/bolty/250568/
250580,"Болт М27x100 мм, ГОСТ Р ИСО 4014-2013 (7798-70, 7805-70), DIN 931, Россия",243,krepej_i_takelaj/metricheskiy_krepej/bolty,https://optorg.ru/catalog/krepej_i_takelaj/metricheskiy_krepej/bolty/250580/
250581,"Болт М20x80 мм, ГОСТ Р ИСО 4014-2013 (7798-70, 7805-70), DIN 931, Россия",193,krepej_i_takelaj/metricheskiy_krepej/bolty,https://optorg.ru/catalog/krepej_i_takelaj/metricheskiy_krepej/bolty/250581/
250586,"Болт М10x110 мм, ГОСТ 7798-70, ГОСТ 7805-70, DIN 931, Россия",185,krepej_i_takelaj/metricheskiy_krepej/bolty,https://optorg.ru/catalog/krepej_i_takelaj/metricheskiy_krepej/bolty/250586/
250587,"Болт М16x140 мм, ГОСТ Р ИСО 4014-2013 (7798-70, 7805-70), DIN 931, Россия",182,krepej_i_takelaj/metricheskiy_krepej/bolty,https://optorg.ru/catalog/krepej_i_takelaj/metricheskiy_krepej/bolty/250587/
250592,"Болт М20x170 мм, ГОСТ Р ИСО 4014-2013 (7798-70, 7805-70), DIN 931, Россия",196,krepej_i_takelaj/metricheskiy_krepej/bolty,https://optorg.ru/catalog/krepej_i_takelaj/metricheskiy_krepej/bolty/250592/
250593,"Болт М20x200 мм, ГОСТ Р ИСО 4014-2013 (7798-70, 7805-70), DIN 931, Россия",196,krepej_i_takelaj/metricheskiy_krepej/bolty,https://optorg.ru/catalog/krepej_i_takelaj/metricheskiy_krepej/bolty/250593/
250594,"Болт М16x150 мм, ГОСТ Р ИСО 4014-2013 (7798-70, 7805-70), DIN 931, Россия",182,krepej_i_takelaj/metricheskiy_krepej/bolty,https://optorg.ru/catalog/krepej_i_takelaj/metricheskiy_krepej/bolty/250594/
250596,"Болт М20x180 мм, ГОСТ Р ИСО 4014-2013 (7798-70, 7805-70), DIN 931, Россия",196,krepej_i_takelaj/metricheskiy_krepej/bolty,https://optorg.ru/catalog/krepej_i_takelaj/metricheskiy_krepej/bolty/250596/
250604,"Болт М10x55 мм, ГОСТ 7798-70, ГОСТ 7805-70, DIN 931, Россия",184,krepej_i_takelaj/metricheskiy_krepej/bolty,https://optorg.ru/catalog/krepej_i_takelaj/metricheskiy_krepej/bolty/250604/
250605,"Болт М12x130 мм, ГОСТ 7798-70, ГОСТ 7805-70, DIN 931, Беларусь",193,krepej_i_takelaj/metricheskiy_krepej/bolty,https://optorg.ru/catalog/krepej_i_takelaj/metricheskiy_krepej/bolty/250605/
250609,"Болт М12x85 мм, ГОСТ 7798-70, ГОСТ 7805-70, DIN 931, Россия",192,krepej_i_takelaj/metricheskiy_krepej/bolty,https://optorg.ru/catalog/krepej_i_takelaj/metricheskiy_krepej/bolty/250609/
250615,"Болт М12x75 мм, ГОСТ 7798-70, ГОСТ 7805-70, DIN 931, Россия",192,krepej_i_takelaj/metricheskiy_krepej/bolty,https://optorg.ru/catalog/krepej_i_takelaj/metricheskiy_krepej/bolty/250615/
250616,"Болт М18x50 мм, ГОСТ Р ИСО 4014-2013 (7798-70, 7805-70), DIN 931, Россия",200,krepej_i_takelaj/metricheskiy_krepej/bolty,https://optorg.ru/catalog/krepej_i_takelaj/metricheskiy_krepej/bolty/250616/
250628,"Болт М6x12 мм, полная резьба, ГОСТ Р ИСО 4014-2013 (7798-70, 7805-70), DIN 931, Беларусь",200,krepej_i_takelaj/metricheskiy_krepej/bolty,https://optorg.ru/catalog/krepej_i_takelaj/metricheskiy_krepej/bolty/250628/
250727,"Болт М30x100 мм, ГОСТ Р ИСО 4014-2013 (7798-70, 7805-70), DIN 931, Россия",212,krepej_i_takelaj/metricheskiy_krepej/bolty,https://optorg.ru/catalog/krepej_i_takelaj/metricheskiy_krepej/bolty/250727/
250728,"Болт М30x110 мм, ГОСТ Р ИСО 4014-2013 (7798-70, 7805-70), DIN 931, Россия",212,krepej_i_takelaj/metricheskiy_krepej/bolty,https://optorg.ru/catalog/krepej_i_takelaj/metricheskiy_krepej/bolty/250728/
250729,"Болт М30x120 мм, ГОСТ Р ИСО 4014-2013 (7798-70, 7805-70), DIN 931, Россия",212,krepej_i_takelaj/metricheskiy_krepej/bolty,https://optorg.ru/catalog/krepej_i_takelaj/metricheskiy_krepej/bolty/250729/
250764,"Болт М16x50 мм лемешный, ГОСТ 7786-81, Россия",372,krepej_i_takelaj/metricheskiy_krepej/bolty,https://optorg.ru/catalog/krepej_i_takelaj/metricheskiy_krepej/bolty/250764/
250796,"Болт М18x140 мм, ГОСТ Р ИСО 4014-2013 (7798-70, 7805-70), DIN 931, Россия",200,krepej_i_takelaj/metricheskiy_krepej/bolty,https://optorg.ru/catalog/krepej_i_takelaj/metricheskiy_krepej/bolty/250796/
250829,"Болт М12x35 мм, ГОСТ 7798-70, ГОСТ 7805-70, DIN 931, Россия",197,krepej_i_takelaj/metricheskiy_krepej/bolty,https://optorg.ru/catalog/krepej_i_takelaj/metricheskiy_krepej/bolty/250829/
250830,"Болт М20x95 мм, ГОСТ Р ИСО 4014-2013 (7798-70, 7805-70), DIN 931, Россия",196,krepej_i_takelaj/metricheskiy_krepej/bolty,https://optorg.ru/catalog/krepej_i_takelaj/metricheskiy_krepej/bolty/250830/
250864,"Болт М20x150 мм, ГОСТ Р ИСО 4014-2013 (7798-70, 7805-70), DIN 931, Россия",196,krepej_i_takelaj/metricheskiy_krepej/bolty,https://optorg.ru/catalog/krepej_i_takelaj/metricheskiy_krepej/bolty/250864/
250865,"Болт М24x90 мм, ГОСТ Р ИСО 4014-2013 (7798-70, 7805-70), DIN 931, Россия",197,krepej_i_takelaj/metricheskiy_krepej/bolty,https://optorg.ru/catalog/krepej_i_takelaj/metricheskiy_krepej/bolty/250865/
250871,"Болт М10x40 мм, ГОСТ 7798-70, ГОСТ 7805-70, DIN 931, Россия",184,krepej_i_takelaj/metricheskiy_krepej/bolty,https://optorg.ru/catalog/krepej_i_takelaj/metricheskiy_krepej/bolty/250871/
250872,"Болт М12x50 мм, ГОСТ 7798-70, ГОСТ 7805-70, DIN 931, Россия",192,krepej_i_takelaj/metricheskiy_krepej/bolty,https://optorg.ru/catalog/krepej_i_takelaj/metricheskiy_krepej/bolty/250872/
250873,"Болт М16x40 мм, ГОСТ Р ИСО 4014-2013 (7798-70, 7805-70), DIN 931, Россия",183,krepej_i_takelaj/metricheskiy_krepej/bolty,https://optorg.ru/catalog/krepej_i_takelaj/metricheskiy_krepej/bolty/250873/
250874,"Болт М16x60 мм, ГОСТ Р ИСО 4014-2013 (7798-70, 7805-70), DIN 931, Россия",180,krepej_i_takelaj/metricheskiy_krepej/bolty,https://optorg.ru/catalog/krepej_i_takelaj/metricheskiy_krepej/bolty/250874/
250875,"Болт М16x65 мм, ГОСТ Р ИСО 4014-2013 (7798-70, 7805-70), DIN 931, Россия",180,krepej_i_takelaj/metricheskiy_krepej/bolty,https://optorg.ru/catalog/krepej_i_takelaj/metricheskiy_krepej/bolty/250875/
250877,"Болт М6x20 мм, ГОСТ Р ИСО 4014-2013 (7798-70, 7805-70), DIN 931, Россия",200,krepej_i_takelaj/metricheskiy_krepej/bolty,https://optorg.ru/catalog/krepej_i_takelaj/metricheskiy_krepej/bolty/250877/
250878,"Болт М8x20 мм, полная резьба, ГОСТ Р ИСО 4014-2013 (7798-70, 7805-70), DIN 931, Россия",192,krepej_i_takelaj/metricheskiy_krepej/bolty,https://optorg.ru/catalog/krepej_i_takelaj/metricheskiy_krepej/bolty/250878/
250880,"Болт М8x25 мм, ГОСТ Р ИСО 4014-2013 (7798-70, 7805-70), DIN 931, Россия",192,krepej_i_takelaj/metricheskiy_krepej/bolty,https://optorg.ru/catalog/krepej_i_takelaj/metricheskiy_krepej/bolty/250880/
250894,"Болт М24x70 мм, ГОСТ Р ИСО 4014-2013 (7798-70, 7805-70), DIN 931, Россия",197,krepej_i_takelaj/metricheskiy_krepej/bolty,https://optorg.ru/catalog/krepej_i_takelaj/metricheskiy_krepej/bolty/250894/
250909,"Болт М6x70 мм, ГОСТ Р ИСО 4014-2013 (7798-70, 7805-70), DIN 931, Россия",200,krepej_i_takelaj/metricheskiy_krepej/bolty,https://optorg.ru/catalog/krepej_i_takelaj/metricheskiy_krepej/bolty/250909/
250910,"Болт М10x80 мм, ГОСТ 7798-70, ГОСТ 7805-70, DIN 931, Россия",184,krepej_i_takelaj/metricheskiy_krepej/bolty,https://optorg.ru/catalog/krepej_i_takelaj/metricheskiy_krepej/bolty/250910/
250914,"Болт М18x65 мм, ГОСТ Р ИСО 4014-2013 (7798-70, 7805-70), DIN 931, Россия",200,krepej_i_takelaj/metricheskiy_krepej/bolty,https://optorg.ru/catalog/krepej_i_takelaj/metricheskiy_krepej/bolty/250914/
250917,"Болт М24x65 мм, ГОСТ Р ИСО 4014-2013 (7798-70, 7805-70), DIN 931, Россия",178,krepej_i_takelaj/metricheskiy_krepej/bolty,https://optorg.ru/catalog/krepej_i_takelaj/metricheskiy_krepej/bolty/250917/
250928,"Болт М12x30 мм, полная резьба, ГОСТ 7798-70, ГОСТ 7805-70, DIN 931, Россия",197,krepej_i_takelaj/metricheskiy_krepej/bolty,https://optorg.ru/catalog/krepej_i_takelaj/metricheskiy_krepej/bolty/250928/
250931,"Болт М16x45 мм, ГОСТ Р ИСО 4014-2013 (7798-70, 7805-70), DIN 931, Россия",183,krepej_i_takelaj/metricheskiy_krepej/bolty,https://optorg.ru/catalog/krepej_i_takelaj/metricheskiy_krepej/bolty/250931/
250932,"Болт М16x70 мм, ГОСТ Р ИСО 4014-2013 (7798-70, 7805-70), DIN 931, Россия",180,krepej_i_takelaj/metricheskiy_krepej/bolty,https://optorg.ru/catalog/krepej_i_takelaj/metricheskiy_krepej/bolty/250932/
250933,"Болт М16x75 мм, ГОСТ Р ИСО 4014-2013 (7798-70, 7805-70), DIN 931, Россия",180,krepej_i_takelaj/metricheskiy_krepej/bolty,https://optorg.ru/catalog/krepej_i_takelaj/metricheskiy_krepej/bolty/250933/
250935,"Болт М20x70 мм, ГОСТ Р ИСО 4014-2013 (7798-70, 7805-70), DIN 931, Россия",193,krepej_i_takelaj/metricheskiy_krepej/bolty,https://optorg.ru/catalog/krepej_i_takelaj/metricheskiy_krepej/bolty/250935/
250937,"Болт М24x110 мм, ГОСТ Р ИСО 4014-2013 (7798-70, 7805-70), DIN 931, Россия",197,krepej_i_takelaj/metricheskiy_krepej/bolty,https://optorg.ru/catalog/krepej_i_takelaj/metricheskiy_krepej/bolty/250937/
250938,"Болт М24x130 мм, ГОСТ Р ИСО 4014-2013 (7798-70, 7805-70), DIN 931, Россия",197,krepej_i_takelaj/metricheskiy_krepej/bolty,https://optorg.ru/catalog/krepej_i_takelaj/metricheskiy_krepej/bolty/250938/
250943,"Болт М14x35 мм, полная резьба, ГОСТ Р ИСО 4014-2013 (7798-70, 7805-70), DIN 931, Россия",208,krepej_i_takelaj/metricheskiy_krepej/bolty,https://optorg.ru/catalog/krepej_i_takelaj/metricheskiy_krepej/bolty/250943/
250944,"Болт М18x130 мм, ГОСТ Р ИСО 4014-2013 (7798-70, 7805-70), DIN 931, Россия",200,krepej_i_takelaj/metricheskiy_krepej/bolty,https://optorg.ru/catalog/krepej_i_takelaj/metricheskiy_krepej/bolty/250944/
250945,"Болт М20x130 мм, ГОСТ Р ИСО 4014-2013 (7798-70, 7805-70), DIN 931, Россия",196,krepej_i_takelaj/metricheskiy_krepej/bolty,https://optorg.ru/catalog/krepej_i_takelaj/metricheskiy_krepej/bolty/250945/
250963,"Болт М10x90 мм, ГОСТ 7798-70, ГОСТ 7805-70, DIN 931, Россия",184,krepej_i_takelaj/metricheskiy_krepej/bolty,https://optorg.ru/catalog/krepej_i_takelaj/metricheskiy_krepej/bolty/250963/
250967,"Болт М30x150 мм, ГОСТ Р ИСО 4014-2013 (7798-70, 7805-70), DIN 931, Россия",212,krepej_i_takelaj/metricheskiy_krepej/bolty,https://optorg.ru/catalog/krepej_i_takelaj/metricheskiy_krepej/bolty/250967/
250968,"Болт М30x160 мм, ГОСТ Р ИСО 4014-2013 (7798-70, 7805-70), DIN 931, Россия",255,krepej_i_takelaj/metricheskiy_krepej/bolty,https://optorg.ru/catalog/krepej_i_takelaj/metricheskiy_krepej/bolty/250968/
250971,"Болт М14x50 мм, ГОСТ Р ИСО 4014-2013 (7798-70, 7805-70), DIN 931, Россия",204,krepej_i_takelaj/metricheskiy_krepej/bolty,https://optorg.ru/catalog/krepej_i_takelaj/metricheskiy_krepej/bolty/250971/
250972,"Болт М16x50 мм, ГОСТ Р ИСО 4014-2013 (7798-70, 7805-70), DIN 931, Россия",180,krepej_i_takelaj/metricheskiy_krepej/bolty,https://optorg.ru/catalog/krepej_i_takelaj/metricheskiy_krepej/bolty/250972/
250973,"Болт М16x80 мм, ГОСТ Р ИСО 4014-2013 (7798-70, 7805-70), DIN 931, Россия",180,krepej_i_takelaj/metricheskiy_krepej/bolty,https://optorg.ru/catalog/krepej_i_takelaj/metricheskiy_krepej/bolty/250973/
250974,"Болт М20x65 мм, ГОСТ Р ИСО 4014-2013 (7798-70, 7805-70), DIN 931, Россия",193,krepej_i_takelaj/metricheskiy_krepej/bolty,https://optorg.ru/catalog/krepej_i_takelaj/metricheskiy_krepej/bolty/250974/
250975,"Болт М24x75 мм, ГОСТ Р ИСО 4014-2013 (7798-70, 7805-70), DIN 931, Россия",197,krepej_i_takelaj/metricheskiy_krepej/bolty,https://optorg.ru/catalog/krepej_i_takelaj/metricheskiy_krepej/bolty/250975/
250978,"Болт М27x90 мм, ГОСТ Р ИСО 4014-2013 (7798-70, 7805-70), DIN 931, Россия",243,krepej_i_takelaj/metricheskiy_krepej/bolty,https://optorg.ru/catalog/krepej_i_takelaj/metricheskiy_krepej/bolty/250978/
250981,"Болт М8x40 мм, ГОСТ Р ИСО 4014-2013 (7798-70, 7805-70), DIN 931, Россия",185,krepej_i_takelaj/metricheskiy_krepej/bolty,https://optorg.ru/catalog/krepej_i_takelaj/metricheskiy_krepej/bolty/250981/
250991,"Болт М12x40 мм лемешный, ГОСТ 7786-81, Беларусь",263,krepej_i_takelaj/metricheskiy_krepej/bolty,https://optorg.ru/catalog/krepej_i_takelaj/metricheskiy_krepej/bolty/250991/
251005,"Болт М24x140 мм, ГОСТ Р ИСО 4014-2013 (7798-70, 7805-70), DIN 931, Россия",197,krepej_i_takelaj/metricheskiy_krepej/bolty,https://optorg.ru/catalog/krepej_i_takelaj/metricheskiy_krepej/bolty/251005/
251007,"Болт М10x120 мм, ГОСТ 7798-70, ГОСТ 7805-70, DIN 931, Россия",185,krepej_i_takelaj/metricheskiy_krepej/bolty,https://optorg.ru/catalog/krepej_i_takelaj/metricheskiy_krepej/bolty/251007/
251008,"Болт М10x45 мм, ГОСТ 7798-70, ГОСТ 7805-70, DIN 931, Россия",184,krepej_i_takelaj/metricheskiy_krepej/bolty,https://optorg.ru/catalog/krepej_i_takelaj/metricheskiy_krepej/bolty/251008/
251009,"Болт М16x100 мм, ГОСТ Р ИСО 4014-2013 (7798-70, 7805-70), DIN 931, Россия",182,krepej_i_takelaj/metricheskiy_krepej/bolty,https://optorg.ru/catalog/krepej_i_takelaj/metricheskiy_krepej/bolty/251009/
251010,"Болт М16x110 мм, ГОСТ Р ИСО 4014-2013 (7798-70, 7805-70), DIN 931, Россия",182,krepej_i_takelaj/metricheskiy_krepej/bolty,https://optorg.ru/catalog/krepej_i_takelaj/metricheskiy_krepej/bolty/251010/
251011,"Болт М16x90 мм, ГОСТ Р ИСО 4014-2013 (7798-70, 7805-70), DIN 931, Россия",180,krepej_i_takelaj/metricheskiy_krepej/bolty,https://optorg.ru/catalog/krepej_i_takelaj/metricheskiy_krepej/bolty/251011/
251012,"Болт М22x90 мм, ГОСТ Р ИСО 4014-2013 (7798-70, 7805-70), DIN 931, Россия",215,krepej_i_takelaj/metricheskiy_krepej/bolty,https://optorg.ru/catalog/krepej_i_takelaj/metricheskiy_krepej/bolty/251012/
251013,"Болт М8x50 мм, ГОСТ Р ИСО 4014-2013 (7798-70, 7805-70), DIN 931, Россия",185,krepej_i_takelaj/metricheskiy_krepej/bolty,https://optorg.ru/catalog/krepej_i_takelaj/metricheskiy_krepej/bolty/251013/
251016,"Болт М20x110 мм, ГОСТ Р ИСО 4014-2013 (7798-70, 7805-70), DIN 931, Россия",196,krepej_i_takelaj/metricheskiy_krepej/bolty,https://optorg.ru/catalog/krepej_i_takelaj/metricheskiy_krepej/bolty/251016/
251021,"Болт М16x55 мм, цинк, полная резьба, ГОСТ Р ИСО 4017-2013 (7798-70, 7805-70), DIN 933, Россия",200,krepej_i_takelaj/metricheskiy_krepej/bolty,https://optorg.ru/catalog/krepej_i_takelaj/metricheskiy_krepej/bolty/251021/
251032,"Болт М8x20 мм с полукруглой головой, цинк, DIN 603",204,krepej_i_takelaj/metricheskiy_krepej/bolty,https://optorg.ru/catalog/krepej_i_takelaj/metricheskiy_krepej/bolty/251032/
251036,"Болт М10x55 мм лемешный, ГОСТ 7786-81, Беларусь",263,krepej_i_takelaj/metricheskiy_krepej/bolty,https://optorg.ru/catalog/krepej_i_takelaj/metricheskiy_krepej/bolty/251036/
251096,"Болт М6x60 мм, ГОСТ Р ИСО 4014-2013 (7798-70, 7805-70), DIN 931, Россия",200,krepej_i_takelaj/metricheskiy_krepej/bolty,https://optorg.ru/catalog/krepej_i_takelaj/metricheskiy_krepej/bolty/251096/
251123,"Болт М8x40 мм с полукруглой головой, цинк, DIN 603",204,krepej_i_takelaj/metricheskiy_krepej/bolty,https://optorg.ru/catalog/krepej_i_takelaj/metricheskiy_krepej/bolty/251123/
251209,"Болт М22x80 мм, ГОСТ Р ИСО 4014-2013 (7798-70, 7805-70), DIN 931, Россия",215,krepej_i_takelaj/metricheskiy_krepej/bolty,https://optorg.ru/catalog/krepej_i_takelaj/metricheskiy_krepej/bolty/251209/
251222,"Болт М14x70 мм, ГОСТ Р ИСО 4014-2013 (7798-70, 7805-70), DIN 931, Россия",204,krepej_i_takelaj/metricheskiy_krepej/bolty,https://optorg.ru/catalog/krepej_i_takelaj/metricheskiy_krepej/bolty/251222/
251223,"Болт М20x160 мм, ГОСТ Р ИСО 4014-2013 (7798-70, 7805-70), DIN 931, Россия",196,krepej_i_takelaj/metricheskiy_krepej/bolty,https://optorg.ru/catalog/krepej_i_takelaj/metricheskiy_krepej/bolty/251223/
251225,"Болт М27x140 мм, ГОСТ Р ИСО 4014-2013 (7798-70, 7805-70), DIN 931, Россия",243,krepej_i_takelaj/metricheskiy_krepej/bolty,https://optorg.ru/catalog/krepej_i_takelaj/metricheskiy_krepej/bolty/251225/
251261,"Болт М16x120 мм, ГОСТ Р ИСО 4014-2013 (7798-70, 7805-70), DIN 931, Россия",182,krepej_i_takelaj/metricheskiy_krepej/bolty,https://optorg.ru/catalog/krepej_i_takelaj/metricheskiy_krepej/bolty/251261/
251262,"Болт М30x130 мм, ГОСТ Р ИСО 4014-2013 (7798-70, 7805-70), DIN 931, Россия",212,krepej_i_takelaj/metricheskiy_krepej/bolty,https://optorg.ru/catalog/krepej_i_takelaj/metricheskiy_krepej/bolty/251262/
251263,"Болт М30x140 мм, ГОСТ Р ИСО 4014-2013 (7798-70, 7805-70), DIN 931, Россия",212,krepej_i_takelaj/metricheskiy_krepej/bolty,https://optorg.ru/catalog/krepej_i_takelaj/metricheskiy_krepej/bolty/251263/
251287,"Болт М16x130 мм, ГОСТ Р ИСО 4014-2013 (7798-70, 7805-70), DIN 931, Россия",182,krepej_i_takelaj/metricheskiy_krepej/bolty,https://optorg.ru/catalog/krepej_i_takelaj/metricheskiy_krepej/bolty/251287/
251353,"Болт М30x170 мм, ГОСТ Р ИСО 4014-2013 (7798-70, 7805-70), DIN 931, Россия",212,krepej_i_takelaj/metricheskiy_krepej/bolty,https://optorg.ru/catalog/krepej_i_takelaj/metricheskiy_krepej/bolty/251353/
251361,"Болт М6x35 мм, ГОСТ Р ИСО 4014-2013 (7798-70, 7805-70), DIN 931, Россия",195,krepej_i_takelaj/metricheskiy_krepej/bolty,https://optorg.ru/catalog/krepej_i_takelaj/metricheskiy_krepej/bolty/251361/
251363,"Болт М12x40 мм с полукруглой головой, цинк, DIN 603",204,krepej_i_takelaj/metricheskiy_krepej/bolty,https://optorg.ru/catalog/krepej_i_takelaj/metricheskiy_krepej/bolty/251363/
251382,"Болт М22x100 мм, ГОСТ Р ИСО 4014-2013 (7798-70, 7805-70), DIN 931, Россия",215,krepej_i_takelaj/metricheskiy_krepej/bolty,https://optorg.ru/catalog/krepej_i_takelaj/metricheskiy_krepej/bolty/251382/
251391,"Болт М16x90 мм, кл. пр. 8,8, ГОСТ Р ИСО 4014-2013 (7798-70, 7805-70), DIN 931, Россия",273,krepej_i_takelaj/metricheskiy_krepej/bolty,https://optorg.ru/catalog/krepej_i_takelaj/metricheskiy_krepej/bolty/251391/
251392,"Болт М22x140 мм, ГОСТ Р ИСО 4014-2013 (7798-70, 7805-70), DIN 931, Россия",215,krepej_i_takelaj/metricheskiy_krepej/bolty,https://optorg.ru/catalog/krepej_i_takelaj/metricheskiy_krepej/bolty/251392/
251408,"Болт М10x50 мм с полукруглой головой, цинк, DIN 603",204,krepej_i_takelaj/metricheskiy_krepej/bolty,https://optorg.ru/catalog/krepej_i_takelaj/metricheskiy_krepej/bolty/251408/
251411,"Болт М10x30 мм с полукруглой головой, цинк, DIN 603",204,krepej_i_takelaj/metricheskiy_krepej/bolty,https://optorg.ru/catalog/krepej_i_takelaj/metricheskiy_krepej/bolty/251411/
251412,"Болт М10x70 мм с полукруглой головой, цинк, DIN 603, Китай",204,krepej_i_takelaj/metricheskiy_krepej/bolty,https://optorg.ru/catalog/krepej_i_takelaj/metricheskiy_krepej/bolty/251412/
251413,"Болт М12x50 мм с полукруглой головой, цинк, DIN 603",204,krepej_i_takelaj/metricheskiy_krepej/bolty,https://optorg.ru/catalog/krepej_i_takelaj/metricheskiy_krepej/bolty/251413/
251414,"Болт М6x40 мм с полукруглой головой, цинк, DIN 603, Китай",204,krepej_i_takelaj/metricheskiy_krepej/bolty,https://optorg.ru/catalog/krepej_i_takelaj/metricheskiy_krepej/bolty/251414/
251415,"Болт М6x80 мм с полукруглой головой, цинк, DIN 603",204,krepej_i_takelaj/metricheskiy_krepej/bolty,https://optorg.ru/catalog/krepej_i_takelaj/metricheskiy_krepej/bolty/251415/
251416,"Болт М8x25 мм с полукруглой головой, цинк, DIN 603",204,krepej_i_takelaj/metricheskiy_krepej/bolty,https://optorg.ru/catalog/krepej_i_takelaj/metricheskiy_krepej/bolty/251416/
251417,"Болт М8x30 мм с полукруглой головой, цинк, DIN 603",204,krepej_i_takelaj/metricheskiy_krepej/bolty,https://optorg.ru/catalog/krepej_i_takelaj/metricheskiy_krepej/bolty/251417/
251418,"Болт М8x35 мм с полукруглой головой, цинк, DIN 603, Китай",204,krepej_i_takelaj/metricheskiy_krepej/bolty,https://optorg.ru/catalog/krepej_i_takelaj/metricheskiy_krepej/bolty/251418/
251419,"Болт М8x50 мм с полукруглой головой, цинк, DIN 603",204,krepej_i_takelaj/metricheskiy_krepej/bolty,https://optorg.ru/catalog/krepej_i_takelaj/metricheskiy_krepej/bolty/251419/
251420,"Болт М8x80 мм с полукруглой головой, цинк, DIN 603, Китай",204,krepej_i_takelaj/metricheskiy_krepej/bolty,https://optorg.ru/catalog/krepej_i_takelaj/metricheskiy_krepej/bolty/251420/
251422,"Болт М16x160 мм, ГОСТ Р ИСО 4014-2013 (7798-70, 7805-70), DIN 931, Россия",235,krepej_i_takelaj/metricheskiy_krepej/bolty,https://optorg.ru/catalog/krepej_i_takelaj/metricheskiy_krepej/bolty/251422/
251429,"Болт М10x40 мм с полукруглой головой, цинк, DIN 603",204,krepej_i_takelaj/metricheskiy_krepej/bolty,https://optorg.ru/catalog/krepej_i_takelaj/metricheskiy_krepej/bolty/251429/
251434,"Болт М27x80 мм, ГОСТ Р ИСО 4014-2013 (7798-70, 7805-70), DIN 931, Россия",243,krepej_i_takelaj/metricheskiy_krepej/bolty,https://optorg.ru/catalog/krepej_i_takelaj/metricheskiy_krepej/bolty/251434/
251493,"Болт М6x40 мм, цинк, полная резьба, DIN 933, Китай",216,krepej_i_takelaj/metricheskiy_krepej/bolty,https://optorg.ru/catalog/krepej_i_takelaj/metricheskiy_krepej/bolty/251493/
251495,"Болт М8x30 мм, цинк, полная резьба, DIN 933, Китай",207,krepej_i_takelaj/metricheskiy_krepej/bolty,https://optorg.ru/catalog/krepej_i_takelaj/metricheskiy_krepej/bolty/251495/
251496,"Болт М8x40 мм, цинк, полная резьба, DIN 933, Китай",207,krepej_i_takelaj/metricheskiy_krepej/bolty,https://optorg.ru/catalog/krepej_i_takelaj/metricheskiy_krepej/bolty/251496/
251497,"Болт М8x60 мм, цинк, полная резьба, DIN 933, Китай",207,krepej_i_takelaj/metricheskiy_krepej/bolty,https://optorg.ru/catalog/krepej_i_takelaj/metricheskiy_krepej/bolty/251497/
251498,"Болт М8x70 мм, цинк, полная резьба, DIN 933, Китай",207,krepej_i_takelaj/metricheskiy_krepej/bolty,https://optorg.ru/catalog/krepej_i_takelaj/metricheskiy_krepej/bolty/251498/
251499,"Болт М8x80 мм, цинк, полная резьба, DIN 933, Китай",207,krepej_i_takelaj/metricheskiy_krepej/bolty,https://optorg.ru/catalog/krepej_i_takelaj/metricheskiy_krepej/bolty/251499/
251500,"Болт М10x20 мм, цинк, полная резьба, DIN 933, Китай",212,krepej_i_takelaj/metricheskiy_krepej/bolty,https://optorg.ru/catalog/krepej_i_takelaj/metricheskiy_krepej/bolty/251500/
251501,"Болт М10x50 мм, цинк, полная резьба, DIN 933, Китай",205,krepej_i_takelaj/metricheskiy_krepej/bolty,https://optorg.ru/catalog/krepej_i_takelaj/metricheskiy_krepej/bolty/251501/
251511,"Болт М8x100 мм с полукруглой головой, цинк, DIN 603",204,krepej_i_takelaj/metricheskiy_krepej/bolty,https://optorg.ru/catalog/krepej_i_takelaj/metricheskiy_krepej/bolty/251511/
251516,"Болт М20x45 мм, полная резьба, ГОСТ Р ИСО 4017-2013 (7798-70, 7805-70), DIN 933, Россия",210,krepej_i_takelaj/metricheskiy_krepej/bolty,https://optorg.ru/catalog/krepej_i_takelaj/metricheskiy_krepej/bolty/251516/
251517,"Болт М8x70 мм с полукруглой головой, цинк, DIN 603",204,krepej_i_takelaj/metricheskiy_krepej/bolty,https://optorg.ru/catalog/krepej_i_takelaj/metricheskiy_krepej/bolty/251517/
251518,"Болт М20x40 мм, полная резьба, ГОСТ Р ИСО 4014-2013 (7798-70, 7805-70), DIN 931, Россия",210,krepej_i_takelaj/metricheskiy_krepej/bolty,https://optorg.ru/catalog/krepej_i_takelaj/metricheskiy_krepej/bolty/251518/
251523,"Болт М10x100 мм с полукруглой головой, цинк, DIN 603",204,krepej_i_takelaj/metricheskiy_krepej/bolty,https://optorg.ru/catalog/krepej_i_takelaj/metricheskiy_krepej/bolty/251523/
251524,"Болт М10x60 мм с полукруглой головой, цинк, DIN 603",204,krepej_i_takelaj/metricheskiy_krepej/bolty,https://optorg.ru/catalog/krepej_i_takelaj/metricheskiy_krepej/bolty/251524/
251525,"Болт М10x80 мм с полукруглой головой, цинк, DIN 603, Китай",204,krepej_i_takelaj/metricheskiy_krepej/bolty,https://optorg.ru/catalog/krepej_i_takelaj/metricheskiy_krepej/bolty/251525/
251527,"Болт М6x20 мм с полукруглой головой, цинк, DIN 603, Китай",204,krepej_i_takelaj/metricheskiy_krepej/bolty,https://optorg.ru/catalog/krepej_i_takelaj/metricheskiy_krepej/bolty/251527/
251528,"Болт М6x30 мм с полукруглой головой, цинк, DIN 603",204,krepej_i_takelaj/metricheskiy_krepej/bolty,https://optorg.ru/catalog/krepej_i_takelaj/metricheskiy_krepej/bolty/251528/
251529,"Болт М6x50 мм с полукруглой головой, цинк, DIN 603",204,krepej_i_takelaj/metricheskiy_krepej/bolty,https://optorg.ru/catalog/krepej_i_takelaj/metricheskiy_krepej/bolty/251529/
251530,"Болт М6x60 мм с полукруглой головой, цинк, DIN 603",204,krepej_i_takelaj/metricheskiy_krepej/bolty,https://optorg.ru/catalog/krepej_i_takelaj/metricheskiy_krepej/bolty/251530/
251531,"Болт М6x70 мм с полукруглой головой, цинк, DIN 603",204,krepej_i_takelaj/metricheskiy_krepej/bolty,https://optorg.ru/catalog/krepej_i_takelaj/metricheskiy_krepej/bolty/251531/
251533,"Болт М8x120 мм с полукруглой головой, цинк, DIN 603, Китай",204,krepej_i_takelaj/metricheskiy_krepej/bolty,https://optorg.ru/catalog/krepej_i_takelaj/metricheskiy_krepej/bolty/251533/
251535,"Болт М8x140 мм с полукруглой головой, цинк, DIN 603, Китай",204,krepej_i_takelaj/metricheskiy_krepej/bolty,https://optorg.ru/catalog/krepej_i_takelaj/metricheskiy_krepej/bolty/251535/
251536,"Болт М8x60 мм с полукруглой головой, цинк, DIN 603",204,krepej_i_takelaj/metricheskiy_krepej/bolty,https://optorg.ru/catalog/krepej_i_takelaj/metricheskiy_krepej/bolty/251536/
251537,"Болт М8x90 мм с полукруглой головой, цинк, DIN 603",204,krepej_i_takelaj/metricheskiy_krepej/bolty,https://optorg.ru/catalog/krepej_i_takelaj/metricheskiy_krepej/bolty/251537/
251539,"Болт М30x90 мм, ГОСТ Р ИСО 4014-2013 (7798-70, 7805-70), DIN 931, Россия",212,krepej_i_takelaj/metricheskiy_krepej/bolty,https://optorg.ru/catalog/krepej_i_takelaj/metricheskiy_krepej/bolty/251539/
251621,"Болт М27x130 мм, ГОСТ Р ИСО 4014-2013 (7798-70, 7805-70), DIN 931, Россия",243,krepej_i_takelaj/metricheskiy_krepej/bolty,https://optorg.ru/catalog/krepej_i_takelaj/metricheskiy_krepej/bolty/251621/
251628,"Болт М16x65 мм, кл. пр. 8,8, ГОСТ Р ИСО 4014-2013 (7798-70, 7805-70), DIN 931, Россия",273,krepej_i_takelaj/metricheskiy_krepej/bolty,https://optorg.ru/catalog/krepej_i_takelaj/metricheskiy_krepej/bolty/251628/
251633,"Болт М20x90 мм лемешный, ГОСТ 7786-81, Россия",372,krepej_i_takelaj/metricheskiy_krepej/bolty,https://optorg.ru/catalog/krepej_i_takelaj/metricheskiy_krepej/bolty/251633/
251736,"Болт М24x160 мм, ГОСТ Р ИСО 4014-2013 (7798-70, 7805-70), DIN 931, Россия",197,krepej_i_takelaj/metricheskiy_krepej/bolty,https://optorg.ru/catalog/krepej_i_takelaj/metricheskiy_krepej/bolty/251736/
251803,"Болт М20x140 мм, ГОСТ Р ИСО 4014-2013 (7798-70, 7805-70), DIN 931, Россия",196,krepej_i_takelaj/metricheskiy_krepej/bolty,https://optorg.ru/catalog/krepej_i_takelaj/metricheskiy_krepej/bolty/251803/
251804,"Болт М16x60 мм, цинк, полная резьба, DIN 933, Китай",200,krepej_i_takelaj/metricheskiy_krepej/bolty,https://optorg.ru/catalog/krepej_i_takelaj/metricheskiy_krepej/bolty/251804/
251818,"Болт М10x70 мм, цинк, полная резьба, DIN 933, Китай",205,krepej_i_takelaj/metricheskiy_krepej/bolty,https://optorg.ru/catalog/krepej_i_takelaj/metricheskiy_krepej/bolty/251818/
251819,"Болт М10x80 мм, цинк, полная резьба, DIN 933, Китай",205,krepej_i_takelaj/metricheskiy_krepej/bolty,https://optorg.ru/catalog/krepej_i_takelaj/metricheskiy_krepej/bolty/251819/
251820,"Болт М10x90 мм, цинк, полная резьба, DIN 933, Китай",205,krepej_i_takelaj/metricheskiy_krepej/bolty,https://optorg.ru/catalog/krepej_i_takelaj/metricheskiy_krepej/bolty/251820/
251821,"Болт М10x100 мм, цинк, полная резьба, DIN 933, Китай",207,krepej_i_takelaj/metricheskiy_krepej/bolty,https://optorg.ru/catalog/krepej_i_takelaj/metricheskiy_krepej/bolty/251821/
251823,"Болт М12x35 мм, цинк, полная резьба, DIN 933, Китай",218,krepej_i_takelaj/metricheskiy_krepej/bolty,https://optorg.ru/catalog/krepej_i_takelaj/metricheskiy_krepej/bolty/251823/
251824,"Болт М12x40 мм, цинк, полная резьба, DIN 933, Китай",213,krepej_i_takelaj/metricheskiy_krepej/bolty,https://optorg.ru/catalog/krepej_i_takelaj/metricheskiy_krepej/bolty/251824/
251826,"Болт М12x100 мм, цинк, полная резьба, DIN 933, Китай",214,krepej_i_takelaj/metricheskiy_krepej/bolty,https://optorg.ru/catalog/krepej_i_takelaj/metricheskiy_krepej/bolty/251826/
251893,"Болт М10x25 мм, цинк, полная резьба, DIN 933, Китай",212,krepej_i_takelaj/metricheskiy_krepej/bolty,https://optorg.ru/catalog/krepej_i_takelaj/metricheskiy_krepej/bolty/251893/
251894,"Болт М10x30 мм, цинк, полная резьба, DIN 933, Китай",212,krepej_i_takelaj/metricheskiy_krepej/bolty,https://optorg.ru/catalog/krepej_i_takelaj/metricheskiy_krepej/bolty/251894/
251895,"Болт М10x35 мм, цинк, полная резьба, DIN 933, Китай",205,krepej_i_takelaj/metricheskiy_krepej/bolty,https://optorg.ru/catalog/krepej_i_takelaj/metricheskiy_krepej/bolty/251895/
251896,"Болт М10x60 мм, цинк, полная резьба, DIN 933, Китай",205,krepej_i_takelaj/metricheskiy_krepej/bolty,https://optorg.ru/catalog/krepej_i_takelaj/metricheskiy_krepej/bolty/251896/
251897,"Болт М6x25 мм, цинк, полная резьба, DIN 933, Китай",216,krepej_i_takelaj/metricheskiy_krepej/bolty,https://optorg.ru/catalog/krepej_i_takelaj/metricheskiy_krepej/bolty/251897/
251899,"Болт М8x50 мм, цинк, полная резьба, DIN 933, Китай",207,krepej_i_takelaj/metricheskiy_krepej/bolty,https://optorg.ru/catalog/krepej_i_takelaj/metricheskiy_krepej/bolty/251899/
251908,"Болт М12x20 мм, полная резьба, ГОСТ 7798-70, ГОСТ 7805-70, DIN 931, Беларусь",197,krepej_i_takelaj/metricheskiy_krepej/bolty,https://optorg.ru/catalog/krepej_i_takelaj/metricheskiy_krepej/bolty/251908/
251916,"Болт М12x150 мм, ГОСТ 7798-70, ГОСТ 7805-70, DIN 931, Россия",193,krepej_i_takelaj/metricheskiy_krepej/bolty,https://optorg.ru/catalog/krepej_i_takelaj/metricheskiy_krepej/bolty/251916/
251927,"Болт М24x150 мм, ГОСТ Р ИСО 4014-2013 (7798-70, 7805-70), DIN 931, Россия",197,krepej_i_takelaj/metricheskiy_krepej/bolty,https://optorg.ru/catalog/krepej_i_takelaj/metricheskiy_krepej/bolty/251927/
251933,"Болт М8x20 мм, цинк, полная резьба, DIN 933, Китай",213,krepej_i_takelaj/metricheskiy_krepej/bolty,https://optorg.ru/catalog/krepej_i_takelaj/metricheskiy_krepej/bolty/251933/
251943,"Болт М8x25 мм, цинк, полная резьба, DIN 933, Китай",213,krepej_i_takelaj/metricheskiy_krepej/bolty,https://optorg.ru/catalog/krepej_i_takelaj/metricheskiy_krepej/bolty/251943/
251944,"Болт М8x130 мм, цинк, полная резьба, DIN 933, Китай",209,krepej_i_takelaj/metricheskiy_krepej/bolty,https://optorg.ru/catalog/krepej_i_takelaj/metricheskiy_krepej/bolty/251944/
251948,"Болт М6x20 мм, цинк, полная резьба, DIN 933, Китай",221,krepej_i_takelaj/metricheskiy_krepej/bolty,https://optorg.ru/catalog/krepej_i_takelaj/metricheskiy_krepej/bolty/251948/
251951,"Болт М22x160 мм, ГОСТ Р ИСО 4014-2013 (7798-70, 7805-70), DIN 931, Россия",215,krepej_i_takelaj/metricheskiy_krepej/bolty,https://optorg.ru/catalog/krepej_i_takelaj/metricheskiy_krepej/bolty/251951/
251965,"Болт М10x40 мм, цинк, полная резьба, DIN 933, Китай",205,krepej_i_takelaj/metricheskiy_krepej/bolty,https://optorg.ru/catalog/krepej_i_takelaj/metricheskiy_krepej/bolty/251965/
251967,"Болт М16x70 мм, кл. пр. 8,8, ГОСТ Р ИСО 4014-2013 (7798-70, 7805-70), DIN 931, Россия",273,krepej_i_takelaj/metricheskiy_krepej/bolty,https://optorg.ru/catalog/krepej_i_takelaj/metricheskiy_krepej/bolty/251967/
251968,"Болт М24x180 мм, ГОСТ Р ИСО 4014-2013 (7798-70, 7805-70), DIN 931, Россия",197,krepej_i_takelaj/metricheskiy_krepej/bolty,https://optorg.ru/catalog/krepej_i_takelaj/metricheskiy_krepej/bolty/251968/
251970,"Болт М24x80 мм, цинк, ГОСТ Р ИСО 4014-2013 (7798-70, 7805-70), DIN 931, Россия",217,krepej_i_takelaj/metricheskiy_krepej/bolty,https://optorg.ru/catalog/krepej_i_takelaj/metricheskiy_krepej/bolty/251970/
251971,"Болт М24x90 мм, цинк, ГОСТ Р ИСО 4014-2013 (7798-70, 7805-70), DIN 931, Россия",217,krepej_i_takelaj/metricheskiy_krepej/bolty,https://optorg.ru/catalog/krepej_i_takelaj/metricheskiy_krepej/bolty/251971/
251985,"Болт М16x75 мм, цинк, полная резьба, ГОСТ Р ИСО 4017-2013 (7798-70, 7805-70), DIN 933, Беларусь",200,krepej_i_takelaj/metricheskiy_krepej/bolty,https://optorg.ru/catalog/krepej_i_takelaj/metricheskiy_krepej/bolty/251985/
251986,"Болт М24x200 мм, ГОСТ Р ИСО 4014-2013 (7798-70, 7805-70), DIN 931, Россия",197,krepej_i_takelaj/metricheskiy_krepej/bolty,https://optorg.ru/catalog/krepej_i_takelaj/metricheskiy_krepej/bolty/251986/
251999,"Болт М12x70 мм, цинк, полная резьба, DIN 933, Китай",213,krepej_i_takelaj/metricheskiy_krepej/bolty,https://optorg.ru/catalog/krepej_i_takelaj/metricheskiy_krepej/bolty/251999/
252002,"Болт М16x70 мм, цинк, полная резьба, ГОСТ Р ИСО 4017-2013 (7798-70, 7805-70), DIN 933, Россия",200,krepej_i_takelaj/metricheskiy_krepej/bolty,https://optorg.ru/catalog/krepej_i_takelaj/metricheskiy_krepej/bolty/252002/
252003,"Болт М27x200 мм, ГОСТ Р ИСО 4014-2013 (7798-70, 7805-70), DIN 931, Россия",243,krepej_i_takelaj/metricheskiy_krepej/bolty,https://optorg.ru/catalog/krepej_i_takelaj/metricheskiy_krepej/bolty/252003/
252005,"Болт М8x35 мм, цинк, полная резьба, DIN 933, Китай",207,krepej_i_takelaj/metricheskiy_krepej/bolty,https://optorg.ru/catalog/krepej_i_takelaj/metricheskiy_krepej/bolty/252005/
252014,"Болт М16x170 мм, ГОСТ Р ИСО 4014-2013 (7798-70, 7805-70), DIN 931, Россия",235,krepej_i_takelaj/metricheskiy_krepej/bolty,https://optorg.ru/catalog/krepej_i_takelaj/metricheskiy_krepej/bolty/252014/
252022,"Болт М20x170 мм, кл. пр. 10,9, ГОСТ Р 52644-2006, Россия",500,krepej_i_takelaj/metricheskiy_krepej/bolty,https://optorg.ru/catalog/krepej_i_takelaj/metricheskiy_krepej/bolty/252022/
252023,"Болт М8x20 мм, цинк, полная резьба, ГОСТ Р ИСО 4014-2013 (7798-70, 7805-70), DIN 931, Россия",213,krepej_i_takelaj/metricheskiy_krepej/bolty,https://optorg.ru/catalog/krepej_i_takelaj/metricheskiy_krepej/bolty/252023/
252024,"Болт М8x25 мм, цинк, полная резьба, ГОСТ Р ИСО 4017-2013 (7798-70, 7805-70), DIN 933, Россия",213,krepej_i_takelaj/metricheskiy_krepej/bolty,https://optorg.ru/catalog/krepej_i_takelaj/metricheskiy_krepej/bolty/252024/
252032,"Болт М12x45 мм, цинк, полная резьба, DIN 933, Китай",213,krepej_i_takelaj/metricheskiy_krepej/bolty,https://optorg.ru/catalog/krepej_i_takelaj/metricheskiy_krepej/bolty/252032/
252033,"Болт М14x85 мм, ГОСТ Р ИСО 4014-2013 (7798-70, 7805-70), DIN 931, Россия",204,krepej_i_takelaj/metricheskiy_krepej/bolty,https://optorg.ru/catalog/krepej_i_takelaj/metricheskiy_krepej/bolty/252033/
252034,"Болт М16x200 мм, ГОСТ Р ИСО 4014-2013 (7798-70, 7805-70), DIN 931, Россия",290,krepej_i_takelaj/metricheskiy_krepej/bolty,https://optorg.ru/catalog/krepej_i_takelaj/metricheskiy_krepej/bolty/252034/
252036,"Болт М27x85 мм, ГОСТ Р ИСО 4014-2013 (7798-70, 7805-70), DIN 931, Россия",219,krepej_i_takelaj/metricheskiy_krepej/bolty,https://optorg.ru/catalog/krepej_i_takelaj/metricheskiy_krepej/bolty/252036/
252048,"Болт М16x80 мм, цинк, полная резьба, ГОСТ Р ИСО 4017-2013 (7798-70, 7805-70), DIN 933, Беларусь",200,krepej_i_takelaj/metricheskiy_krepej/bolty,https://optorg.ru/catalog/krepej_i_takelaj/metricheskiy_krepej/bolty/252048/
252049,"Болт М16x80 мм, цинк, полная резьба, DIN 933, Китай",200,krepej_i_takelaj/metricheskiy_krepej/bolty,https://optorg.ru/catalog/krepej_i_takelaj/metricheskiy_krepej/bolty/252049/
252052,"Болт М16x70 мм, цинк, полная резьба, DIN 933, Китай",200,krepej_i_takelaj/metricheskiy_krepej/bolty,https://optorg.ru/catalog/krepej_i_takelaj/metricheskiy_krepej/bolty/252052/
252053,"Болт М16x75 мм, цинк, полная резьба, DIN 933, Китай",200,krepej_i_takelaj/metricheskiy_krepej/bolty,https://optorg.ru/catalog/krepej_i_takelaj/metricheskiy_krepej/bolty/252053/
252070,"Болт М10x45 мм, цинк, полная резьба, DIN 933, Китай",205,krepej_i_takelaj/metricheskiy_krepej/bolty,https://optorg.ru/catalog/krepej_i_takelaj/metricheskiy_krepej/bolty/252070/
252071,"Болт М8x45 мм с полукруглой головой, цинк, DIN 603, Китай",204,krepej_i_takelaj/metricheskiy_krepej/bolty,https://optorg.ru/catalog/krepej_i_takelaj/metricheskiy_krepej/bolty/252071/
252074,"Болт М18x55 мм, ГОСТ Р ИСО 4014-2013 (7798-70, 7805-70), DIN 931, Россия",200,krepej_i_takelaj/metricheskiy_krepej/bolty,https://optorg.ru/catalog/krepej_i_takelaj/metricheskiy_krepej/bolty/252074/
252079,"Болт М22x170 мм, ГОСТ Р ИСО 4014-2013 (7798-70, 7805-70), DIN 931, Россия",215,krepej_i_takelaj/metricheskiy_krepej/bolty,https://optorg.ru/catalog/krepej_i_takelaj/metricheskiy_krepej/bolty/252079/
252082,"Болт М10x45 мм, цинк, полная резьба, ГОСТ 7798-70, ГОСТ 7805-70, DIN 933, Беларусь",205,krepej_i_takelaj/metricheskiy_krepej/bolty,https://optorg.ru/catalog/krepej_i_takelaj/metricheskiy_krepej/bolty/252082/
252085,"Болт М6x30 мм, цинк, полная резьба, ГОСТ Р ИСО 4017-2013 (7798-70, 7805-70), DIN 933, Беларусь",216,krepej_i_takelaj/metricheskiy_krepej/bolty,https://optorg.ru/catalog/krepej_i_takelaj/metricheskiy_krepej/bolty/252085/
252086,"Болт М8x20 мм, цинк, полная резьба, ГОСТ Р ИСО 4014-2013 (7798-70, 7805-70), DIN 931, Беларусь",213,krepej_i_takelaj/metricheskiy_krepej/bolty,https://optorg.ru/catalog/krepej_i_takelaj/metricheskiy_krepej/bolty/252086/
252101,"Болт М20x80 мм, кл. пр. 8,8, ГОСТ Р ИСО 4014-2013 (7798-70, 7805-70), DIN 931, Россия",315,krepej_i_takelaj/metricheskiy_krepej/bolty,https://optorg.ru/catalog/krepej_i_takelaj/metricheskiy_krepej/bolty/252101/
252102,"Болт М20x90 мм, кл. пр. 8,8, ГОСТ Р ИСО 4014-2013 (7798-70, 7805-70), DIN 931, Россия",315,krepej_i_takelaj/metricheskiy_krepej/bolty,https://optorg.ru/catalog/krepej_i_takelaj/metricheskiy_krepej/bolty/252102/
252103,"Болт М24x100 мм, кл. пр. 8,8, ГОСТ Р ИСО 4014-2013 (7798-70, 7805-70), DIN 931, Россия",298,krepej_i_takelaj/metricheskiy_krepej/bolty,https://optorg.ru/catalog/krepej_i_takelaj/metricheskiy_krepej/bolty/252103/
252112,"Болт М22x180 мм, ГОСТ Р ИСО 4014-2013 (7798-70, 7805-70), DIN 931, Россия",215,krepej_i_takelaj/metricheskiy_krepej/bolty,https://optorg.ru/catalog/krepej_i_takelaj/metricheskiy_krepej/bolty/252112/
252113,"Болт М8x35 мм, цинк, полная резьба, ГОСТ Р ИСО 4017-2013 (7798-70, 7805-70), DIN 933, Беларусь",207,krepej_i_takelaj/metricheskiy_krepej/bolty,https://optorg.ru/catalog/krepej_i_takelaj/metricheskiy_krepej/bolty/252113/
252125,"Болт М16x45 мм, кл. пр. 8,8, ГОСТ Р ИСО 4014-2013 (7798-70, 7805-70), DIN 931, Беларусь",273,krepej_i_takelaj/metricheskiy_krepej/bolty,https://optorg.ru/catalog/krepej_i_takelaj/metricheskiy_krepej/bolty/252125/
252126,"Болт М20x220 мм, ГОСТ Р ИСО 4014-2013 (7798-70, 7805-70), DIN 931, Россия",196,krepej_i_takelaj/metricheskiy_krepej/bolty,https://optorg.ru/catalog/krepej_i_takelaj/metricheskiy_krepej/bolty/252126/
252127,"Болт М24x80 мм, кл. пр. 10,9, ГОСТ Р ИСО 4014-2013 (7798-70, 7805-70), DIN 931, Россия",342,krepej_i_takelaj/metricheskiy_krepej/bolty,https://optorg.ru/catalog/krepej_i_takelaj/metricheskiy_krepej/bolty/252127/
252131,"Болт М10x45 мм с полукруглой головой, цинк, DIN 603",204,krepej_i_takelaj/metricheskiy_krepej/bolty,https://optorg.ru/catalog/krepej_i_takelaj/metricheskiy_krepej/bolty/252131/
252132,"Болт М16x45 мм, кл. пр. 8,8, ГОСТ Р ИСО 4014-2013 (7798-70, 7805-70), DIN 931, Россия",273,krepej_i_takelaj/metricheskiy_krepej/bolty,https://optorg.ru/catalog/krepej_i_takelaj/metricheskiy_krepej/bolty/252132/
252138,"Болт М22x120 мм, ГОСТ Р ИСО 4014-2013 (7798-70, 7805-70), DIN 931, Россия",215,krepej_i_takelaj/metricheskiy_krepej/bolty,https://optorg.ru/catalog/krepej_i_takelaj/metricheskiy_krepej/bolty/252138/
252139,"Болт М12x30 мм с полукруглой головой, цинк, DIN 603, Китай",204,krepej_i_takelaj/metricheskiy_krepej/bolty,https://optorg.ru/catalog/krepej_i_takelaj/metricheskiy_krepej/bolty/252139/
252140,"Болт М12x70 мм с полукруглой головой, цинк, DIN 603, Китай",204,krepej_i_takelaj/metricheskiy_krepej/bolty,https://optorg.ru/catalog/krepej_i_takelaj/metricheskiy_krepej/bolty/252140/
252142,"Болт М5x50 мм, цинк, полная резьба, ГОСТ Р ИСО 4017-2013 (7798-70, 7805-70), DIN 933",260,krepej_i_takelaj/metricheskiy_krepej/bolty,https://optorg.ru/catalog/krepej_i_takelaj/metricheskiy_krepej/bolty/252142/
252144,"Болт М12x40 мм, кл. пр. 8,8, ГОСТ 7798-70, ГОСТ 7805-70, DIN 931, Россия",258,krepej_i_takelaj/metricheskiy_krepej/bolty,https://optorg.ru/catalog/krepej_i_takelaj/metricheskiy_krepej/bolty/252144/
252149,"Болт М8x50 мм, цинк, полная резьба, ГОСТ Р ИСО 4017-2013 (7798-70, 7805-70), DIN 933, Беларусь",207,krepej_i_takelaj/metricheskiy_krepej/bolty,https://optorg.ru/catalog/krepej_i_takelaj/metricheskiy_krepej/bolty/252149/
252157,"Болт М16x35 мм, полная резьба, кл. пр. 8,8, ГОСТ Р ИСО 4014-2013 (7798-70, 7805-70), DIN 931, Россия",273,krepej_i_takelaj/metricheskiy_krepej/bolty,https://optorg.ru/catalog/krepej_i_takelaj/metricheskiy_krepej/bolty/252157/
252212,"Болт М12x50 мм, цинк, полная резьба, ГОСТ 7798-70, ГОСТ 7805-70, DIN 933, Беларусь",213,krepej_i_takelaj/metricheskiy_krepej/bolty,https://optorg.ru/catalog/krepej_i_takelaj/metricheskiy_krepej/bolty/252212/
252214,"Болт М12x70 мм, цинк, полная резьба, ГОСТ 7798-70, ГОСТ 7805-70, DIN 933, Беларусь",213,krepej_i_takelaj/metricheskiy_krepej/bolty,https://optorg.ru/catalog/krepej_i_takelaj/metricheskiy_krepej/bolty/252214/
252235,"Болт М16x65 мм, цинк, полная резьба, ГОСТ Р ИСО 4017-2013 (7798-70, 7805-70), DIN 933, Беларусь",200,krepej_i_takelaj/metricheskiy_krepej/bolty,https://optorg.ru/catalog/krepej_i_takelaj/metricheskiy_krepej/bolty/252235/
252250,"Болт М6x20 мм, цинк, ГОСТ Р ИСО 4014-2013 (7798-70, 7805-70), DIN 931, Россия",221,krepej_i_takelaj/metricheskiy_krepej/bolty,https://optorg.ru/catalog/krepej_i_takelaj/metricheskiy_krepej/bolty/252250/
252261,"Болт М6x90 мм с полукруглой головой, цинк, DIN 603",204,krepej_i_takelaj/metricheskiy_krepej/bolty,https://optorg.ru/catalog/krepej_i_takelaj/metricheskiy_krepej/bolty/252261/
252262,"Болт М8x16 мм с полукруглой головой, цинк, DIN 603",204,krepej_i_takelaj/metricheskiy_krepej/bolty,https://optorg.ru/catalog/krepej_i_takelaj/metricheskiy_krepej/bolty/252262/
252263,"Болт М10x20 мм с полукруглой головой, цинк, DIN 603, Китай",204,krepej_i_takelaj/metricheskiy_krepej/bolty,https://optorg.ru/catalog/krepej_i_takelaj/metricheskiy_krepej/bolty/252263/
252266,"Болт М12x55 мм, цинк, полная резьба, DIN 933, Китай",213,krepej_i_takelaj/metricheskiy_krepej/bolty,https://optorg.ru/catalog/krepej_i_takelaj/metricheskiy_krepej/bolty/252266/
252268,"Болт М16x75 мм, кл. пр. 8,8, ГОСТ Р ИСО 4014-2013 (7798-70, 7805-70), DIN 931, Беларусь",273,krepej_i_takelaj/metricheskiy_krepej/bolty,https://optorg.ru/catalog/krepej_i_takelaj/metricheskiy_krepej/bolty/252268/
252278,"Болт М12x25 мм, полная резьба, кл. пр. 8,8, ГОСТ 7798-70, ГОСТ 7805-70, DIN 931, Россия",258,krepej_i_takelaj/metricheskiy_krepej/bolty,https://optorg.ru/catalog/krepej_i_takelaj/metricheskiy_krepej/bolty/252278/
252281,"Болт М16x180 мм, ГОСТ Р ИСО 4014-2013 (7798-70, 7805-70), DIN 931, Россия",235,krepej_i_takelaj/metricheskiy_krepej/bolty,https://optorg.ru/catalog/krepej_i_takelaj/metricheskiy_krepej/bolty/252281/
252303,"Болт М12x30 мм лемешный, ГОСТ 7786-81, Беларусь",263,krepej_i_takelaj/metricheskiy_krepej/bolty,https://optorg.ru/catalog/krepej_i_takelaj/metricheskiy_krepej/bolty/252303/
252309,"Болт М16x50 мм, цинк, полная резьба, DIN 933, Китай",200,krepej_i_takelaj/metricheskiy_krepej/bolty,https://optorg.ru/catalog/krepej_i_takelaj/metricheskiy_krepej/bolty/252309/
252310,"Болт М16x55 мм, цинк, полная резьба, DIN 933, Китай",200,krepej_i_takelaj/metricheskiy_krepej/bolty,https://optorg.ru/catalog/krepej_i_takelaj/metricheskiy_krepej/bolty/252310/
252313,"Болт М20x100 мм, кл. пр. 8,8, ГОСТ Р ИСО 4014-2013 (7798-70, 7805-70), DIN 931, Россия",315,krepej_i_takelaj/metricheskiy_krepej/bolty,https://optorg.ru/catalog/krepej_i_takelaj/metricheskiy_krepej/bolty/252313/
252314,"Болт М24x120 мм, кл. пр. 8,8, ГОСТ Р ИСО 4014-2013 (7798-70, 7805-70), DIN 931, Россия",312,krepej_i_takelaj/metricheskiy_krepej/bolty,https://optorg.ru/catalog/krepej_i_takelaj/metricheskiy_krepej/bolty/252314/
252325,"Болт М10x55 мм, цинк, полная резьба, DIN 933, Китай",205,krepej_i_takelaj/metricheskiy_krepej/bolty,https://optorg.ru/catalog/krepej_i_takelaj/metricheskiy_krepej/bolty/252325/
252327,"Болт М12x65 мм, цинк, полная резьба, DIN 933, Китай",213,krepej_i_takelaj/metricheskiy_krepej/bolty,https://optorg.ru/catalog/krepej_i_takelaj/metricheskiy_krepej/bolty/252327/
252329,"Болт М16x60 мм, цинк, полная резьба, ГОСТ Р ИСО 4017-2013 (7798-70, 7805-70), DIN 933, Россия",200,krepej_i_takelaj/metricheskiy_krepej/bolty,https://optorg.ru/catalog/krepej_i_takelaj/metricheskiy_krepej/bolty/252329/
252344,"Болт М20x190 мм, ГОСТ Р ИСО 4014-2013 (7798-70, 7805-70), DIN 931, Россия",196,krepej_i_takelaj/metricheskiy_krepej/bolty,https://optorg.ru/catalog/krepej_i_takelaj/metricheskiy_krepej/bolty/252344/
252352,"Болт М10x130 мм, цинк, полная резьба, DIN 933, Китай",207,krepej_i_takelaj/metricheskiy_krepej/bolty,https://optorg.ru/catalog/krepej_i_takelaj/metricheskiy_krepej/bolty/252352/
252353,"Болт М10x200 мм, цинк, полная резьба, DIN 933, Китай",207,krepej_i_takelaj/metricheskiy_krepej/bolty,https://optorg.ru/catalog/krepej_i_takelaj/metricheskiy_krepej/bolty/252353/
252354,"Болт М12x120 мм, цинк, полная резьба, DIN 933, Китай",214,krepej_i_takelaj/metricheskiy_krepej/bolty,https://optorg.ru/catalog/krepej_i_takelaj/metricheskiy_krepej/bolty/252354/
252355,"Болт М12x140 мм, цинк, полная резьба, DIN 933, Китай",214,krepej_i_takelaj/metricheskiy_krepej/bolty,https://optorg.ru/catalog/krepej_i_takelaj/metricheskiy_krepej/bolty/252355/
252357,"Болт М12x200 мм, цинк, полная резьба, DIN 933, Китай",214,krepej_i_takelaj/metricheskiy_krepej/bolty,https://optorg.ru/catalog/krepej_i_takelaj/metricheskiy_krepej/bolty/252357/
252358,"Болт М14x100 мм, цинк, полная резьба, DIN 933, Китай",226,krepej_i_takelaj/metricheskiy_krepej/bolty,https://optorg.ru/catalog/krepej_i_takelaj/metricheskiy_krepej/bolty/252358/
252359,"Болт М14x120 мм, цинк, полная резьба, DIN 933, Китай",226,krepej_i_takelaj/metricheskiy_krepej/bolty,https://optorg.ru/catalog/krepej_i_takelaj/metricheskiy_krepej/bolty/252359/
252360,"Болт М14x140 мм, цинк, полная резьба, DIN 933, Китай",226,krepej_i_takelaj/metricheskiy_krepej/bolty,https://optorg.ru/catalog/krepej_i_takelaj/metricheskiy_krepej/bolty/252360/
252361,"Болт М14x40 мм, цинк, полная резьба, DIN 933, Китай",226,krepej_i_takelaj/metricheskiy_krepej/bolty,https://optorg.ru/catalog/krepej_i_takelaj/metricheskiy_krepej/bolty/252361/
252362,"Болт М14x50 мм, цинк, полная резьба, DIN 933, Китай",226,krepej_i_takelaj/metricheskiy_krepej/bolty,https://optorg.ru/catalog/krepej_i_takelaj/metricheskiy_krepej/bolty/252362/
252363,"Болт М14x60 мм, цинк, полная резьба, DIN 933, Китай",226,krepej_i_takelaj/metricheskiy_krepej/bolty,https://optorg.ru/catalog/krepej_i_takelaj/metricheskiy_krepej/bolty/252363/
252364,"Болт М14x70 мм, цинк, полная резьба, DIN 933, Китай",226,krepej_i_takelaj/metricheskiy_krepej/bolty,https://optorg.ru/catalog/krepej_i_takelaj/metricheskiy_krepej/bolty/252364/
252365,"Болт М14x80 мм, цинк, полная резьба, DIN 933, Китай",226,krepej_i_takelaj/metricheskiy_krepej/bolty,https://optorg.ru/catalog/krepej_i_takelaj/metricheskiy_krepej/bolty/252365/
252366,"Болт М14x90 мм, цинк, полная резьба, DIN 933, Китай",226,krepej_i_takelaj/metricheskiy_krepej/bolty,https://optorg.ru/catalog/krepej_i_takelaj/metricheskiy_krepej/bolty/252366/
252367,"Болт М16x100 мм, цинк, полная резьба, DIN 933, Китай",202,krepej_i_takelaj/metricheskiy_krepej/bolty,https://optorg.ru/catalog/krepej_i_takelaj/metricheskiy_krepej/bolty/252367/
252369,"Болт М16x140 мм, цинк, полная резьба, DIN 933, Китай",202,krepej_i_takelaj/metricheskiy_krepej/bolty,https://optorg.ru/catalog/krepej_i_takelaj/metricheskiy_krepej/bolty/252369/
252370,"Болт М8x100 мм, цинк, полная резьба, DIN 933, Китай",209,krepej_i_takelaj/metricheskiy_krepej/bolty,https://optorg.ru/catalog/krepej_i_takelaj/metricheskiy_krepej/bolty/252370/
252372,"Болт М8x90 мм, цинк, полная резьба, DIN 933, Китай",207,krepej_i_takelaj/metricheskiy_krepej/bolty,https://optorg.ru/catalog/krepej_i_takelaj/metricheskiy_krepej/bolty/252372/
252373,"Болт М6x25 мм с полукруглой головой, цинк, DIN 603, Китай",204,krepej_i_takelaj/metricheskiy_krepej/bolty,https://optorg.ru/catalog/krepej_i_takelaj/metricheskiy_krepej/bolty/252373/
252375,"Болт М16x90 мм, цинк, полная резьба, DIN 933, Китай",200,krepej_i_takelaj/metricheskiy_krepej/bolty,https://optorg.ru/catalog/krepej_i_takelaj/metricheskiy_krepej/bolty/252375/
252378,"Болт М16x55 мм, кл. пр. 8,8, ГОСТ Р ИСО 4014-2013 (7798-70, 7805-70), DIN 931, Беларусь",273,krepej_i_takelaj/metricheskiy_krepej/bolty,https://optorg.ru/catalog/krepej_i_takelaj/metricheskiy_krepej/bolty/252378/
252386,"Болт М16x55 мм, цинк, ГОСТ Р ИСО 4014-2013 (7798-70, 7805-70), DIN 931, Россия",180,krepej_i_takelaj/metricheskiy_krepej/bolty,https://optorg.ru/catalog/krepej_i_takelaj/metricheskiy_krepej/bolty/252386/
252391,"Болт М12x60 мм, цинк, полная резьба, DIN 933, Китай",213,krepej_i_takelaj/metricheskiy_krepej/bolty,https://optorg.ru/catalog/krepej_i_takelaj/metricheskiy_krepej/bolty/252391/
252400,"Болт М20x75 мм, цинк, ГОСТ Р ИСО 4014-2013 (7798-70, 7805-70), DIN 931, Россия",193,krepej_i_takelaj/metricheskiy_krepej/bolty,https://optorg.ru/catalog/krepej_i_takelaj/metricheskiy_krepej/bolty/252400/
252410,"Болт М12x120 мм, цинк, полная резьба, ГОСТ 7798-70, ГОСТ 7805-70, DIN 933, Беларусь",214,krepej_i_takelaj/metricheskiy_krepej/bolty,https://optorg.ru/catalog/krepej_i_takelaj/metricheskiy_krepej/bolty/252410/
252411,"Болт М16x100 мм, цинк, полная резьба, ГОСТ Р ИСО 4017-2013 (7798-70, 7805-70), DIN 933, Россия",202,krepej_i_takelaj/metricheskiy_krepej/bolty,https://optorg.ru/catalog/krepej_i_takelaj/metricheskiy_krepej/bolty/252411/
252434,"Болт М18x85 мм, ГОСТ Р ИСО 4014-2013 (7798-70, 7805-70), DIN 931, Россия",200,krepej_i_takelaj/metricheskiy_krepej/bolty,https://optorg.ru/catalog/krepej_i_takelaj/metricheskiy_krepej/bolty/252434/
252447,"Болт М8x55 мм, цинк, полная резьба, DIN 933, Китай",207,krepej_i_takelaj/metricheskiy_krepej/bolty,https://optorg.ru/catalog/krepej_i_takelaj/metricheskiy_krepej/bolty/252447/
252448,"Болт М8x65 мм, цинк, полная резьба, DIN 933, Китай",207,krepej_i_takelaj/metricheskiy_krepej/bolty,https://optorg.ru/catalog/krepej_i_takelaj/metricheskiy_krepej/bolty/252448/
252490,"Болт М10x70 мм, кл. пр. 8,8, ГОСТ 7798-70, ГОСТ 7805-70, DIN 931, Беларусь",258,krepej_i_takelaj/metricheskiy_krepej/bolty,https://optorg.ru/catalog/krepej_i_takelaj/metricheskiy_krepej/bolty/252490/
252492,"Болт М18x40 мм, полная резьба, ГОСТ Р ИСО 4014-2013 (7798-70, 7805-70), DIN 931, Россия",226,krepej_i_takelaj/metricheskiy_krepej/bolty,https://optorg.ru/catalog/krepej_i_takelaj/metricheskiy_krepej/bolty/252492/
252506,"Болт М16x190 мм, ГОСТ Р ИСО 4014-2013 (7798-70, 7805-70), DIN 931, Россия",235,krepej_i_takelaj/metricheskiy_krepej/bolty,https://optorg.ru/catalog/krepej_i_takelaj/metricheskiy_krepej/bolty/252506/
252576,"Болт М14x30 мм, цинк, полная резьба, ГОСТ Р ИСО 4014-2013 (7798-70, 7805-70), DIN 931, Россия",229,krepej_i_takelaj/metricheskiy_krepej/bolty,https://optorg.ru/catalog/krepej_i_takelaj/metricheskiy_krepej/bolty/252576/
252581,"Болт М10x65 мм, кл. пр. 8,8, ГОСТ 7798-70, ГОСТ 7805-70, DIN 931, Беларусь",258,krepej_i_takelaj/metricheskiy_krepej/bolty,https://optorg.ru/catalog/krepej_i_takelaj/metricheskiy_krepej/bolty/252581/
252590,"Болт М12x50 мм, кл. пр. 8,8, ГОСТ 7798-70, ГОСТ 7805-70, DIN 931, Россия",258,krepej_i_takelaj/metricheskiy_krepej/bolty,https://optorg.ru/catalog/krepej_i_takelaj/metricheskiy_krepej/bolty/252590/
252591,"Болт М12x60 мм, кл. пр. 8,8, ГОСТ 7798-70, ГОСТ 7805-70, DIN 931, Россия",258,krepej_i_takelaj/metricheskiy_krepej/bolty,https://optorg.ru/catalog/krepej_i_takelaj/metricheskiy_krepej/bolty/252591/
252592,"Болт М24x70 мм, кл. пр. 8,8, ГОСТ Р ИСО 4014-2013 (7798-70, 7805-70), DIN 931, Россия",298,krepej_i_takelaj/metricheskiy_krepej/bolty,https://optorg.ru/catalog/krepej_i_takelaj/metricheskiy_krepej/bolty/252592/
252662,"Болт М36x130 мм, ГОСТ Р ИСО 4014-2013 (7798-70, 7805-70), DIN 931, Россия",258,krepej_i_takelaj/metricheskiy_krepej/bolty,https://optorg.ru/catalog/krepej_i_takelaj/metricheskiy_krepej/bolty/252662/
252666,"Болт М6x16 мм, цинк, полная резьба, ГОСТ Р ИСО 4014-2013 (7798-70, 7805-70), DIN 931, Россия",221,krepej_i_takelaj/metricheskiy_krepej/bolty,https://optorg.ru/catalog/krepej_i_takelaj/metricheskiy_krepej/bolty/252666/
252681,"Болт М36x150 мм, DIN 931, Китай",258,krepej_i_takelaj/metricheskiy_krepej/bolty,https://optorg.ru/catalog/krepej_i_takelaj/metricheskiy_krepej/bolty/252681/
252705,"Болт М16x50 мм, кл. пр. 8,8, ГОСТ Р ИСО 4014-2013 (7798-70, 7805-70), DIN 931, Беларусь",273,krepej_i_takelaj/metricheskiy_krepej/bolty,https://optorg.ru/catalog/krepej_i_takelaj/metricheskiy_krepej/bolty/252705/
252706,"Болт М16x80 мм, кл. пр. 8,8, ГОСТ Р ИСО 4014-2013 (7798-70, 7805-70), DIN 931, Беларусь",273,krepej_i_takelaj/metricheskiy_krepej/bolty,https://optorg.ru/catalog/krepej_i_takelaj/metricheskiy_krepej/bolty/252706/
252734,"Болт М5x16 мм, цинк, полная резьба, ГОСТ Р ИСО 4017-2013 (7798-70, 7805-70), DIN 933",260,krepej_i_takelaj/metricheskiy_krepej/bolty,https://optorg.ru/catalog/krepej_i_takelaj/metricheskiy_krepej/bolty/252734/
252735,"Болт М5x20 мм, цинк, полная резьба, ГОСТ Р ИСО 4017-2013 (7798-70, 7805-70), DIN 933",260,krepej_i_takelaj/metricheskiy_krepej/bolty,https://optorg.ru/catalog/krepej_i_takelaj/metricheskiy_krepej/bolty/252735/
252736,"Болт М5x25 мм, цинк, полная резьба, ГОСТ Р ИСО 4017-2013 (7798-70, 7805-70), DIN 933",260,krepej_i_takelaj/metricheskiy_krepej/bolty,https://optorg.ru/catalog/krepej_i_takelaj/metricheskiy_krepej/bolty/252736/
252737,"Болт М5x40 мм, цинк, полная резьба, ГОСТ Р ИСО 4017-2013 (7798-70, 7805-70), DIN 933",260,krepej_i_takelaj/metricheskiy_krepej/bolty,https://optorg.ru/catalog/krepej_i_takelaj/metricheskiy_krepej/bolty/252737/
252743,"Болт М12x70 мм, кл. пр. 8,8, ГОСТ 7798-70, ГОСТ 7805-70, DIN 931, Россия",258,krepej_i_takelaj/metricheskiy_krepej/bolty,https://optorg.ru/catalog/krepej_i_takelaj/metricheskiy_krepej/bolty/252743/
252750,"Болт М14x80 мм, цинк, полная резьба, ГОСТ Р ИСО 4017-2013 (7798-70, 7805-70), DIN 933, Беларусь",226,krepej_i_takelaj/metricheskiy_krepej/bolty,https://optorg.ru/catalog/krepej_i_takelaj/metricheskiy_krepej/bolty/252750/
252751,"Болт М20x110 мм, кл. пр. 8,8, ГОСТ Р ИСО 4014-2013 (7798-70, 7805-70), DIN 931, Россия",315,krepej_i_takelaj/metricheskiy_krepej/bolty,https://optorg.ru/catalog/krepej_i_takelaj/metricheskiy_krepej/bolty/252751/
252752,"Болт М20x70 мм, кл. пр. 8,8, ГОСТ Р ИСО 4014-2013 (7798-70, 7805-70), DIN 931, Россия",315,krepej_i_takelaj/metricheskiy_krepej/bolty,https://optorg.ru/catalog/krepej_i_takelaj/metricheskiy_krepej/bolty/252752/
252754,"Болт М16x45 мм, цинк, полная резьба, DIN 933, Китай",203,krepej_i_takelaj/metricheskiy_krepej/bolty,https://optorg.ru/catalog/krepej_i_takelaj/metricheskiy_krepej/bolty/252754/
252755,"Болт М6x16 мм с полукруглой головой, цинк, DIN 603, Китай",204,krepej_i_takelaj/metricheskiy_krepej/bolty,https://optorg.ru/catalog/krepej_i_takelaj/metricheskiy_krepej/bolty/252755/
252756,"Болт М6x35 мм с полукруглой головой, цинк, DIN 603",204,krepej_i_takelaj/metricheskiy_krepej/bolty,https://optorg.ru/catalog/krepej_i_takelaj/metricheskiy_krepej/bolty/252756/
252762,"Болт М10x25 мм с полукруглой головой, цинк, DIN 603, Китай",204,krepej_i_takelaj/metricheskiy_krepej/bolty,https://optorg.ru/catalog/krepej_i_takelaj/metricheskiy_krepej/bolty/252762/
252763,"Болт М10x35 мм с полукруглой головой, цинк, DIN 603, Китай",204,krepej_i_takelaj/metricheskiy_krepej/bolty,https://optorg.ru/catalog/krepej_i_takelaj/metricheskiy_krepej/bolty/252763/
252777,"Болт М10x20 мм, полная резьба, ГОСТ 7798-70, ГОСТ 7805-70, DIN 931, Беларусь",190,krepej_i_takelaj/metricheskiy_krepej/bolty,https://optorg.ru/catalog/krepej_i_takelaj/metricheskiy_krepej/bolty/252777/
252778,"Болт М12x45 мм, цинк, полная резьба, ГОСТ 7798-70, ГОСТ 7805-70, DIN 933, Беларусь",213,krepej_i_takelaj/metricheskiy_krepej/bolty,https://optorg.ru/catalog/krepej_i_takelaj/metricheskiy_krepej/bolty/252778/
252781,"Болт М16x120 мм, кл. пр. 8,8, ГОСТ Р ИСО 4014-2013 (7798-70, 7805-70), DIN 931, Беларусь",273,krepej_i_takelaj/metricheskiy_krepej/bolty,https://optorg.ru/catalog/krepej_i_takelaj/metricheskiy_krepej/bolty/252781/
252782,"Болт М16x40 мм, кл. пр. 8,8, ГОСТ Р ИСО 4014-2013 (7798-70, 7805-70), DIN 931, Беларусь",273,krepej_i_takelaj/metricheskiy_krepej/bolty,https://optorg.ru/catalog/krepej_i_takelaj/metricheskiy_krepej/bolty/252782/
252783,"Болт М16x90 мм, ГОСТ Р ИСО 4014-2013 (7798-70, 7805-70), DIN 931, Беларусь",180,krepej_i_takelaj/metricheskiy_krepej/bolty,https://optorg.ru/catalog/krepej_i_takelaj/metricheskiy_krepej/bolty/252783/
252806,"Болт М10x50 мм, кл. пр. 8,8, ГОСТ 7798-70, ГОСТ 7805-70, DIN 931, Беларусь",258,krepej_i_takelaj/metricheskiy_krepej/bolty,https://optorg.ru/catalog/krepej_i_takelaj/metricheskiy_krepej/bolty/252806/
252809,"Болт М10x75 мм, ГОСТ 7798-70, ГОСТ 7805-70, DIN 931, Беларусь",184,krepej_i_takelaj/metricheskiy_krepej/bolty,https://optorg.ru/catalog/krepej_i_takelaj/metricheskiy_krepej/bolty/252809/
252811,"Болт М12x70 мм, кл. пр. 8,8, ГОСТ 7798-70, ГОСТ 7805-70, DIN 931, Беларусь",258,krepej_i_takelaj/metricheskiy_krepej/bolty,https://optorg.ru/catalog/krepej_i_takelaj/metricheskiy_krepej/bolty/252811/
252812,"Болт М12x80 мм, ГОСТ 7798-70, ГОСТ 7805-70, DIN 931, Россия",192,krepej_i_takelaj/metricheskiy_krepej/bolty,https://optorg.ru/catalog/krepej_i_takelaj/metricheskiy_krepej/bolty/252812/
252824,"Болт М16x100 мм, кл. пр. 8,8, ГОСТ Р ИСО 4014-2013 (7798-70, 7805-70), DIN 931, Беларусь",273,krepej_i_takelaj/metricheskiy_krepej/bolty,https://optorg.ru/catalog/krepej_i_takelaj/metricheskiy_krepej/bolty/252824/
252825,"Болт М16x130 мм, кл. пр. 8,8, ГОСТ Р ИСО 4014-2013 (7798-70, 7805-70), DIN 931, Беларусь",283,krepej_i_takelaj/metricheskiy_krepej/bolty,https://optorg.ru/catalog/krepej_i_takelaj/metricheskiy_krepej/bolty/252825/
252826,"Болт М16x140 мм, кл. пр. 8,8, ГОСТ Р ИСО 4014-2013 (7798-70, 7805-70), DIN 931, Беларусь",283,krepej_i_takelaj/metricheskiy_krepej/bolty,https://optorg.ru/catalog/krepej_i_takelaj/metricheskiy_krepej/bolty/252826/
252827,"Болт М24x80 мм, кл. пр. 8,8, ГОСТ Р ИСО 4014-2013 (7798-70, 7805-70), DIN 931, Россия",298,krepej_i_takelaj/metricheskiy_krepej/bolty,https://optorg.ru/catalog/krepej_i_takelaj/metricheskiy_krepej/bolty/252827/
252834,"Болт М12x80 мм, кл. пр. 8,8, ГОСТ 7798-70, ГОСТ 7805-70, DIN 931, Беларусь",258,krepej_i_takelaj/metricheskiy_krepej/bolty,https://optorg.ru/catalog/krepej_i_takelaj/metricheskiy_krepej/bolty/252834/
252835,"Болт М16x35 мм, полная резьба, кл. пр. 8,8, ГОСТ Р ИСО 4014-2013 (7798-70, 7805-70), DIN 931, Беларусь",273,krepej_i_takelaj/metricheskiy_krepej/bolty,https://optorg.ru/catalog/krepej_i_takelaj/metricheskiy_krepej/bolty/252835/
252837,"Болт М20x50 мм, кл. пр. 8,8, ГОСТ Р ИСО 4014-2013 (7798-70, 7805-70), DIN 931, Россия",315,krepej_i_takelaj/metricheskiy_krepej/bolty,https://optorg.ru/catalog/krepej_i_takelaj/metricheskiy_krepej/bolty/252837/
252838,"Болт М24x85 мм, кл. пр. 8,8, ГОСТ Р ИСО 4014-2013 (7798-70, 7805-70), DIN 931, Россия",298,krepej_i_takelaj/metricheskiy_krepej/bolty,https://optorg.ru/catalog/krepej_i_takelaj/metricheskiy_krepej/bolty/252838/
252839,"Болт М24x90 мм, кл. пр. 8,8, ГОСТ Р ИСО 4014-2013 (7798-70, 7805-70), DIN 931, Россия",298,krepej_i_takelaj/metricheskiy_krepej/bolty,https://optorg.ru/catalog/krepej_i_takelaj/metricheskiy_krepej/bolty/252839/
252840,"Болт М8x25 мм, цинк, полная резьба, ГОСТ Р ИСО 4017-2013 (7798-70, 7805-70), DIN 933, Беларусь",213,krepej_i_takelaj/metricheskiy_krepej/bolty,https://optorg.ru/catalog/krepej_i_takelaj/metricheskiy_krepej/bolty/252840/
252842,"Болт М8x70 мм, цинк, полная резьба, ГОСТ Р ИСО 4017-2013 (7798-70, 7805-70), DIN 933, Беларусь",207,krepej_i_takelaj/metricheskiy_krepej/bolty,https://optorg.ru/catalog/krepej_i_takelaj/metricheskiy_krepej/bolty/252842/
252852,"Болт М12x45 мм, ГОСТ 7798-70, ГОСТ 7805-70, DIN 931, Беларусь",192,krepej_i_takelaj/metricheskiy_krepej/bolty,https://optorg.ru/catalog/krepej_i_takelaj/metricheskiy_krepej/bolty/252852/
252856,"Болт М20x60 мм, кл. пр. 8,8, ГОСТ Р ИСО 4014-2013 (7798-70, 7805-70), DIN 931, Россия",315,krepej_i_takelaj/metricheskiy_krepej/bolty,https://optorg.ru/catalog/krepej_i_takelaj/metricheskiy_krepej/bolty/252856/
252870,"Болт М14x70 мм, ГОСТ Р ИСО 4014-2013 (7798-70, 7805-70), DIN 931, Беларусь",204,krepej_i_takelaj/metricheskiy_krepej/bolty,https://optorg.ru/catalog/krepej_i_takelaj/metricheskiy_krepej/bolty/252870/
252874,"Болт М30x190 мм, ГОСТ Р ИСО 4014-2013 (7798-70, 7805-70), DIN 931, Россия",212,krepej_i_takelaj/metricheskiy_krepej/bolty,https://optorg.ru/catalog/krepej_i_takelaj/metricheskiy_krepej/bolty/252874/
252881,"Болт М12x150 мм, цинк, полная резьба, DIN 933, Китай",214,krepej_i_takelaj/metricheskiy_krepej/bolty,https://optorg.ru/catalog/krepej_i_takelaj/metricheskiy_krepej/bolty/252881/
252882,"Болт М16x65 мм, цинк, полная резьба, DIN 933, Китай",200,krepej_i_takelaj/metricheskiy_krepej/bolty,https://optorg.ru/catalog/krepej_i_takelaj/metricheskiy_krepej/bolty/252882/
252894,"Болт М16x40 мм, кл. пр. 8,8, ГОСТ Р ИСО 4014-2013 (7798-70, 7805-70), DIN 931, Россия",273,krepej_i_takelaj/metricheskiy_krepej/bolty,https://optorg.ru/catalog/krepej_i_takelaj/metricheskiy_krepej/bolty/252894/
252895,"Болт М16x50 мм, кл. пр. 8,8, ГОСТ Р ИСО 4014-2013 (7798-70, 7805-70), DIN 931, Россия",273,krepej_i_takelaj/metricheskiy_krepej/bolty,https://optorg.ru/catalog/krepej_i_takelaj/metricheskiy_krepej/bolty/252895/
252948,"Болт М5x30 мм, цинк, полная резьба, ГОСТ Р ИСО 4017-2013 (7798-70, 7805-70), DIN 933",260,krepej_i_takelaj/metricheskiy_krepej/bolty,https://optorg.ru/catalog/krepej_i_takelaj/metricheskiy_krepej/bolty/252948/
252949,"Болт М6x35 мм, цинк, полная резьба, ГОСТ Р ИСО 4017-2013 (7798-70, 7805-70), DIN 933, Россия",216,krepej_i_takelaj/metricheskiy_krepej/bolty,https://optorg.ru/catalog/krepej_i_takelaj/metricheskiy_krepej/bolty/252949/
252973,"Болт М16x110 мм, цинк, полная резьба, DIN 933, Китай",202,krepej_i_takelaj/metricheskiy_krepej/bolty,https://optorg.ru/catalog/krepej_i_takelaj/metricheskiy_krepej/bolty/252973/
252974,"Болт М5x12 мм, цинк, полная резьба, ГОСТ Р ИСО 4017-2013 (7798-70, 7805-70), DIN 933",260,krepej_i_takelaj/metricheskiy_krepej/bolty,https://optorg.ru/catalog/krepej_i_takelaj/metricheskiy_krepej/bolty/252974/
252978,"Болт М10x120 мм, цинк, полная резьба, ГОСТ 7798-70, ГОСТ 7805-70, DIN 933, Россия",207,krepej_i_takelaj/metricheskiy_krepej/bolty,https://optorg.ru/catalog/krepej_i_takelaj/metricheskiy_krepej/bolty/252978/
252979,"Болт М12x40 мм, цинк, полная резьба, ГОСТ 7798-70, ГОСТ 7805-70, DIN 933, Россия",213,krepej_i_takelaj/metricheskiy_krepej/bolty,https://optorg.ru/catalog/krepej_i_takelaj/metricheskiy_krepej/bolty/252979/
252985,"Болт М5x14 мм, цинк, полная резьба, ГОСТ Р ИСО 4017-2013 (7798-70, 7805-70), DIN 933",260,krepej_i_takelaj/metricheskiy_krepej/bolty,https://optorg.ru/catalog/krepej_i_takelaj/metricheskiy_krepej/bolty/252985/
252991,"Болт М12x20 мм, цинк, полная резьба, DIN 933, Китай",218,krepej_i_takelaj/metricheskiy_krepej/bolty,https://optorg.ru/catalog/krepej_i_takelaj/metricheskiy_krepej/bolty/252991/
252992,"Болт М6x55 мм, цинк, полная резьба, DIN 933, Китай",221,krepej_i_takelaj/metricheskiy_krepej/bolty,https://optorg.ru/catalog/krepej_i_takelaj/metricheskiy_krepej/bolty/252992/
253003,"Болт М10x16 мм, цинк, полная резьба, DIN 933, Китай",212,krepej_i_takelaj/metricheskiy_krepej/bolty,https://optorg.ru/catalog/krepej_i_takelaj/metricheskiy_krepej/bolty/253003/
253004,"Болт М10x120 мм, цинк, полная резьба, DIN 933, Китай",207,krepej_i_takelaj/metricheskiy_krepej/bolty,https://optorg.ru/catalog/krepej_i_takelaj/metricheskiy_krepej/bolty/253004/
253008,"Болт М12x20 мм, цинк, полная резьба, ГОСТ 7798-70, ГОСТ 7805-70, DIN 931, Беларусь",218,krepej_i_takelaj/metricheskiy_krepej/bolty,https://optorg.ru/catalog/krepej_i_takelaj/metricheskiy_krepej/bolty/253008/
253010,"Болт М16x110 мм, ГОСТ Р ИСО 4014-2013 (7798-70, 7805-70), DIN 931, Беларусь",182,krepej_i_takelaj/metricheskiy_krepej/bolty,https://optorg.ru/catalog/krepej_i_takelaj/metricheskiy_krepej/bolty/253010/
253012,"Болт М16x150 мм, ГОСТ Р ИСО 4014-2013 (7798-70, 7805-70), DIN 931, Беларусь",182,krepej_i_takelaj/metricheskiy_krepej/bolty,https://optorg.ru/catalog/krepej_i_takelaj/metricheskiy_krepej/bolty/253012/
253013,"Болт М16x70 мм, цинк, полная резьба, ГОСТ Р ИСО 4017-2013 (7798-70, 7805-70), DIN 933, Беларусь",200,krepej_i_takelaj/metricheskiy_krepej/bolty,https://optorg.ru/catalog/krepej_i_takelaj/metricheskiy_krepej/bolty/253013/
253014,"Болт М24x220 мм, ГОСТ Р ИСО 4014-2013 (7798-70, 7805-70), DIN 931, Россия",197,krepej_i_takelaj/metricheskiy_krepej/bolty,https://optorg.ru/catalog/krepej_i_takelaj/metricheskiy_krepej/bolty/253014/
253016,"Болт М6x40 мм, цинк, полная резьба, ГОСТ Р ИСО 4017-2013 (7798-70, 7805-70), DIN 933, Беларусь",216,krepej_i_takelaj/metricheskiy_krepej/bolty,https://optorg.ru/catalog/krepej_i_takelaj/metricheskiy_krepej/bolty/253016/
253024,"Болт М16x150 мм, кл. пр. 8,8, ГОСТ Р ИСО 4014-2013 (7798-70, 7805-70), DIN 931, Россия",283,krepej_i_takelaj/metricheskiy_krepej/bolty,https://optorg.ru/catalog/krepej_i_takelaj/metricheskiy_krepej/bolty/253024/
253075,"Болт М10x25 мм, полная резьба, ГОСТ 7798-70, ГОСТ 7805-70, DIN 931, Беларусь",190,krepej_i_takelaj/metricheskiy_krepej/bolty,https://optorg.ru/catalog/krepej_i_takelaj/metricheskiy_krepej/bolty/253075/
253076,"Болт М12x25 мм, цинк, полная резьба, ГОСТ 7798-70, ГОСТ 7805-70, DIN 931, Беларусь",218,krepej_i_takelaj/metricheskiy_krepej/bolty,https://optorg.ru/catalog/krepej_i_takelaj/metricheskiy_krepej/bolty/253076/
253077,"Болт М12x35 мм, цинк, полная резьба, ГОСТ 7798-70, ГОСТ 7805-70, DIN 933, Беларусь",218,krepej_i_takelaj/metricheskiy_krepej/bolty,https://optorg.ru/catalog/krepej_i_takelaj/metricheskiy_krepej/bolty/253077/
253085,"Болт М10x40 мм, кл. пр. 8,8, ГОСТ 7798-70, ГОСТ 7805-70, DIN 931, Беларусь",258,krepej_i_takelaj/metricheskiy_krepej/bolty,https://optorg.ru/catalog/krepej_i_takelaj/metricheskiy_krepej/bolty/253085/
253086,"Болт М10x60 мм, кл. пр. 8,8, ГОСТ 7798-70, ГОСТ 7805-70, DIN 931, Беларусь",258,krepej_i_takelaj/metricheskiy_krepej/bolty,https://optorg.ru/catalog/krepej_i_takelaj/metricheskiy_krepej/bolty/253086/
253100,"Болт М10x75 мм, цинк, полная резьба, DIN 933, Китай",205,krepej_i_takelaj/metricheskiy_krepej/bolty,https://optorg.ru/catalog/krepej_i_takelaj/metricheskiy_krepej/bolty/253100/
253106,"Болт М12x90 мм, цинк, полная резьба, DIN 933, Китай",213,krepej_i_takelaj/metricheskiy_krepej/bolty,https://optorg.ru/catalog/krepej_i_takelaj/metricheskiy_krepej/bolty/253106/
253107,"Болт М12x100 мм, ГОСТ 7798-70, ГОСТ 7805-70, DIN 931, Беларусь",193,krepej_i_takelaj/metricheskiy_krepej/bolty,https://optorg.ru/catalog/krepej_i_takelaj/metricheskiy_krepej/bolty/253107/
253110,"Болт М8x55 мм, ГОСТ Р ИСО 4014-2013 (7798-70, 7805-70), DIN 931, Беларусь",185,krepej_i_takelaj/metricheskiy_krepej/bolty,https://optorg.ru/catalog/krepej_i_takelaj/metricheskiy_krepej/bolty/253110/
253112,"Болт М6x12 мм, цинк, полная резьба, DIN 933, Китай",221,krepej_i_takelaj/metricheskiy_krepej/bolty,https://optorg.ru/catalog/krepej_i_takelaj/metricheskiy_krepej/bolty/253112/
253113,"Болт М16x60 мм, цинк, полная резьба, ГОСТ Р ИСО 4017-2013 (7798-70, 7805-70), DIN 933, Беларусь",200,krepej_i_takelaj/metricheskiy_krepej/bolty,https://optorg.ru/catalog/krepej_i_takelaj/metricheskiy_krepej/bolty/253113/
253114,"Болт М12x80 мм, цинк, полная резьба, ГОСТ 7798-70, ГОСТ 7805-70, DIN 933, Беларусь",213,krepej_i_takelaj/metricheskiy_krepej/bolty,https://optorg.ru/catalog/krepej_i_takelaj/metricheskiy_krepej/bolty/253114/
253115,"Болт М12x30 мм, полная резьба, кл. пр. 8,8, ГОСТ 7798-70, ГОСТ 7805-70, DIN 931, Беларусь",258,krepej_i_takelaj/metricheskiy_krepej/bolty,https://optorg.ru/catalog/krepej_i_takelaj/metricheskiy_krepej/bolty/253115/
253116,"Болт М6x25 мм, цинк, полная резьба, ГОСТ Р ИСО 4017-2013 (7798-70, 7805-70), DIN 933, Беларусь",216,krepej_i_takelaj/metricheskiy_krepej/bolty,https://optorg.ru/catalog/krepej_i_takelaj/metricheskiy_krepej/bolty/253116/
253117,"Болт М8x60 мм, цинк, полная резьба, ГОСТ Р ИСО 4017-2013 (7798-70, 7805-70), DIN 933, Беларусь",207,krepej_i_takelaj/metricheskiy_krepej/bolty,https://optorg.ru/catalog/krepej_i_takelaj/metricheskiy_krepej/bolty/253117/
253119,"Болт М10x40 мм, цинк, полная резьба, ГОСТ 7798-70, ГОСТ 7805-70, DIN 933, Беларусь",205,krepej_i_takelaj/metricheskiy_krepej/bolty,https://optorg.ru/catalog/krepej_i_takelaj/metricheskiy_krepej/bolty/253119/
253120,"Болт М16x100 мм, цинк, полная резьба, ГОСТ Р ИСО 4017-2013 (7798-70, 7805-70), DIN 933, Беларусь",202,krepej_i_takelaj/metricheskiy_krepej/bolty,https://optorg.ru/catalog/krepej_i_takelaj/metricheskiy_krepej/bolty/253120/
253122,"Болт М10x35 мм, кл. пр. 8,8, ГОСТ 7798-70, ГОСТ 7805-70, DIN 931, Беларусь",258,krepej_i_takelaj/metricheskiy_krepej/bolty,https://optorg.ru/catalog/krepej_i_takelaj/metricheskiy_krepej/bolty/253122/
253123,"Болт М20x75 мм, кл. пр. 8,8, ГОСТ Р ИСО 4014-2013 (7798-70, 7805-70), DIN 931, Россия",315,krepej_i_takelaj/metricheskiy_krepej/bolty,https://optorg.ru/catalog/krepej_i_takelaj/metricheskiy_krepej/bolty/253123/
253142,"Болт М10x45 мм, цинк, полная резьба, ГОСТ 7798-70, ГОСТ 7805-70, DIN 933, Россия",205,krepej_i_takelaj/metricheskiy_krepej/bolty,https://optorg.ru/catalog/krepej_i_takelaj/metricheskiy_krepej/bolty/253142/
253143,"Болт М10x75 мм, цинк, полная резьба, ГОСТ 7798-70, ГОСТ 7805-70, DIN 933, Россия",205,krepej_i_takelaj/metricheskiy_krepej/bolty,https://optorg.ru/catalog/krepej_i_takelaj/metricheskiy_krepej/bolty/253143/
253146,"Болт М16x150 мм, кл. пр. 8,8, ГОСТ Р ИСО 4014-2013 (7798-70, 7805-70), DIN 931, Беларусь",283,krepej_i_takelaj/metricheskiy_krepej/bolty,https://optorg.ru/catalog/krepej_i_takelaj/metricheskiy_krepej/bolty/253146/
253147,"Болт М16x70 мм, кл. пр. 8,8, ГОСТ Р ИСО 4014-2013 (7798-70, 7805-70), DIN 931, Беларусь",273,krepej_i_takelaj/metricheskiy_krepej/bolty,https://optorg.ru/catalog/krepej_i_takelaj/metricheskiy_krepej/bolty/253147/
253157,"Болт М6x70 мм, цинк, полная резьба, DIN 933, Китай",221,krepej_i_takelaj/metricheskiy_krepej/bolty,https://optorg.ru/catalog/krepej_i_takelaj/metricheskiy_krepej/bolty/253157/
253160,"Болт М12x60 мм лемешный, ГОСТ 7786-81, Беларусь",263,krepej_i_takelaj/metricheskiy_krepej/bolty,https://optorg.ru/catalog/krepej_i_takelaj/metricheskiy_krepej/bolty/253160/
253161,"Болт М8x40 мм, цинк, полная резьба, ГОСТ Р ИСО 4017-2013 (7798-70, 7805-70), DIN 933, Беларусь",207,krepej_i_takelaj/metricheskiy_krepej/bolty,https://optorg.ru/catalog/krepej_i_takelaj/metricheskiy_krepej/bolty/253161/
253162,"Болт М10x75 мм, цинк, полная резьба, ГОСТ 7798-70, ГОСТ 7805-70, DIN 933, Беларусь",205,krepej_i_takelaj/metricheskiy_krepej/bolty,https://optorg.ru/catalog/krepej_i_takelaj/metricheskiy_krepej/bolty/253162/
253163,"Болт М16x45 мм, цинк, полная резьба, ГОСТ Р ИСО 4017-2013 (7798-70, 7805-70), DIN 933, Беларусь",203,krepej_i_takelaj/metricheskiy_krepej/bolty,https://optorg.ru/catalog/krepej_i_takelaj/metricheskiy_krepej/bolty/253163/
253164,"Болт М16x50 мм, цинк, полная резьба, ГОСТ Р ИСО 4017-2013 (7798-70, 7805-70), DIN 933, Россия",200,krepej_i_takelaj/metricheskiy_krepej/bolty,https://optorg.ru/catalog/krepej_i_takelaj/metricheskiy_krepej/bolty/253164/
253166,"Болт М20x90 мм лемешный, DIN 608, Китай",372,krepej_i_takelaj/metricheskiy_krepej/bolty,https://optorg.ru/catalog/krepej_i_takelaj/metricheskiy_krepej/bolty/253166/
253181,"Болт М10x80 мм, кл. пр. 8,8, ГОСТ 7798-70, ГОСТ 7805-70, DIN 931, Беларусь",258,krepej_i_takelaj/metricheskiy_krepej/bolty,https://optorg.ru/catalog/krepej_i_takelaj/metricheskiy_krepej/bolty/253181/
253183,"Болт М24x65 мм, цинк, ГОСТ Р ИСО 4014-2013 (7798-70, 7805-70), DIN 931, Россия",217,krepej_i_takelaj/metricheskiy_krepej/bolty,https://optorg.ru/catalog/krepej_i_takelaj/metricheskiy_krepej/bolty/253183/
253188,"Болт М16x90 мм, кл. пр. 8,8, ГОСТ Р ИСО 4014-2013 (7798-70, 7805-70), DIN 931, Беларусь",273,krepej_i_takelaj/metricheskiy_krepej/bolty,https://optorg.ru/catalog/krepej_i_takelaj/metricheskiy_krepej/bolty/253188/
253189,"Болт М12x35 мм, кл. пр. 8,8, ГОСТ 7798-70, ГОСТ 7805-70, DIN 931, Беларусь",258,krepej_i_takelaj/metricheskiy_krepej/bolty,https://optorg.ru/catalog/krepej_i_takelaj/metricheskiy_krepej/bolty/253189/
253194,"Болт М10x75 мм, кл. пр. 8,8, ГОСТ 7798-70, ГОСТ 7805-70, DIN 931, Россия",258,krepej_i_takelaj/metricheskiy_krepej/bolty,https://optorg.ru/catalog/krepej_i_takelaj/metricheskiy_krepej/bolty/253194/
253196,"Болт М12x25 мм, полная резьба, кл. пр. 8,8, ГОСТ 7798-70, ГОСТ 7805-70, DIN 931, Беларусь",258,krepej_i_takelaj/metricheskiy_krepej/bolty,https://optorg.ru/catalog/krepej_i_takelaj/metricheskiy_krepej/bolty/253196/
253197,"Болт М8x20 мм, полная резьба, ГОСТ Р ИСО 4014-2013 (7798-70, 7805-70), DIN 931, Беларусь",192,krepej_i_takelaj/metricheskiy_krepej/bolty,https://optorg.ru/catalog/krepej_i_takelaj/metricheskiy_krepej/bolty/253197/
253198,"Болт М20x200 мм, кл. пр. 8,8, ГОСТ Р ИСО 4014-2013 (7798-70, 7805-70), DIN 931, Россия",315,krepej_i_takelaj/metricheskiy_krepej/bolty,https://optorg.ru/catalog/krepej_i_takelaj/metricheskiy_krepej/bolty/253198/
253201,"Болт М16x110 мм, кл. пр. 8,8, ГОСТ Р ИСО 4014-2013 (7798-70, 7805-70), DIN 931, Беларусь",273,krepej_i_takelaj/metricheskiy_krepej/bolty,https://optorg.ru/catalog/krepej_i_takelaj/metricheskiy_krepej/bolty/253201/
253202,"Болт М24x130 мм, кл. пр. 8,8, ГОСТ Р ИСО 4014-2013 (7798-70, 7805-70), DIN 931, Россия",312,krepej_i_takelaj/metricheskiy_krepej/bolty,https://optorg.ru/catalog/krepej_i_takelaj/metricheskiy_krepej/bolty/253202/
253203,"Болт М24x140 мм, кл. пр. 8,8, ГОСТ Р ИСО 4014-2013 (7798-70, 7805-70), DIN 931, Россия",336,krepej_i_takelaj/metricheskiy_krepej/bolty,https://optorg.ru/catalog/krepej_i_takelaj/metricheskiy_krepej/bolty/253203/
253204,"Болт М24x150 мм, кл. пр. 8,8, ГОСТ Р ИСО 4014-2013 (7798-70, 7805-70), DIN 931, Россия",336,krepej_i_takelaj/metricheskiy_krepej/bolty,https://optorg.ru/catalog/krepej_i_takelaj/metricheskiy_krepej/bolty/253204/
253205,"Болт М8x80 мм, ГОСТ Р ИСО 4014-2013 (7798-70, 7805-70), DIN 931, Беларусь",185,krepej_i_takelaj/metricheskiy_krepej/bolty,https://optorg.ru/catalog/krepej_i_takelaj/metricheskiy_krepej/bolty/253205/
253211,"Болт М12x110 мм, цинк, полная резьба, DIN 933, Китай",214,krepej_i_takelaj/metricheskiy_krepej/bolty,https://optorg.ru/catalog/krepej_i_takelaj/metricheskiy_krepej/bolty/253211/
253212,"Болт М8x90 мм, ГОСТ Р ИСО 4014-2013 (7798-70, 7805-70), DIN 931, Беларусь",185,krepej_i_takelaj/metricheskiy_krepej/bolty,https://optorg.ru/catalog/krepej_i_takelaj/metricheskiy_krepej/bolty/253212/
253213,"Болт М12x60 мм, цинк, полная резьба, ГОСТ 7798-70, ГОСТ 7805-70, DIN 933, Беларусь",213,krepej_i_takelaj/metricheskiy_krepej/bolty,https://optorg.ru/catalog/krepej_i_takelaj/metricheskiy_krepej/bolty/253213/
253218,"Болт М16x75 мм, цинк, полная резьба, ГОСТ Р ИСО 4017-2013 (7798-70, 7805-70), DIN 933, Россия",200,krepej_i_takelaj/metricheskiy_krepej/bolty,https://optorg.ru/catalog/krepej_i_takelaj/metricheskiy_krepej/bolty/253218/
253224,"Болт М12x60 мм, кл. пр. 8,8, ГОСТ 7798-70, ГОСТ 7805-70, DIN 931, Беларусь",258,krepej_i_takelaj/metricheskiy_krepej/bolty,https://optorg.ru/catalog/krepej_i_takelaj/metricheskiy_krepej/bolty/253224/
253228,"Болт М18x90 мм, кл. пр. 8,8, ГОСТ Р ИСО 4014-2013 (7798-70, 7805-70), DIN 931, Россия",330,krepej_i_takelaj/metricheskiy_krepej/bolty,https://optorg.ru/catalog/krepej_i_takelaj/metricheskiy_krepej/bolty/253228/
253229,"Болт М18x110 мм, кл. пр. 8,8, ГОСТ Р ИСО 4014-2013 (7798-70, 7805-70), DIN 931, Россия",330,krepej_i_takelaj/metricheskiy_krepej/bolty,https://optorg.ru/catalog/krepej_i_takelaj/metricheskiy_krepej/bolty/253229/
253230,"Болт М16x110 мм, цинк, ГОСТ Р ИСО 4014-2013 (7798-70, 7805-70), DIN 931, Россия",182,krepej_i_takelaj/metricheskiy_krepej/bolty,https://optorg.ru/catalog/krepej_i_takelaj/metricheskiy_krepej/bolty/253230/
253234,"Болт М10x20 мм, цинк, полная резьба, ГОСТ 7798-70, ГОСТ 7805-70, DIN 931, Беларусь",212,krepej_i_takelaj/metricheskiy_krepej/bolty,https://optorg.ru/catalog/krepej_i_takelaj/metricheskiy_krepej/bolty/253234/
253235,"Болт М10x40 мм норийный, чертеж 7811-7074 (DIN 15237), Беларусь",285,krepej_i_takelaj/metricheskiy_krepej/bolty,https://optorg.ru/catalog/krepej_i_takelaj/metricheskiy_krepej/bolty/253235/
253236,"Болт М12x35 мм лемешный, ГОСТ 7786-81, Беларусь",263,krepej_i_takelaj/metricheskiy_krepej/bolty,https://optorg.ru/catalog/krepej_i_takelaj/metricheskiy_krepej/bolty/253236/
253239,"Болт М24x180 мм, кл. пр. 8,8, ГОСТ Р ИСО 4014-2013 (7798-70, 7805-70), DIN 931, Россия",336,krepej_i_takelaj/metricheskiy_krepej/bolty,https://optorg.ru/catalog/krepej_i_takelaj/metricheskiy_krepej/bolty/253239/
253240,"Болт М8x16 мм, полная резьба, ГОСТ Р ИСО 4014-2013 (7798-70, 7805-70), DIN 931, Беларусь",192,krepej_i_takelaj/metricheskiy_krepej/bolty,https://optorg.ru/catalog/krepej_i_takelaj/metricheskiy_krepej/bolty/253240/
253241,"Болт М8x30 мм, цинк, полная резьба, ГОСТ Р ИСО 4017-2013 (7798-70, 7805-70), DIN 933, Беларусь",207,krepej_i_takelaj/metricheskiy_krepej/bolty,https://optorg.ru/catalog/krepej_i_takelaj/metricheskiy_krepej/bolty/253241/
253246,"Болт М18x80 мм, кл. пр. 8,8, ГОСТ Р ИСО 4014-2013 (7798-70, 7805-70), DIN 931, Россия",330,krepej_i_takelaj/metricheskiy_krepej/bolty,https://optorg.ru/catalog/krepej_i_takelaj/metricheskiy_krepej/bolty/253246/
253249,"Болт М20x120 мм, кл. пр. 8,8, ГОСТ Р ИСО 4014-2013 (7798-70, 7805-70), DIN 931, Россия",315,krepej_i_takelaj/metricheskiy_krepej/bolty,https://optorg.ru/catalog/krepej_i_takelaj/metricheskiy_krepej/bolty/253249/
253258,"Болт М20x80 мм лемешный, DIN 608, Китай",372,krepej_i_takelaj/metricheskiy_krepej/bolty,https://optorg.ru/catalog/krepej_i_takelaj/metricheskiy_krepej/bolty/253258/
253259,"Болт М18x100 мм, кл. пр. 8,8, ГОСТ Р ИСО 4014-2013 (7798-70, 7805-70), DIN 931, Россия",330,krepej_i_takelaj/metricheskiy_krepej/bolty,https://optorg.ru/catalog/krepej_i_takelaj/metricheskiy_krepej/bolty/253259/
253262,"Болт М12x50 мм лемешный, DIN 608, Китай",263,krepej_i_takelaj/metricheskiy_krepej/bolty,https://optorg.ru/catalog/krepej_i_takelaj/metricheskiy_krepej/bolty/253262/
253264,"Болт М10x70 мм, цинк, полная резьба, ГОСТ 7798-70, ГОСТ 7805-70, DIN 933, Беларусь",205,krepej_i_takelaj/metricheskiy_krepej/bolty,https://optorg.ru/catalog/krepej_i_takelaj/metricheskiy_krepej/bolty/253264/
253265,"Болт М10x80 мм, цинк, полная резьба, ГОСТ 7798-70, ГОСТ 7805-70, DIN 933, Беларусь",205,krepej_i_takelaj/metricheskiy_krepej/bolty,https://optorg.ru/catalog/krepej_i_takelaj/metricheskiy_krepej/bolty/253265/
253266,"Болт М16x100 мм, ГОСТ Р ИСО 4014-2013 (7798-70, 7805-70), DIN 931, Беларусь",182,krepej_i_takelaj/metricheskiy_krepej/bolty,https://optorg.ru/catalog/krepej_i_takelaj/metricheskiy_krepej/bolty/253266/
253270,"Болт М24x70 мм, цинк, ГОСТ Р ИСО 4014-2013 (7798-70, 7805-70), DIN 931, Россия",217,krepej_i_takelaj/metricheskiy_krepej/bolty,https://optorg.ru/catalog/krepej_i_takelaj/metricheskiy_krepej/bolty/253270/
253293,"Болт М36x180 мм, DIN 931, Китай",258,krepej_i_takelaj/metricheskiy_krepej/bolty,https://optorg.ru/catalog/krepej_i_takelaj/metricheskiy_krepej/bolty/253293/
253297,"Болт М30x180 мм, ГОСТ Р ИСО 4014-2013 (7798-70, 7805-70), DIN 931, Россия",212,krepej_i_takelaj/metricheskiy_krepej/bolty,https://optorg.ru/catalog/krepej_i_takelaj/metricheskiy_krepej/bolty/253297/
253300,"Болт М10x100 мм, цинк, полная резьба, ГОСТ 7798-70, ГОСТ 7805-70, DIN 933, Беларусь",207,krepej_i_takelaj/metricheskiy_krepej/bolty,https://optorg.ru/catalog/krepej_i_takelaj/metricheskiy_krepej/bolty/253300/
253311,"Болт М10x50 мм, цинк, полная резьба, ГОСТ 7798-70, ГОСТ 7805-70, DIN 933, Беларусь",205,krepej_i_takelaj/metricheskiy_krepej/bolty,https://optorg.ru/catalog/krepej_i_takelaj/metricheskiy_krepej/bolty/253311/
253312,"Болт М12x30 мм, цинк, полная резьба, ГОСТ 7798-70, ГОСТ 7805-70, DIN 931, Беларусь",218,krepej_i_takelaj/metricheskiy_krepej/bolty,https://optorg.ru/catalog/krepej_i_takelaj/metricheskiy_krepej/bolty/253312/
253313,"Болт М14x30 мм, полная резьба, ГОСТ Р ИСО 4014-2013 (7798-70, 7805-70), DIN 931, Беларусь",208,krepej_i_takelaj/metricheskiy_krepej/bolty,https://optorg.ru/catalog/krepej_i_takelaj/metricheskiy_krepej/bolty/253313/
253314,"Болт М14x35 мм, полная резьба, ГОСТ Р ИСО 4014-2013 (7798-70, 7805-70), DIN 931, Беларусь",208,krepej_i_takelaj/metricheskiy_krepej/bolty,https://optorg.ru/catalog/krepej_i_takelaj/metricheskiy_krepej/bolty/253314/
253323,"Болт М10x30 мм лемешный, DIN 608, Китай",263,krepej_i_takelaj/metricheskiy_krepej/bolty,https://optorg.ru/catalog/krepej_i_takelaj/metricheskiy_krepej/bolty/253323/
253331,"Болт М36x150 мм, ГОСТ Р ИСО 4014-2013 (7798-70, 7805-70), DIN 931, Россия",258,krepej_i_takelaj/metricheskiy_krepej/bolty,https://optorg.ru/catalog/krepej_i_takelaj/metricheskiy_krepej/bolty/253331/
253332,"Болт М30x80 мм, ГОСТ Р ИСО 4014-2013 (7798-70, 7805-70), DIN 931, Россия",212,krepej_i_takelaj/metricheskiy_krepej/bolty,https://optorg.ru/catalog/krepej_i_takelaj/metricheskiy_krepej/bolty/253332/
253356,"Болт М14x80 мм, цинк, полная резьба, ГОСТ Р ИСО 4017-2013 (7798-70, 7805-70), DIN 933, Россия",226,krepej_i_takelaj/metricheskiy_krepej/bolty,https://optorg.ru/catalog/krepej_i_takelaj/metricheskiy_krepej/bolty/253356/
253379,"Болт М12x75 мм, цинк, полная резьба, ГОСТ 7798-70, ГОСТ 7805-70, DIN 933, Беларусь",213,krepej_i_takelaj/metricheskiy_krepej/bolty,https://optorg.ru/catalog/krepej_i_takelaj/metricheskiy_krepej/bolty/253379/
253388,"Болт М20x170 мм, кл. пр. 10,9, ГОСТ Р ИСО 4014-2013 (7798-70, 7805-70), DIN 931, Россия",344,krepej_i_takelaj/metricheskiy_krepej/bolty,https://optorg.ru/catalog/krepej_i_takelaj/metricheskiy_krepej/bolty/253388/
253398,"Болт М16x95 мм, ГОСТ Р ИСО 4014-2013 (7798-70, 7805-70), DIN 931, Беларусь",182,krepej_i_takelaj/metricheskiy_krepej/bolty,https://optorg.ru/catalog/krepej_i_takelaj/metricheskiy_krepej/bolty/253398/
253402,"Болт М8x16 мм, цинк, полная резьба, ГОСТ Р ИСО 4014-2013 (7798-70, 7805-70), DIN 931, Беларусь",213,krepej_i_takelaj/metricheskiy_krepej/bolty,https://optorg.ru/catalog/krepej_i_takelaj/metricheskiy_krepej/bolty/253402/
253406,"Болт М10x110 мм, ГОСТ 7798-70, ГОСТ 7805-70, DIN 931, Беларусь",185,krepej_i_takelaj/metricheskiy_krepej/bolty,https://optorg.ru/catalog/krepej_i_takelaj/metricheskiy_krepej/bolty/253406/
253407,"Болт М10x120 мм, цинк, полная резьба, ГОСТ 7798-70, ГОСТ 7805-70, DIN 933, Беларусь",207,krepej_i_takelaj/metricheskiy_krepej/bolty,https://optorg.ru/catalog/krepej_i_takelaj/metricheskiy_krepej/bolty/253407/
253408,"Болт М12x30 мм, полная резьба, ГОСТ 7798-70, ГОСТ 7805-70, DIN 931, Беларусь",197,krepej_i_takelaj/metricheskiy_krepej/bolty,https://optorg.ru/catalog/krepej_i_takelaj/metricheskiy_krepej/bolty/253408/
253410,"Болт М14x40 мм, ГОСТ Р ИСО 4014-2013 (7798-70, 7805-70), DIN 931, Беларусь",204,krepej_i_takelaj/metricheskiy_krepej/bolty,https://optorg.ru/catalog/krepej_i_takelaj/metricheskiy_krepej/bolty/253410/
253412,"Болт М16x60 мм, ГОСТ Р ИСО 4014-2013 (7798-70, 7805-70), DIN 931, Беларусь",180,krepej_i_takelaj/metricheskiy_krepej/bolty,https://optorg.ru/catalog/krepej_i_takelaj/metricheskiy_krepej/bolty/253412/
253413,"Болт М16x75 мм, ГОСТ Р ИСО 4014-2013 (7798-70, 7805-70), DIN 931, Беларусь",180,krepej_i_takelaj/metricheskiy_krepej/bolty,https://optorg.ru/catalog/krepej_i_takelaj/metricheskiy_krepej/bolty/253413/
253429,"Болт М6x16 мм, цинк, полная резьба, ГОСТ Р ИСО 4014-2013 (7798-70, 7805-70), DIN 931, Беларусь",221,krepej_i_takelaj/metricheskiy_krepej/bolty,https://optorg.ru/catalog/krepej_i_takelaj/metricheskiy_krepej/bolty/253429/
253430,"Болт М8x100 мм, ГОСТ Р ИСО 4014-2013 (7798-70, 7805-70), DIN 931, Беларусь",193,krepej_i_takelaj/metricheskiy_krepej/bolty,https://optorg.ru/catalog/krepej_i_takelaj/metricheskiy_krepej/bolty/253430/
253444,"Болт М18x120 мм, кл. пр. 8,8, ГОСТ Р ИСО 4014-2013 (7798-70, 7805-70), DIN 931, Россия",330,krepej_i_takelaj/metricheskiy_krepej/bolty,https://optorg.ru/catalog/krepej_i_takelaj/metricheskiy_krepej/bolty/253444/
253470,"Болт М16x80 мм, ГОСТ Р ИСО 4014-2013 (7798-70, 7805-70), DIN 931, Беларусь",180,krepej_i_takelaj/metricheskiy_krepej/bolty,https://optorg.ru/catalog/krepej_i_takelaj/metricheskiy_krepej/bolty/253470/
253481,"Болт М12x55 мм, цинк, полная резьба, ГОСТ 7798-70, ГОСТ 7805-70, DIN 933, Беларусь",213,krepej_i_takelaj/metricheskiy_krepej/bolty,https://optorg.ru/catalog/krepej_i_takelaj/metricheskiy_krepej/bolty/253481/
253486,"Болт М14x40 мм, цинк, полная резьба, ГОСТ Р ИСО 4017-2013 (7798-70, 7805-70), DIN 933, Россия",226,krepej_i_takelaj/metricheskiy_krepej/bolty,https://optorg.ru/catalog/krepej_i_takelaj/metricheskiy_krepej/bolty/253486/
253488,"Болт М16x120 мм, ГОСТ Р ИСО 4014-2013 (7798-70, 7805-70), DIN 931, Беларусь",182,krepej_i_takelaj/metricheskiy_krepej/bolty,https://optorg.ru/catalog/krepej_i_takelaj/metricheskiy_krepej/bolty/253488/
253489,"Болт М16x55 мм, цинк, полная резьба, ГОСТ Р ИСО 4017-2013 (7798-70, 7805-70), DIN 933, Беларусь",200,krepej_i_takelaj/metricheskiy_krepej/bolty,https://optorg.ru/catalog/krepej_i_takelaj/metricheskiy_krepej/bolty/253489/
253495,"Болт М16x60 мм лемешный, DIN 608, Китай",372,krepej_i_takelaj/metricheskiy_krepej/bolty,https://optorg.ru/catalog/krepej_i_takelaj/metricheskiy_krepej/bolty/253495/
253510,"Болт М10x60 мм, цинк, полная резьба, ГОСТ 7798-70, ГОСТ 7805-70, DIN 933, Беларусь",205,krepej_i_takelaj/metricheskiy_krepej/bolty,https://optorg.ru/catalog/krepej_i_takelaj/metricheskiy_krepej/bolty/253510/
253515,"Болт М22x200 мм, ГОСТ Р ИСО 4014-2013 (7798-70, 7805-70), DIN 931, Россия",215,krepej_i_takelaj/metricheskiy_krepej/bolty,https://optorg.ru/catalog/krepej_i_takelaj/metricheskiy_krepej/bolty/253515/
253532,"Болт М8x120 мм, цинк, полная резьба, DIN 933, Китай",209,krepej_i_takelaj/metricheskiy_krepej/bolty,https://optorg.ru/catalog/krepej_i_takelaj/metricheskiy_krepej/bolty/253532/
253555,"Болт М12x50 мм, кл. пр. 8,8, ГОСТ 7798-70, ГОСТ 7805-70, DIN 931, Беларусь",258,krepej_i_takelaj/metricheskiy_krepej/bolty,https://optorg.ru/catalog/krepej_i_takelaj/metricheskiy_krepej/bolty/253555/
253557,"Болт М12x85 мм, ГОСТ 7798-70, ГОСТ 7805-70, DIN 931, Беларусь",192,krepej_i_takelaj/metricheskiy_krepej/bolty,https://optorg.ru/catalog/krepej_i_takelaj/metricheskiy_krepej/bolty/253557/
253558,"Болт М16x65 мм, ГОСТ Р ИСО 4014-2013 (7798-70, 7805-70), DIN 931, Беларусь",180,krepej_i_takelaj/metricheskiy_krepej/bolty,https://optorg.ru/catalog/krepej_i_takelaj/metricheskiy_krepej/bolty/253558/
253561,"Болт М12x80 мм с полукруглой головой, цинк, DIN 603",204,krepej_i_takelaj/metricheskiy_krepej/bolty,https://optorg.ru/catalog/krepej_i_takelaj/metricheskiy_krepej/bolty/253561/
253574,"Болт М10x30 мм, ГОСТ 7798-70, ГОСТ 7805-70, DIN 931, Беларусь",190,krepej_i_takelaj/metricheskiy_krepej/bolty,https://optorg.ru/catalog/krepej_i_takelaj/metricheskiy_krepej/bolty/253574/
253575,"Болт М12x150 мм, ГОСТ 7798-70, ГОСТ 7805-70, DIN 931, Беларусь",193,krepej_i_takelaj/metricheskiy_krepej/bolty,https://optorg.ru/catalog/krepej_i_takelaj/metricheskiy_krepej/bolty/253575/
253577,"Болт М16x50 мм, цинк, полная резьба, кл. пр. 8,8, ГОСТ Р ИСО 4017-2013 (7798-70, 7805-70), DIN 933, Беларусь",293,krepej_i_takelaj/metricheskiy_krepej/bolty,https://optorg.ru/catalog/krepej_i_takelaj/metricheskiy_krepej/bolty/253577/
253579,"Болт М16x75 мм, кл. пр. 10,9, ГОСТ Р ИСО 4014-2013 (7798-70, 7805-70), DIN 931, Беларусь",298,krepej_i_takelaj/metricheskiy_krepej/bolty,https://optorg.ru/catalog/krepej_i_takelaj/metricheskiy_krepej/bolty/253579/
253580,"Болт М20x190 мм, кл. пр. 8,8, ГОСТ Р ИСО 4014-2013 (7798-70, 7805-70), DIN 931, Россия",315,krepej_i_takelaj/metricheskiy_krepej/bolty,https://optorg.ru/catalog/krepej_i_takelaj/metricheskiy_krepej/bolty/253580/
253590,"Болт М10x65 мм, цинк, полная резьба, ГОСТ 7798-70, ГОСТ 7805-70, DIN 933, Беларусь",205,krepej_i_takelaj/metricheskiy_krepej/bolty,https://optorg.ru/catalog/krepej_i_takelaj/metricheskiy_krepej/bolty/253590/
253592,"Болт М12x70 мм, ГОСТ 7798-70, ГОСТ 7805-70, DIN 931, Беларусь",192,krepej_i_takelaj/metricheskiy_krepej/bolty,https://optorg.ru/catalog/krepej_i_takelaj/metricheskiy_krepej/bolty/253592/
253594,"Болт М14x120 мм, ГОСТ Р ИСО 4014-2013 (7798-70, 7805-70), DIN 931, Беларусь",204,krepej_i_takelaj/metricheskiy_krepej/bolty,https://optorg.ru/catalog/krepej_i_takelaj/metricheskiy_krepej/bolty/253594/
253600,"Болт М10x110 мм, цинк, полная резьба, DIN 933, Китай",207,krepej_i_takelaj/metricheskiy_krepej/bolty,https://optorg.ru/catalog/krepej_i_takelaj/metricheskiy_krepej/bolty/253600/
253606,"Болт М16x40 мм, цинк, полная резьба, ГОСТ Р ИСО 4017-2013 (7798-70, 7805-70), DIN 933, Россия",203,krepej_i_takelaj/metricheskiy_krepej/bolty,https://optorg.ru/catalog/krepej_i_takelaj/metricheskiy_krepej/bolty/253606/
253608,"Болт М6x16 мм, цинк, полная резьба, DIN 933, Китай",221,krepej_i_takelaj/metricheskiy_krepej/bolty,https://optorg.ru/catalog/krepej_i_takelaj/metricheskiy_krepej/bolty/253608/
253613,"Болт М10x140 мм, цинк, полная резьба, DIN 933, Китай",207,krepej_i_takelaj/metricheskiy_krepej/bolty,https://optorg.ru/catalog/krepej_i_takelaj/metricheskiy_krepej/bolty/253613/
253614,"Болт М10x160 мм, цинк, полная резьба, DIN 933, Китай",207,krepej_i_takelaj/metricheskiy_krepej/bolty,https://optorg.ru/catalog/krepej_i_takelaj/metricheskiy_krepej/bolty/253614/
253616,"Болт М12x25 мм, полная резьба, ГОСТ 7798-70, ГОСТ 7805-70, DIN 931, Беларусь",197,krepej_i_takelaj/metricheskiy_krepej/bolty,https://optorg.ru/catalog/krepej_i_takelaj/metricheskiy_krepej/bolty/253616/
253619,"Болт М16x40 мм, ГОСТ Р ИСО 4014-2013 (7798-70, 7805-70), DIN 931, Беларусь",183,krepej_i_takelaj/metricheskiy_krepej/bolty,https://optorg.ru/catalog/krepej_i_takelaj/metricheskiy_krepej/bolty/253619/
253620,"Болт М16x45 мм, ГОСТ Р ИСО 4014-2013 (7798-70, 7805-70), DIN 931, Беларусь",183,krepej_i_takelaj/metricheskiy_krepej/bolty,https://optorg.ru/catalog/krepej_i_takelaj/metricheskiy_krepej/bolty/253620/
253621,"Болт М20x65 мм, кл. пр. 8,8, ГОСТ Р ИСО 4014-2013 (7798-70, 7805-70), DIN 931, Россия",315,krepej_i_takelaj/metricheskiy_krepej/bolty,https://optorg.ru/catalog/krepej_i_takelaj/metricheskiy_krepej/bolty/253621/
253622,"Болт М20x70 мм, цинк, полная резьба, ГОСТ Р ИСО 4017-2013 (7798-70, 7805-70), DIN 933, Россия",213,krepej_i_takelaj/metricheskiy_krepej/bolty,https://optorg.ru/catalog/krepej_i_takelaj/metricheskiy_krepej/bolty/253622/
253631,"Болт М12x35 мм, ГОСТ 7798-70, ГОСТ 7805-70, DIN 931, Беларусь",197,krepej_i_takelaj/metricheskiy_krepej/bolty,https://optorg.ru/catalog/krepej_i_takelaj/metricheskiy_krepej/bolty/253631/
253643,"Болт М12x75 мм, цинк, полная резьба, DIN 933, Китай",213,krepej_i_takelaj/metricheskiy_krepej/bolty,https://optorg.ru/catalog/krepej_i_takelaj/metricheskiy_krepej/bolty/253643/
253659,"Болт М12x90 мм, ГОСТ 7798-70, ГОСТ 7805-70, DIN 931, Беларусь",192,krepej_i_takelaj/metricheskiy_krepej/bolty,https://optorg.ru/catalog/krepej_i_takelaj/metricheskiy_krepej/bolty/253659/
253660,"Болт М6x16 мм, полная резьба, ГОСТ Р ИСО 4014-2013 (7798-70, 7805-70), DIN 931, Беларусь",200,krepej_i_takelaj/metricheskiy_krepej/bolty,https://optorg.ru/catalog/krepej_i_takelaj/metricheskiy_krepej/bolty/253660/
253661,"Болт М8x65 мм, цинк, полная резьба, ГОСТ Р ИСО 4017-2013 (7798-70, 7805-70), DIN 933, Беларусь",207,krepej_i_takelaj/metricheskiy_krepej/bolty,https://optorg.ru/catalog/krepej_i_takelaj/metricheskiy_krepej/bolty/253661/
253671,"Болт М10x100 мм, кл. пр. 8,8, ГОСТ 7798-70, ГОСТ 7805-70, DIN 931, Беларусь",258,krepej_i_takelaj/metricheskiy_krepej/bolty,https://optorg.ru/catalog/krepej_i_takelaj/metricheskiy_krepej/bolty/253671/
253673,"Болт М12x50 мм, ГОСТ 7798-70, ГОСТ 7805-70, DIN 931, Беларусь",192,krepej_i_takelaj/metricheskiy_krepej/bolty,https://optorg.ru/catalog/krepej_i_takelaj/metricheskiy_krepej/bolty/253673/
253674,"Болт М12x65 мм, ГОСТ 7798-70, ГОСТ 7805-70, DIN 931, Беларусь",192,krepej_i_takelaj/metricheskiy_krepej/bolty,https://optorg.ru/catalog/krepej_i_takelaj/metricheskiy_krepej/bolty/253674/
253689,"Болт М20x70 мм, цинк, полная резьба, DIN 933, Китай",213,krepej_i_takelaj/metricheskiy_krepej/bolty,https://optorg.ru/catalog/krepej_i_takelaj/metricheskiy_krepej/bolty/253689/
253696,"Болт М10x30 мм, кл. пр. 8,8, ГОСТ 7798-70, ГОСТ 7805-70, DIN 931, Беларусь",258,krepej_i_takelaj/metricheskiy_krepej/bolty,https://optorg.ru/catalog/krepej_i_takelaj/metricheskiy_krepej/bolty/253696/
253698,"Болт М16x40 мм, кл. пр. 10,9, ГОСТ Р ИСО 4014-2013 (7798-70, 7805-70), DIN 931, Беларусь",298,krepej_i_takelaj/metricheskiy_krepej/bolty,https://optorg.ru/catalog/krepej_i_takelaj/metricheskiy_krepej/bolty/253698/
253717,"Болт М10x150 мм, ГОСТ 7798-70, ГОСТ 7805-70, DIN 931, Беларусь",185,krepej_i_takelaj/metricheskiy_krepej/bolty,https://optorg.ru/catalog/krepej_i_takelaj/metricheskiy_krepej/bolty/253717/
253720,"Болт М14x30 мм, цинк, полная резьба, ГОСТ Р ИСО 4014-2013 (7798-70, 7805-70), DIN 931, Беларусь",229,krepej_i_takelaj/metricheskiy_krepej/bolty,https://optorg.ru/catalog/krepej_i_takelaj/metricheskiy_krepej/bolty/253720/
253732,"Болт М10x80 мм, ГОСТ 7798-70, ГОСТ 7805-70, DIN 931, Беларусь",184,krepej_i_takelaj/metricheskiy_krepej/bolty,https://optorg.ru/catalog/krepej_i_takelaj/metricheskiy_krepej/bolty/253732/
253743,"Болт М12x60 мм лемешный, DIN 608, Китай",263,krepej_i_takelaj/metricheskiy_krepej/bolty,https://optorg.ru/catalog/krepej_i_takelaj/metricheskiy_krepej/bolty/253743/
253752,"Болт М10x30 мм лемешный, ГОСТ 7786-81, Беларусь",263,krepej_i_takelaj/metricheskiy_krepej/bolty,https://optorg.ru/catalog/krepej_i_takelaj/metricheskiy_krepej/bolty/253752/
253754,"Болт М12x45 мм лемешный, ГОСТ 7786-81, Беларусь",263,krepej_i_takelaj/metricheskiy_krepej/bolty,https://optorg.ru/catalog/krepej_i_takelaj/metricheskiy_krepej/bolty/253754/
253755,"Болт М12x50 мм лемешный, ГОСТ 7786-81, Беларусь",263,krepej_i_takelaj/metricheskiy_krepej/bolty,https://optorg.ru/catalog/krepej_i_takelaj/metricheskiy_krepej/bolty/253755/
253756,"Болт М12x55 мм лемешный, ГОСТ 7786-81, Беларусь",263,krepej_i_takelaj/metricheskiy_krepej/bolty,https://optorg.ru/catalog/krepej_i_takelaj/metricheskiy_krepej/bolty/253756/
253759,"Болт М14x50 мм, ГОСТ Р ИСО 4014-2013 (7798-70, 7805-70), DIN 931, Беларусь",204,krepej_i_takelaj/metricheskiy_krepej/bolty,https://optorg.ru/catalog/krepej_i_takelaj/metricheskiy_krepej/bolty/253759/
253762,"Болт М6x20 мм, ГОСТ Р ИСО 4014-2013 (7798-70, 7805-70), DIN 931, Беларусь",200,krepej_i_takelaj/metricheskiy_krepej/bolty,https://optorg.ru/catalog/krepej_i_takelaj/metricheskiy_krepej/bolty/253762/
253763,"Болт М8x40 мм, ГОСТ Р ИСО 4014-2013 (7798-70, 7805-70), DIN 931, Беларусь",185,krepej_i_takelaj/metricheskiy_krepej/bolty,https://optorg.ru/catalog/krepej_i_takelaj/metricheskiy_krepej/bolty/253763/
253764,"Болт М8x70 мм, ГОСТ Р ИСО 4014-2013 (7798-70, 7805-70), DIN 931, Беларусь",185,krepej_i_takelaj/metricheskiy_krepej/bolty,https://optorg.ru/catalog/krepej_i_takelaj/metricheskiy_krepej/bolty/253764/
253775,"Болт М10x35 мм, цинк, полная резьба, ГОСТ 7798-70, ГОСТ 7805-70, DIN 933, Беларусь",205,krepej_i_takelaj/metricheskiy_krepej/bolty,https://optorg.ru/catalog/krepej_i_takelaj/metricheskiy_krepej/bolty/253775/
253776,"Болт М10x50 мм лемешный, ГОСТ 7786-81, Беларусь",263,krepej_i_takelaj/metricheskiy_krepej/bolty,https://optorg.ru/catalog/krepej_i_takelaj/metricheskiy_krepej/bolty/253776/
253780,"Болт М12x70 мм лемешный, ГОСТ 7786-81, Беларусь",263,krepej_i_takelaj/metricheskiy_krepej/bolty,https://optorg.ru/catalog/krepej_i_takelaj/metricheskiy_krepej/bolty/253780/
253781,"Болт М16x90 мм, цинк, полная резьба, ГОСТ Р ИСО 4017-2013 (7798-70, 7805-70), DIN 933, Беларусь",200,krepej_i_takelaj/metricheskiy_krepej/bolty,https://optorg.ru/catalog/krepej_i_takelaj/metricheskiy_krepej/bolty/253781/
253782,"Болт М8x50 мм, ГОСТ Р ИСО 4014-2013 (7798-70, 7805-70), DIN 931, Беларусь",185,krepej_i_takelaj/metricheskiy_krepej/bolty,https://optorg.ru/catalog/krepej_i_takelaj/metricheskiy_krepej/bolty/253782/
253787,"Болт М10x50 мм лемешный, DIN 608, Китай",263,krepej_i_takelaj/metricheskiy_krepej/bolty,https://optorg.ru/catalog/krepej_i_takelaj/metricheskiy_krepej/bolty/253787/
253804,"Болт М12x90 мм, цинк, полная резьба, ГОСТ 7798-70, ГОСТ 7805-70, DIN 933, Беларусь",213,krepej_i_takelaj/metricheskiy_krepej/bolty,https://optorg.ru/catalog/krepej_i_takelaj/metricheskiy_krepej/bolty/253804/
253814,"Болт М6x45 мм с полукруглой головой, цинк, DIN 603, Китай",204,krepej_i_takelaj/metricheskiy_krepej/bolty,https://optorg.ru/catalog/krepej_i_takelaj/metricheskiy_krepej/bolty/253814/
253820,"Болт М12x80 мм лемешный, ГОСТ 7786-81, Беларусь",263,krepej_i_takelaj/metricheskiy_krepej/bolty,https://optorg.ru/catalog/krepej_i_takelaj/metricheskiy_krepej/bolty/253820/
253851,"Болт М10x65 мм, полная резьба, ГОСТ 7798-70, ГОСТ 7805-70, DIN 933, Беларусь",198,krepej_i_takelaj/metricheskiy_krepej/bolty,https://optorg.ru/catalog/krepej_i_takelaj/metricheskiy_krepej/bolty/253851/
253856,"Болт М20x55 мм, цинк, ГОСТ Р ИСО 4014-2013 (7798-70, 7805-70), DIN 931, Россия",213,krepej_i_takelaj/metricheskiy_krepej/bolty,https://optorg.ru/catalog/krepej_i_takelaj/metricheskiy_krepej/bolty/253856/
253857,"Болт М24x110 мм, кл. пр. 8,8, ГОСТ Р ИСО 4014-2013 (7798-70, 7805-70), DIN 931, Россия",298,krepej_i_takelaj/metricheskiy_krepej/bolty,https://optorg.ru/catalog/krepej_i_takelaj/metricheskiy_krepej/bolty/253857/
253877,"Болт М24x80 мм, кл. пр. 10,9, ГОСТ Р 52644-2006, Россия",500,krepej_i_takelaj/metricheskiy_krepej/bolty,https://optorg.ru/catalog/krepej_i_takelaj/metricheskiy_krepej/bolty/253877/
253884,"Болт М10x25 мм, цинк, полная резьба, ГОСТ 7798-70, ГОСТ 7805-70, DIN 931, Беларусь",212,krepej_i_takelaj/metricheskiy_krepej/bolty,https://optorg.ru/catalog/krepej_i_takelaj/metricheskiy_krepej/bolty/253884/
253885,"Болт М10x35 мм лемешный, кл. пр. 8,8, ГОСТ 7786-81, Беларусь",336,krepej_i_takelaj/metricheskiy_krepej/bolty,https://optorg.ru/catalog/krepej_i_takelaj/metricheskiy_krepej/bolty/253885/
253886,"Болт М10x40 мм лемешный, кл. пр. 8,8, ГОСТ 7786-81, Беларусь",336,krepej_i_takelaj/metricheskiy_krepej/bolty,https://optorg.ru/catalog/krepej_i_takelaj/metricheskiy_krepej/bolty/253886/
253887,"Болт М10x45 мм лемешный, кл. пр. 8,8, ГОСТ 7786-81, Беларусь",336,krepej_i_takelaj/metricheskiy_krepej/bolty,https://optorg.ru/catalog/krepej_i_takelaj/metricheskiy_krepej/bolty/253887/
253895,"Болт М6x14 мм, полная резьба, ГОСТ Р ИСО 4014-2013 (7798-70, 7805-70), DIN 931, Беларусь",200,krepej_i_takelaj/metricheskiy_krepej/bolty,https://optorg.ru/catalog/krepej_i_takelaj/metricheskiy_krepej/bolty/253895/
253897,"Болт М8x30 мм, ГОСТ Р ИСО 4014-2013 (7798-70, 7805-70), DIN 931, Беларусь",185,krepej_i_takelaj/metricheskiy_krepej/bolty,https://optorg.ru/catalog/krepej_i_takelaj/metricheskiy_krepej/bolty/253897/
253898,"Болт М8x45 мм, ГОСТ Р ИСО 4014-2013 (7798-70, 7805-70), DIN 931, Беларусь",185,krepej_i_takelaj/metricheskiy_krepej/bolty,https://optorg.ru/catalog/krepej_i_takelaj/metricheskiy_krepej/bolty/253898/
253907,"Болт М6x14 мм, цинк, полная резьба, ГОСТ Р ИСО 4014-2013 (7798-70, 7805-70), DIN 931, Беларусь",221,krepej_i_takelaj/metricheskiy_krepej/bolty,https://optorg.ru/catalog/krepej_i_takelaj/metricheskiy_krepej/bolty/253907/
253921,"Болт М10x45 мм лемешный, ГОСТ 7786-81, Беларусь",263,krepej_i_takelaj/metricheskiy_krepej/bolty,https://optorg.ru/catalog/krepej_i_takelaj/metricheskiy_krepej/bolty/253921/
253927,"Болт М10x120 мм, ГОСТ 7798-70, ГОСТ 7805-70, DIN 931, Беларусь",185,krepej_i_takelaj/metricheskiy_krepej/bolty,https://optorg.ru/catalog/krepej_i_takelaj/metricheskiy_krepej/bolty/253927/
253936,"Болт М8x75 мм, цинк, полная резьба, ГОСТ Р ИСО 4017-2013 (7798-70, 7805-70), DIN 933, Беларусь",207,krepej_i_takelaj/metricheskiy_krepej/bolty,https://optorg.ru/catalog/krepej_i_takelaj/metricheskiy_krepej/bolty/253936/
253937,"Болт М10x90 мм, ГОСТ 7798-70, ГОСТ 7805-70, DIN 931, Беларусь",184,krepej_i_takelaj/metricheskiy_krepej/bolty,https://optorg.ru/catalog/krepej_i_takelaj/metricheskiy_krepej/bolty/253937/
253947,"Болт М16x55 мм, ГОСТ Р ИСО 4014-2013 (7798-70, 7805-70), DIN 931, Россия",180,krepej_i_takelaj/metricheskiy_krepej/bolty,https://optorg.ru/catalog/krepej_i_takelaj/metricheskiy_krepej/bolty/253947/
253948,"Болт М20x240 мм, ГОСТ Р ИСО 4014-2013 (7798-70, 7805-70), DIN 931, Россия",255,krepej_i_takelaj/metricheskiy_krepej/bolty,https://optorg.ru/catalog/krepej_i_takelaj/metricheskiy_krepej/bolty/253948/
253949,"Болт М30x100 мм, кл. пр. 8,8, ГОСТ Р ИСО 4014-2013 (7798-70, 7805-70), DIN 931, Россия",370,krepej_i_takelaj/metricheskiy_krepej/bolty,https://optorg.ru/catalog/krepej_i_takelaj/metricheskiy_krepej/bolty/253949/
253966,"Болт М20x80 мм, кл. пр. 8,8, DIN 931, Китай",315,krepej_i_takelaj/metricheskiy_krepej/bolty,https://optorg.ru/catalog/krepej_i_takelaj/metricheskiy_krepej/bolty/253966/
253971,"Болт М20x180 мм, кл. пр. 10,9, ГОСТ Р ИСО 4014-2013 (7798-70, 7805-70), DIN 931, Россия",361,krepej_i_takelaj/metricheskiy_krepej/bolty,https://optorg.ru/catalog/krepej_i_takelaj/metricheskiy_krepej/bolty/253971/
253974,"Болт М20x220 мм, кл. пр. 8,8, DIN 931, Китай",333,krepej_i_takelaj/metricheskiy_krepej/bolty,https://optorg.ru/catalog/krepej_i_takelaj/metricheskiy_krepej/bolty/253974/
253978,"Болт М10x150 мм, цинк, полная резьба, ГОСТ 7798-70, ГОСТ 7805-70, DIN 933, Россия",207,krepej_i_takelaj/metricheskiy_krepej/bolty,https://optorg.ru/catalog/krepej_i_takelaj/metricheskiy_krepej/bolty/253978/
253986,"Болт М12x45 мм лемешный, кл. пр. 8,8, ГОСТ 7786-81, Беларусь",336,krepej_i_takelaj/metricheskiy_krepej/bolty,https://optorg.ru/catalog/krepej_i_takelaj/metricheskiy_krepej/bolty/253986/
253988,"Болт М16x40 мм, цинк, полная резьба, ГОСТ Р ИСО 4017-2013 (7798-70, 7805-70), DIN 933, Беларусь",203,krepej_i_takelaj/metricheskiy_krepej/bolty,https://optorg.ru/catalog/krepej_i_takelaj/metricheskiy_krepej/bolty/253988/
253990,"Болт М24x190 мм, кл. пр. 8,8, ГОСТ Р ИСО 4014-2013 (7798-70, 7805-70), DIN 931, Россия",336,krepej_i_takelaj/metricheskiy_krepej/bolty,https://optorg.ru/catalog/krepej_i_takelaj/metricheskiy_krepej/bolty/253990/
253995,"Болт М10x50 мм лемешный, кл. пр. 8,8, ГОСТ 7786-81, Беларусь",336,krepej_i_takelaj/metricheskiy_krepej/bolty,https://optorg.ru/catalog/krepej_i_takelaj/metricheskiy_krepej/bolty/253995/
254000,"Болт М10x60 мм лемешный, ГОСТ 7786-81, Беларусь",263,krepej_i_takelaj/metricheskiy_krepej/bolty,https://optorg.ru/catalog/krepej_i_takelaj/metricheskiy_krepej/bolty/254000/
254002,"Болт М16x70 мм, кл. пр. 10,9, ГОСТ Р ИСО 4014-2013 (7798-70, 7805-70), DIN 931, Беларусь",298,krepej_i_takelaj/metricheskiy_krepej/bolty,https://optorg.ru/catalog/krepej_i_takelaj/metricheskiy_krepej/bolty/254002/
254045,"Болт М16x45 мм лемешный, ГОСТ 7786-81, Россия",372,krepej_i_takelaj/metricheskiy_krepej/bolty,https://optorg.ru/catalog/krepej_i_takelaj/metricheskiy_krepej/bolty/254045/
254047,"Болт М20x70 мм, кл. пр. 10,9, ГОСТ Р 52644-2006, Россия",500,krepej_i_takelaj/metricheskiy_krepej/bolty,https://optorg.ru/catalog/krepej_i_takelaj/metricheskiy_krepej/bolty/254047/
254058,"Болт М10x60 мм, кл. пр. 10,9, ГОСТ 7798-70, ГОСТ 7805-70, DIN 931, Россия",288,krepej_i_takelaj/metricheskiy_krepej/bolty,https://optorg.ru/catalog/krepej_i_takelaj/metricheskiy_krepej/bolty/254058/
254060,"Болт М10x80 мм, кл. пр. 10,9, ГОСТ 7798-70, ГОСТ 7805-70, DIN 931, Россия",288,krepej_i_takelaj/metricheskiy_krepej/bolty,https://optorg.ru/catalog/krepej_i_takelaj/metricheskiy_krepej/bolty/254060/
254063,"Болт М12x60 мм, кл. пр. 10,9, ГОСТ 7798-70, ГОСТ 7805-70, DIN 931, Россия",290,krepej_i_takelaj/metricheskiy_krepej/bolty,https://optorg.ru/catalog/krepej_i_takelaj/metricheskiy_krepej/bolty/254063/
254073,"Болт М16x60 мм, кл. пр. 10,9, ГОСТ Р ИСО 4014-2013 (7798-70, 7805-70), DIN 931, Россия",298,krepej_i_takelaj/metricheskiy_krepej/bolty,https://optorg.ru/catalog/krepej_i_takelaj/metricheskiy_krepej/bolty/254073/
254075,"Болт М16x140 мм, кл. пр. 10,9, ГОСТ Р ИСО 4014-2013 (7798-70, 7805-70), DIN 931, Россия",298,krepej_i_takelaj/metricheskiy_krepej/bolty,https://optorg.ru/catalog/krepej_i_takelaj/metricheskiy_krepej/bolty/254075/
254076,"Болт М16x150 мм, кл. пр. 10,9, ГОСТ Р ИСО 4014-2013 (7798-70, 7805-70), DIN 931, Россия",298,krepej_i_takelaj/metricheskiy_krepej/bolty,https://optorg.ru/catalog/krepej_i_takelaj/metricheskiy_krepej/bolty/254076/
254077,"Болт М20x70 мм, кл. пр. 10,9, ГОСТ Р ИСО 4014-2013 (7798-70, 7805-70), DIN 931, Россия",344,krepej_i_takelaj/metricheskiy_krepej/bolty,https://optorg.ru/catalog/krepej_i_takelaj/metricheskiy_krepej/bolty/254077/
254078,"Болт М20x80 мм, кл. пр. 10,9, ГОСТ Р ИСО 4014-2013 (7798-70, 7805-70), DIN 931, Россия",344,krepej_i_takelaj/metricheskiy_krepej/bolty,https://optorg.ru/catalog/krepej_i_takelaj/metricheskiy_krepej/bolty/254078/
254079,"Болт М20x110 мм, кл. пр. 10,9, ГОСТ Р ИСО 4014-2013 (7798-70, 7805-70), DIN 931, Россия",344,krepej_i_takelaj/metricheskiy_krepej/bolty,https://optorg.ru/catalog/krepej_i_takelaj/metricheskiy_krepej/bolty/254079/
254080,"Болт М20x140 мм, кл. пр. 10,9, ГОСТ Р ИСО 4014-2013 (7798-70, 7805-70), DIN 931, Россия",344,krepej_i_takelaj/metricheskiy_krepej/bolty,https://optorg.ru/catalog/krepej_i_takelaj/metricheskiy_krepej/bolty/254080/
254082,"Болт М24x100 мм, кл. пр. 10,9, ГОСТ Р ИСО 4014-2013 (7798-70, 7805-70), DIN 931, Россия",342,krepej_i_takelaj/metricheskiy_krepej/bolty,https://optorg.ru/catalog/krepej_i_takelaj/metricheskiy_krepej/bolty/254082/
254093,"Болт М10x40 мм, ГОСТ 7798-70, ГОСТ 7805-70, DIN 931, Беларусь",184,krepej_i_takelaj/metricheskiy_krepej/bolty,https://optorg.ru/catalog/krepej_i_takelaj/metricheskiy_krepej/bolty/254093/
254096,"Болт М22x110 мм, кл. пр. 10,9, ГОСТ Р 52644-2006, Россия",500,krepej_i_takelaj/metricheskiy_krepej/bolty,https://optorg.ru/catalog/krepej_i_takelaj/metricheskiy_krepej/bolty/254096/
296115,"Болт М8x60 мм, цинк, полная резьба, кл. пр. 10,9, ГОСТ Р ИСО 4017-2013 (7798-70, 7805-70), DIN 933, Беларусь",307,krepej_i_takelaj/metricheskiy_krepej/bolty,https://optorg.ru/catalog/krepej_i_takelaj/metricheskiy_krepej/bolty/296115/
296116,"Болт М12x40 мм, кл. пр. 10,9, ГОСТ 7798-70, ГОСТ 7805-70, DIN 931, Беларусь",290,krepej_i_takelaj/metricheskiy_krepej/bolty,https://optorg.ru/catalog/krepej_i_takelaj/metricheskiy_krepej/bolty/296116/
296119,"Болт М16x50 мм, кл. пр. 10,9, ГОСТ Р ИСО 4014-2013 (7798-70, 7805-70), DIN 931, Россия",298,krepej_i_takelaj/metricheskiy_krepej/bolty,https://optorg.ru/catalog/krepej_i_takelaj/metricheskiy_krepej/bolty/296119/
296120,"Болт М16x80 мм, кл. пр. 10,9, ГОСТ Р ИСО 4014-2013 (7798-70, 7805-70), DIN 931, Россия",298,krepej_i_takelaj/metricheskiy_krepej/bolty,https://optorg.ru/catalog/krepej_i_takelaj/metricheskiy_krepej/bolty/296120/
296121,"Болт М16x90 мм, кл. пр. 10,9, ГОСТ Р ИСО 4014-2013 (7798-70, 7805-70), DIN 931, Россия",298,krepej_i_takelaj/metricheskiy_krepej/bolty,https://optorg.ru/catalog/krepej_i_takelaj/metricheskiy_krepej/bolty/296121/
296122,"Болт М16x100 мм, кл. пр. 10,9, ГОСТ Р ИСО 4014-2013 (7798-70, 7805-70), DIN 931, Россия",298,krepej_i_takelaj/metricheskiy_krepej/bolty,https://optorg.ru/catalog/krepej_i_takelaj/metricheskiy_krepej/bolty/296122/
296123,"Болт М16x130 мм, кл. пр. 10,9, ГОСТ Р ИСО 4014-2013 (7798-70, 7805-70), DIN 931, Россия",298,krepej_i_takelaj/metricheskiy_krepej/bolty,https://optorg.ru/catalog/krepej_i_takelaj/metricheskiy_krepej/bolty/296123/
296124,"Болт М18x60 мм, кл. пр. 10,9, ГОСТ Р ИСО 4014-2013 (7798-70, 7805-70), DIN 931, Россия",358,krepej_i_takelaj/metricheskiy_krepej/bolty,https://optorg.ru/catalog/krepej_i_takelaj/metricheskiy_krepej/bolty/296124/
296126,"Болт М18x90 мм, кл. пр. 10,9, ГОСТ Р ИСО 4014-2013 (7798-70, 7805-70), DIN 931, Россия",358,krepej_i_takelaj/metricheskiy_krepej/bolty,https://optorg.ru/catalog/krepej_i_takelaj/metricheskiy_krepej/bolty/296126/
296127,"Болт М20x100 мм, кл. пр. 10,9, ГОСТ Р ИСО 4014-2013 (7798-70, 7805-70), DIN 931, Россия",344,krepej_i_takelaj/metricheskiy_krepej/bolty,https://optorg.ru/catalog/krepej_i_takelaj/metricheskiy_krepej/bolty/296127/
296128,"Болт М20x120 мм, кл. пр. 10,9, ГОСТ Р ИСО 4014-2013 (7798-70, 7805-70), DIN 931, Россия",344,krepej_i_takelaj/metricheskiy_krepej/bolty,https://optorg.ru/catalog/krepej_i_takelaj/metricheskiy_krepej/bolty/296128/
296129,"Болт М22x70 мм, кл. пр. 10,9, ГОСТ Р ИСО 4014-2013 (7798-70, 7805-70), DIN 931, Россия",358,krepej_i_takelaj/metricheskiy_krepej/bolty,https://optorg.ru/catalog/krepej_i_takelaj/metricheskiy_krepej/bolty/296129/
296131,"Болт М24x180 мм, кл. пр. 10,9, ГОСТ Р ИСО 4014-2013 (7798-70, 7805-70), DIN 931, Россия",342,krepej_i_takelaj/metricheskiy_krepej/bolty,https://optorg.ru/catalog/krepej_i_takelaj/metricheskiy_krepej/bolty/296131/
296133,"Болт М27x80 мм, кл. пр. 10,9, ГОСТ Р ИСО 4014-2013 (7798-70, 7805-70), DIN 931, Россия",415,krepej_i_takelaj/metricheskiy_krepej/bolty,https://optorg.ru/catalog/krepej_i_takelaj/metricheskiy_krepej/bolty/296133/
296134,"Болт М27x90 мм, кл. пр. 10,9, ГОСТ Р 52644-2006, Россия",563,krepej_i_takelaj/metricheskiy_krepej/bolty,https://optorg.ru/catalog/krepej_i_takelaj/metricheskiy_krepej/bolty/296134/
296138,"Болт М27x180 мм, кл. пр. 10,9, ГОСТ Р ИСО 4014-2013 (7798-70, 7805-70), DIN 931, Россия",415,krepej_i_takelaj/metricheskiy_krepej/bolty,https://optorg.ru/catalog/krepej_i_takelaj/metricheskiy_krepej/bolty/296138/
296145,"Болт М16x40 мм, кл. пр. 10,9, ГОСТ Р ИСО 4014-2013 (7798-70, 7805-70), DIN 931, Россия",298,krepej_i_takelaj/metricheskiy_krepej/bolty,https://optorg.ru/catalog/krepej_i_takelaj/metricheskiy_krepej/bolty/296145/
296149,"Болт М24x190 мм, кл. пр. 10,9, ГОСТ Р ИСО 4014-2013 (7798-70, 7805-70), DIN 931, Россия",342,krepej_i_takelaj/metricheskiy_krepej/bolty,https://optorg.ru/catalog/krepej_i_takelaj/metricheskiy_krepej/bolty/296149/
296153,"Болт М20x200 мм, цинк, ГОСТ Р ИСО 4014-2013 (7798-70, 7805-70), DIN 931, Россия",216,krepej_i_takelaj/metricheskiy_krepej/bolty,https://optorg.ru/catalog/krepej_i_takelaj/metricheskiy_krepej/bolty/296153/
296159,"Болт М20x220 мм, цинк, ГОСТ Р ИСО 4014-2013 (7798-70, 7805-70), DIN 931, Россия",216,krepej_i_takelaj/metricheskiy_krepej/bolty,https://optorg.ru/catalog/krepej_i_takelaj/metricheskiy_krepej/bolty/296159/
296161,"Болт М6x14 мм, цинк, полная резьба, DIN 933, Китай",221,krepej_i_takelaj/metricheskiy_krepej/bolty,https://optorg.ru/catalog/krepej_i_takelaj/metricheskiy_krepej/bolty/296161/
296162,"Болт М12x130 мм, цинк, полная резьба, DIN 933, Китай",214,krepej_i_takelaj/metricheskiy_krepej/bolty,https://optorg.ru/catalog/krepej_i_takelaj/metricheskiy_krepej/bolty/296162/
296164,"Болт М20x80 мм, цинк, полная резьба, DIN 933, Китай",213,krepej_i_takelaj/metricheskiy_krepej/bolty,https://optorg.ru/catalog/krepej_i_takelaj/metricheskiy_krepej/bolty/296164/
298609,"Болт М10x30 мм, цинк, полная резьба, ГОСТ 7798-70, ГОСТ 7805-70, DIN 933, Беларусь",212,krepej_i_takelaj/metricheskiy_krepej/bolty,https://optorg.ru/catalog/krepej_i_takelaj/metricheskiy_krepej/bolty/298609/
298617,"Болт М20x140 мм, кл. пр. 8,8, ГОСТ Р ИСО 4014-2013 (7798-70, 7805-70), DIN 931, Россия",315,krepej_i_takelaj/metricheskiy_krepej/bolty,https://optorg.ru/catalog/krepej_i_takelaj/metricheskiy_krepej/bolty/298617/
299594,"Болт М10x45 мм, ГОСТ 7798-70, ГОСТ 7805-70, DIN 931, Беларусь",184,krepej_i_takelaj/metricheskiy_krepej/bolty,https://optorg.ru/catalog/krepej_i_takelaj/metricheskiy_krepej/bolty/299594/
299598,"Болт М12x65 мм, цинк, полная резьба, ГОСТ 7798-70, ГОСТ 7805-70, DIN 933, Беларусь",213,krepej_i_takelaj/metricheskiy_krepej/bolty,https://optorg.ru/catalog/krepej_i_takelaj/metricheskiy_krepej/bolty/299598/
299602,"Болт М8x60 мм, ГОСТ Р ИСО 4014-2013 (7798-70, 7805-70), DIN 931, Беларусь",185,krepej_i_takelaj/metricheskiy_krepej/bolty,https://optorg.ru/catalog/krepej_i_takelaj/metricheskiy_krepej/bolty/299602/
300260,"Болт М20x85 мм лемешный, DIN 608, Китай",372,krepej_i_takelaj/metricheskiy_krepej/bolty,https://optorg.ru/catalog/krepej_i_takelaj/metricheskiy_krepej/bolty/300260/
300265,"Болт М16x120 мм, кл. пр. 10,9, ГОСТ Р ИСО 4014-2013 (7798-70, 7805-70), DIN 931, Россия",298,krepej_i_takelaj/metricheskiy_krepej/bolty,https://optorg.ru/catalog/krepej_i_takelaj/metricheskiy_krepej/bolty/300265/
300267,"Болт М18x80 мм, кл. пр. 10,9, ГОСТ Р ИСО 4014-2013 (7798-70, 7805-70), DIN 931, Россия",358,krepej_i_takelaj/metricheskiy_krepej/bolty,https://optorg.ru/catalog/krepej_i_takelaj/metricheskiy_krepej/bolty/300267/
300268,"Болт М20x90 мм, кл. пр. 10,9, ГОСТ Р ИСО 4014-2013 (7798-70, 7805-70), DIN 931, Россия",344,krepej_i_takelaj/metricheskiy_krepej/bolty,https://optorg.ru/catalog/krepej_i_takelaj/metricheskiy_krepej/bolty/300268/
300269,"Болт М20x130 мм, кл. пр. 10,9, ГОСТ Р ИСО 4014-2013 (7798-70, 7805-70), DIN 931, Россия",344,krepej_i_takelaj/metricheskiy_krepej/bolty,https://optorg.ru/catalog/krepej_i_takelaj/metricheskiy_krepej/bolty/300269/
300271,"Болт М24x70 мм, кл. пр. 10,9, ГОСТ Р ИСО 4014-2013 (7798-70, 7805-70), DIN 931, Россия",342,krepej_i_takelaj/metricheskiy_krepej/bolty,https://optorg.ru/catalog/krepej_i_takelaj/metricheskiy_krepej/bolty/300271/
300272,"Болт М24x110 мм, кл. пр. 10,9, ГОСТ Р ИСО 4014-2013 (7798-70, 7805-70), DIN 931, Россия",342,krepej_i_takelaj/metricheskiy_krepej/bolty,https://optorg.ru/catalog/krepej_i_takelaj/metricheskiy_krepej/bolty/300272/
301213,"Болт М16x180 мм, кл. пр. 8,8, ГОСТ Р ИСО 4014-2013 (7798-70, 7805-70), DIN 931, Россия",283,krepej_i_takelaj/metricheskiy_krepej/bolty,https://optorg.ru/catalog/krepej_i_takelaj/metricheskiy_krepej/bolty/301213/
301477,"Болт М8x30 мм, кл. пр. 10,9, ГОСТ Р ИСО 4014-2013 (7798-70, 7805-70), DIN 931, Россия",289,krepej_i_takelaj/metricheskiy_krepej/bolty,https://optorg.ru/catalog/krepej_i_takelaj/metricheskiy_krepej/bolty/301477/
301486,"Болт М16x30 мм, полная резьба, кл. пр. 10,9, ГОСТ Р ИСО 4014-2013 (7798-70, 7805-70), DIN 931, Россия",298,krepej_i_takelaj/metricheskiy_krepej/bolty,https://optorg.ru/catalog/krepej_i_takelaj/metricheskiy_krepej/bolty/301486/
301487,"Болт М16x70 мм, кл. пр. 10,9, ГОСТ Р ИСО 4014-2013 (7798-70, 7805-70), DIN 931, Россия",298,krepej_i_takelaj/metricheskiy_krepej/bolty,https://optorg.ru/catalog/krepej_i_takelaj/metricheskiy_krepej/bolty/301487/
301519,"Болт М20x50 мм, кл. пр. 10,9, ГОСТ Р ИСО 4014-2013 (7798-70, 7805-70), DIN 931, Россия",344,krepej_i_takelaj/metricheskiy_krepej/bolty,https://optorg.ru/catalog/krepej_i_takelaj/metricheskiy_krepej/bolty/301519/
301521,"Болт М20x150 мм, кл. пр. 10,9, ГОСТ Р ИСО 4014-2013 (7798-70, 7805-70), DIN 931, Россия",344,krepej_i_takelaj/metricheskiy_krepej/bolty,https://optorg.ru/catalog/krepej_i_takelaj/metricheskiy_krepej/bolty/301521/
301528,"Болт М22x80 мм, кл. пр. 10,9, ГОСТ Р ИСО 4014-2013 (7798-70, 7805-70), DIN 931, Россия",358,krepej_i_takelaj/metricheskiy_krepej/bolty,https://optorg.ru/catalog/krepej_i_takelaj/metricheskiy_krepej/bolty/301528/
301536,"Болт М24x140 мм, кл. пр. 10,9, ГОСТ Р ИСО 4014-2013 (7798-70, 7805-70), DIN 931, Россия",342,krepej_i_takelaj/metricheskiy_krepej/bolty,https://optorg.ru/catalog/krepej_i_takelaj/metricheskiy_krepej/bolty/301536/
301550,"Болт М24x220 мм, кл. пр. 8,8, ГОСТ Р ИСО 4014-2013 (7798-70, 7805-70), DIN 931, Россия",336,krepej_i_takelaj/metricheskiy_krepej/bolty,https://optorg.ru/catalog/krepej_i_takelaj/metricheskiy_krepej/bolty/301550/
301653,"Болт М36x100 мм, ГОСТ Р ИСО 4014-2013 (7798-70, 7805-70), DIN 931, Россия",258,krepej_i_takelaj/metricheskiy_krepej/bolty,https://optorg.ru/catalog/krepej_i_takelaj/metricheskiy_krepej/bolty/301653/
303323,"Болт М12x40 мм лемешный, кл. пр. 8,8, ГОСТ 7786-81, Беларусь",336,krepej_i_takelaj/metricheskiy_krepej/bolty,https://optorg.ru/catalog/krepej_i_takelaj/metricheskiy_krepej/bolty/303323/
303609,"Болт М20x130 мм, кл. пр. 10,9, ГОСТ Р 52644-2006, Россия",500,krepej_i_takelaj/metricheskiy_krepej/bolty,https://optorg.ru/catalog/krepej_i_takelaj/metricheskiy_krepej/bolty/303609/
306632,"Болт М16x55 мм, кл. пр. 10,9, ГОСТ Р ИСО 4014-2013 (7798-70, 7805-70), DIN 931, Россия",298,krepej_i_takelaj/metricheskiy_krepej/bolty,https://optorg.ru/catalog/krepej_i_takelaj/metricheskiy_krepej/bolty/306632/
306633,"Болт М18x70 мм, кл. пр. 8,8, DIN 931, Китай",330,krepej_i_takelaj/metricheskiy_krepej/bolty,https://optorg.ru/catalog/krepej_i_takelaj/metricheskiy_krepej/bolty/306633/
306635,"Болт М27x180 мм, кл. пр. 10,9, DIN 931, Китай",415,krepej_i_takelaj/metricheskiy_krepej/bolty,https://optorg.ru/catalog/krepej_i_takelaj/metricheskiy_krepej/bolty/306635/
307545,"Болт М20x85 мм лемешный, ГОСТ 7786-81, Россия",372,krepej_i_takelaj/metricheskiy_krepej/bolty,https://optorg.ru/catalog/krepej_i_takelaj/metricheskiy_krepej/bolty/307545/
309139,"Болт М20x60 мм, кл. пр. 10,9, ГОСТ Р 52644—2006, Россия",500,krepej_i_takelaj/metricheskiy_krepej/bolty,https://optorg.ru/catalog/krepej_i_takelaj/metricheskiy_krepej/bolty/309139/
312795,"Болт М8x25 мм, кл. пр. 8,8, ГОСТ Р ИСО 4014-2013 (7798-70, 7805-70), DIN 931, Россия",260,krepej_i_takelaj/metricheskiy_krepej/bolty,https://optorg.ru/catalog/krepej_i_takelaj/metricheskiy_krepej/bolty/312795/
312807,"Болт М16x75 мм, кл. пр. 10,9, ГОСТ Р ИСО 4014-2013 (7798-70, 7805-70), DIN 931, Россия",298,krepej_i_takelaj/metricheskiy_krepej/bolty,https://optorg.ru/catalog/krepej_i_takelaj/metricheskiy_krepej/bolty/312807/
312810,"Болт М18x120 мм, кл. пр. 10,9, ГОСТ Р ИСО 4014-2013 (7798-70, 7805-70), DIN 931, Россия",358,krepej_i_takelaj/metricheskiy_krepej/bolty,https://optorg.ru/catalog/krepej_i_takelaj/metricheskiy_krepej/bolty/312810/
312981,"Болт М20x90 мм, цинк, полная резьба, DIN 933, Китай",213,krepej_i_takelaj/metricheskiy_krepej/bolty,https://optorg.ru/catalog/krepej_i_takelaj/metricheskiy_krepej/bolty/312981/
312982,"Болт М20x120 мм, цинк, полная резьба, DIN 933, Китай",216,krepej_i_takelaj/metricheskiy_krepej/bolty,https://optorg.ru/catalog/krepej_i_takelaj/metricheskiy_krepej/bolty/312982/
314046,"Болт М20x110 мм, цинк, ГОСТ Р ИСО 4014-2013 (7798-70, 7805-70), DIN 931, Россия",216,krepej_i_takelaj/metricheskiy_krepej/bolty,https://optorg.ru/catalog/krepej_i_takelaj/metricheskiy_krepej/bolty/314046/
314047,"Болт М24x120 мм, цинк, ГОСТ Р ИСО 4014-2013 (7798-70, 7805-70), DIN 931, Россия",217,krepej_i_takelaj/metricheskiy_krepej/bolty,https://optorg.ru/catalog/krepej_i_takelaj/metricheskiy_krepej/bolty/314047/
327484,"Болт М16x150 мм, цинк, полная резьба, DIN 933, Китай",202,krepej_i_takelaj/metricheskiy_krepej/bolty,https://optorg.ru/catalog/krepej_i_takelaj/metricheskiy_krepej/bolty/327484/
327485,"Болт М20x100 мм, цинк, полная резьба, DIN 933, Китай",216,krepej_i_takelaj/metricheskiy_krepej/bolty,https://optorg.ru/catalog/krepej_i_takelaj/metricheskiy_krepej/bolty/327485/
327571,"Болт М16x50 мм, цинк, полная резьба, кл. пр. 8,8, ГОСТ Р ИСО 4017-2013 (7798-70, 7805-70), DIN 933, Россия",293,krepej_i_takelaj/metricheskiy_krepej/bolty,https://optorg.ru/catalog/krepej_i_takelaj/metricheskiy_krepej/bolty/327571/
330157,"Болт М10x30 мм лемешный, кл. пр. 8,8, ГОСТ 7786-81, Беларусь",336,krepej_i_takelaj/metricheskiy_krepej/bolty,https://optorg.ru/catalog/krepej_i_takelaj/metricheskiy_krepej/bolty/330157/
331657,"Болт М5x60 мм, цинк, полная резьба, ГОСТ Р ИСО 4017-2013 (7798-70, 7805-70), DIN 933",260,krepej_i_takelaj/metricheskiy_krepej/bolty,https://optorg.ru/catalog/krepej_i_takelaj/metricheskiy_krepej/bolty/331657/
331930,"Болт М8x70 мм, цинк, полная резьба, ГОСТ Р ИСО 4017-2013 (7798-70, 7805-70), DIN 933, Россия",207,krepej_i_takelaj/metricheskiy_krepej/bolty,https://optorg.ru/catalog/krepej_i_takelaj/metricheskiy_krepej/bolty/331930/
335457,"Болт М6x50 мм, цинк, полная резьба, ГОСТ Р ИСО 4017-2013 (7798-70, 7805-70), DIN 933, Беларусь",221,krepej_i_takelaj/metricheskiy_krepej/bolty,https://optorg.ru/catalog/krepej_i_takelaj/metricheskiy_krepej/bolty/335457/
335460,"Болт М24x100 мм, цинк, ГОСТ Р ИСО 4014-2013 (7798-70, 7805-70), DIN 931, Россия",217,krepej_i_takelaj/metricheskiy_krepej/bolty,https://optorg.ru/catalog/krepej_i_takelaj/metricheskiy_krepej/bolty/335460/
335469,"Болт М12x30 мм, полная резьба, кл. пр. 10,9, ГОСТ 7798-70, ГОСТ 7805-70, DIN 931, Беларусь",290,krepej_i_takelaj/metricheskiy_krepej/bolty,https://optorg.ru/catalog/krepej_i_takelaj/metricheskiy_krepej/bolty/335469/
336496,"Болт М20x80 мм, цинк, полная резьба, ГОСТ Р ИСО 4017-2013 (7798-70, 7805-70), DIN 933, Россия",213,krepej_i_takelaj/metricheskiy_krepej/bolty,https://optorg.ru/catalog/krepej_i_takelaj/metricheskiy_krepej/bolty/336496/
336793,"Болт М20x95 мм, цинк, ГОСТ Р ИСО 4014-2013 (7798-70, 7805-70), DIN 931, Россия",196,krepej_i_takelaj/metricheskiy_krepej/bolty,https://optorg.ru/catalog/krepej_i_takelaj/metricheskiy_krepej/bolty/336793/
338449,"Болт М36x120 мм, ГОСТ Р ИСО 4014-2013 (7798-70, 7805-70), DIN 931, Россия",258,krepej_i_takelaj/metricheskiy_krepej/bolty,https://optorg.ru/catalog/krepej_i_takelaj/metricheskiy_krepej/bolty/338449/
338493,"Болт М20x60 мм, кл. пр. 10,9, ГОСТ Р ИСО 4014-2013 (7798-70, 7805-70), DIN 931, Россия",344,krepej_i_takelaj/metricheskiy_krepej/bolty,https://optorg.ru/catalog/krepej_i_takelaj/metricheskiy_krepej/bolty/338493/
342829,"Болт М16x30 мм, цинк, полная резьба, DIN 933, Китай",203,krepej_i_takelaj/metricheskiy_krepej/bolty,https://optorg.ru/catalog/krepej_i_takelaj/metricheskiy_krepej/bolty/342829/
343127,"Болт М20x220 мм, кл. пр. 10,9, ГОСТ Р ИСО 4014-2013 (7798-70, 7805-70), DIN 931, Россия",361,krepej_i_takelaj/metricheskiy_krepej/bolty,https://optorg.ru/catalog/krepej_i_takelaj/metricheskiy_krepej/bolty/343127/
343129,"Болт М20x160 мм, кл. пр. 10,9, ГОСТ Р ИСО 4014-2013 (7798-70, 7805-70), DIN 931, Россия",344,krepej_i_takelaj/metricheskiy_krepej/bolty,https://optorg.ru/catalog/krepej_i_takelaj/metricheskiy_krepej/bolty/343129/
343130,"Болт М24x90 мм, кл. пр. 10,9, ГОСТ Р ИСО 4014-2013 (7798-70, 7805-70), DIN 931, Россия",342,krepej_i_takelaj/metricheskiy_krepej/bolty,https://optorg.ru/catalog/krepej_i_takelaj/metricheskiy_krepej/bolty/343130/
343131,"Болт М27x70 мм, полная резьба, кл. пр. 10,9, ГОСТ Р ИСО 4017-2013 (7798-70, 7805-70), DIN 933, Россия",415,krepej_i_takelaj/metricheskiy_krepej/bolty,https://optorg.ru/catalog/krepej_i_takelaj/metricheskiy_krepej/bolty/343131/
343330,"Болт М16x55 мм, цинк, ГОСТ Р ИСО 4014-2013 (7798-70, 7805-70), DIN 931, Беларусь",180,krepej_i_takelaj/metricheskiy_krepej/bolty,https://optorg.ru/catalog/krepej_i_takelaj/metricheskiy_krepej/bolty/343330/
344699,"Болт М16x40 мм, цинк, полная резьба, DIN 933, Китай",203,krepej_i_takelaj/metricheskiy_krepej/bolty,https://optorg.ru/catalog/krepej_i_takelaj/metricheskiy_krepej/bolty/344699/
345315,"Болт М36x170 мм, ГОСТ Р ИСО 4014-2013 (7798-70, 7805-70), DIN 931, Россия",258,krepej_i_takelaj/metricheskiy_krepej/bolty,https://optorg.ru/catalog/krepej_i_takelaj/metricheskiy_krepej/bolty/345315/
345318,"Болт М36x160 мм, ГОСТ Р ИСО 4014-2013 (7798-70, 7805-70), DIN 931, Россия",258,krepej_i_takelaj/metricheskiy_krepej/bolty,https://optorg.ru/catalog/krepej_i_takelaj/metricheskiy_krepej/bolty/345318/
345321,"Болт М6x25 мм, ГОСТ Р ИСО 4014-2013 (7798-70, 7805-70), DIN 931, Беларусь",195,krepej_i_takelaj/metricheskiy_krepej/bolty,https://optorg.ru/catalog/krepej_i_takelaj/metricheskiy_krepej/bolty/345321/
345322,"Болт М10x55 мм, ГОСТ 7798-70, ГОСТ 7805-70, DIN 931, Беларусь",184,krepej_i_takelaj/metricheskiy_krepej/bolty,https://optorg.ru/catalog/krepej_i_takelaj/metricheskiy_krepej/bolty/345322/
345323,"Болт М10x70 мм, ГОСТ 7798-70, ГОСТ 7805-70, DIN 931, Беларусь",184,krepej_i_takelaj/metricheskiy_krepej/bolty,https://optorg.ru/catalog/krepej_i_takelaj/metricheskiy_krepej/bolty/345323/
345335,"Болт М12x75 мм лемешный, ГОСТ 7786-81, Беларусь",263,krepej_i_takelaj/metricheskiy_krepej/bolty,https://optorg.ru/catalog/krepej_i_takelaj/metricheskiy_krepej/bolty/345335/
345670,"Болт М14x100 мм, кл. пр. 10,9, ГОСТ Р ИСО 4014-2013 (7798-70, 7805-70), DIN 931, Россия",317,krepej_i_takelaj/metricheskiy_krepej/bolty,https://optorg.ru/catalog/krepej_i_takelaj/metricheskiy_krepej/bolty/345670/
345685,"Болт М22x130 мм, цинк, кл. пр. 10,9, ГОСТ Р ИСО 4014-2013 (7798-70, 7805-70), DIN 931, Россия",358,krepej_i_takelaj/metricheskiy_krepej/bolty,https://optorg.ru/catalog/krepej_i_takelaj/metricheskiy_krepej/bolty/345685/
345692,"Болт М24x85 мм, цинк, ГОСТ Р ИСО 4014-2013 (7798-70, 7805-70), DIN 931, Россия",217,krepej_i_takelaj/metricheskiy_krepej/bolty,https://optorg.ru/catalog/krepej_i_takelaj/metricheskiy_krepej/bolty/345692/
347656,"Болт М12x60 мм лемешный, кл. пр. 8,8, ГОСТ 7786-81, Беларусь",336,krepej_i_takelaj/metricheskiy_krepej/bolty,https://optorg.ru/catalog/krepej_i_takelaj/metricheskiy_krepej/bolty/347656/
347661,"Болт М12x50 мм лемешный, кл. пр. 8,8, ГОСТ 7786-81, Беларусь",336,krepej_i_takelaj/metricheskiy_krepej/bolty,https://optorg.ru/catalog/krepej_i_takelaj/metricheskiy_krepej/bolty/347661/
348127,"Болт М6x20 мм, цинк, полная резьба, ГОСТ Р ИСО 4017-2013 (7798-70, 7805-70), DIN 933, Беларусь",221,krepej_i_takelaj/metricheskiy_krepej/bolty,https://optorg.ru/catalog/krepej_i_takelaj/metricheskiy_krepej/bolty/348127/
348135,"Болт М10x110 мм, цинк, ГОСТ 7798-70, ГОСТ 7805-70, DIN 931, Беларусь",185,krepej_i_takelaj/metricheskiy_krepej/bolty,https://optorg.ru/catalog/krepej_i_takelaj/metricheskiy_krepej/bolty/348135/
348139,"Болт М12x55 мм, ГОСТ 7798-70, ГОСТ 7805-70, DIN 931, Беларусь",192,krepej_i_takelaj/metricheskiy_krepej/bolty,https://optorg.ru/catalog/krepej_i_takelaj/metricheskiy_krepej/bolty/348139/
348149,"Болт М24x90 мм, кл. пр. 8,8, DIN 931, Китай",298,krepej_i_takelaj/metricheskiy_krepej/bolty,https://optorg.ru/catalog/krepej_i_takelaj/metricheskiy_krepej/bolty/348149/
348150,"Болт М24x60 мм, кл. пр. 10,9, ГОСТ Р ИСО 4014-2013 (7798-70, 7805-70), DIN 931, Россия",342,krepej_i_takelaj/metricheskiy_krepej/bolty,https://optorg.ru/catalog/krepej_i_takelaj/metricheskiy_krepej/bolty/348150/
348154,"Болт М12x75 мм, ГОСТ 7798-70, ГОСТ 7805-70, DIN 931, Беларусь",192,krepej_i_takelaj/metricheskiy_krepej/bolty,https://optorg.ru/catalog/krepej_i_takelaj/metricheskiy_krepej/bolty/348154/
351457,"Болт М12x40 мм, кл. пр. 8,8, ГОСТ 7798-70, ГОСТ 7805-70, DIN 931, Беларусь",258,krepej_i_takelaj/metricheskiy_krepej/bolty,https://optorg.ru/catalog/krepej_i_takelaj/metricheskiy_krepej/bolty/351457/
355072,"Болт М16x50 мм лемешный, DIN 608, Китай",372,krepej_i_takelaj/metricheskiy_krepej/bolty,https://optorg.ru/catalog/krepej_i_takelaj/metricheskiy_krepej/bolty/355072/
355075,"Болт М20x95 мм лемешный, DIN 608, Китай",372,krepej_i_takelaj/metricheskiy_krepej/bolty,https://optorg.ru/catalog/krepej_i_takelaj/metricheskiy_krepej/bolty/355075/
355076,"Болт М16x55 мм лемешный, DIN 608, Китай",372,krepej_i_takelaj/metricheskiy_krepej/bolty,https://optorg.ru/catalog/krepej_i_takelaj/metricheskiy_krepej/bolty/355076/
355077,"Болт М12x70 мм лемешный, DIN 608, Китай",263,krepej_i_takelaj/metricheskiy_krepej/bolty,https://optorg.ru/catalog/krepej_i_takelaj/metricheskiy_krepej/bolty/355077/
355336,"Болт М12x35 мм лемешный, DIN 608, Китай",263,krepej_i_takelaj/metricheskiy_krepej/bolty,https://optorg.ru/catalog/krepej_i_takelaj/metricheskiy_krepej/bolty/355336/
356035,"Болт М10x60 мм, ГОСТ 7798-70, ГОСТ 7805-70, DIN 931, Беларусь",184,krepej_i_takelaj/metricheskiy_krepej/bolty,https://optorg.ru/catalog/krepej_i_takelaj/metricheskiy_krepej/bolty/356035/
356038,"Болт М10x35 мм, ГОСТ 7798-70, ГОСТ 7805-70, DIN 931, Беларусь",184,krepej_i_takelaj/metricheskiy_krepej/bolty,https://optorg.ru/catalog/krepej_i_takelaj/metricheskiy_krepej/bolty/356038/
356039,"Болт М6x30 мм, ГОСТ Р ИСО 4014-2013 (7798-70, 7805-70), DIN 931, Беларусь",195,krepej_i_takelaj/metricheskiy_krepej/bolty,https://optorg.ru/catalog/krepej_i_takelaj/metricheskiy_krepej/bolty/356039/
356040,"Болт М6x40 мм, ГОСТ Р ИСО 4014-2013 (7798-70, 7805-70), DIN 931, Беларусь",195,krepej_i_takelaj/metricheskiy_krepej/bolty,https://optorg.ru/catalog/krepej_i_takelaj/metricheskiy_krepej/bolty/356040/
356041,"Болт М6x50 мм, ГОСТ Р ИСО 4014-2013 (7798-70, 7805-70), DIN 931, Беларусь",200,krepej_i_takelaj/metricheskiy_krepej/bolty,https://optorg.ru/catalog/krepej_i_takelaj/metricheskiy_krepej/bolty/356041/
356042,"Болт М12x40 мм, ГОСТ 7798-70, ГОСТ 7805-70, DIN 931, Беларусь",192,krepej_i_takelaj/metricheskiy_krepej/bolty,https://optorg.ru/catalog/krepej_i_takelaj/metricheskiy_krepej/bolty/356042/
356069,"Болт М12x40 мм лемешный, DIN 608, Китай",263,krepej_i_takelaj/metricheskiy_krepej/bolty,https://optorg.ru/catalog/krepej_i_takelaj/metricheskiy_krepej/bolty/356069/
357159,"Болт М12x75 мм лемешный, DIN 608, Китай",263,krepej_i_takelaj/metricheskiy_krepej/bolty,https://optorg.ru/catalog/krepej_i_takelaj/metricheskiy_krepej/bolty/357159/
361418,"Болт М27x80 мм, кл. пр. 10,9, ГОСТ Р 52644-2006, Россия",563,krepej_i_takelaj/metricheskiy_krepej/bolty,https://optorg.ru/catalog/krepej_i_takelaj/metricheskiy_krepej/bolty/361418/
362275,"Болт М10x50 мм, ГОСТ 7798-70, ГОСТ 7805-70, DIN 931, Беларусь",184,krepej_i_takelaj/metricheskiy_krepej/bolty,https://optorg.ru/catalog/krepej_i_takelaj/metricheskiy_krepej/bolty/362275/
362348,"Болт М16x130 мм, кл. пр. 10,9, ГОСТ Р ИСО 4014-2013 (7798-70, 7805-70), DIN 931, Беларусь",298,krepej_i_takelaj/metricheskiy_krepej/bolty,https://optorg.ru/catalog/krepej_i_takelaj/metricheskiy_krepej/bolty/362348/
364615,"Болт М14x70 мм, кл. пр. 10,9, DIN 931, Китай",317,krepej_i_takelaj/metricheskiy_krepej/bolty,https://optorg.ru/catalog/krepej_i_takelaj/metricheskiy_krepej/bolty/364615/
365529,"Болт М8x25 мм, ГОСТ Р ИСО 4014-2013 (7798-70, 7805-70), DIN 931, Беларусь",192,krepej_i_takelaj/metricheskiy_krepej/bolty,https://optorg.ru/catalog/krepej_i_takelaj/metricheskiy_krepej/bolty/365529/
365547,"Болт М10x40 мм норийный с увеличенной головой, чертеж 7811-7074 (DIN 15237), Россия",700,krepej_i_takelaj/metricheskiy_krepej/bolty,https://optorg.ru/catalog/krepej_i_takelaj/metricheskiy_krepej/bolty/365547/
368324,"Болт М12x120 мм, ГОСТ 7798-70, ГОСТ 7805-70, DIN 931, Беларусь",193,krepej_i_takelaj/metricheskiy_krepej/bolty,https://optorg.ru/catalog/krepej_i_takelaj/metricheskiy_krepej/bolty/368324/
384780,"Болт М18x80 мм, кл. пр. 8,8, DIN 931, Китай",330,krepej_i_takelaj/metricheskiy_krepej/bolty,https://optorg.ru/catalog/krepej_i_takelaj/metricheskiy_krepej/bolty/384780/
384905,"Болт М12x45 мм, кл. пр. 8,8, ГОСТ 7798-70, ГОСТ 7805-70, DIN 931, Беларусь",258,krepej_i_takelaj/metricheskiy_krepej/bolty,https://optorg.ru/catalog/krepej_i_takelaj/metricheskiy_krepej/bolty/384905/
384907,"Болт М24x60 мм, кл. пр. 8,8, ГОСТ Р ИСО 4014-2013 (7798-70, 7805-70), DIN 931, Россия",298,krepej_i_takelaj/metricheskiy_krepej/bolty,https://optorg.ru/catalog/krepej_i_takelaj/metricheskiy_krepej/bolty/384907/
384909,"Болт М8x80 мм, кл. пр. 8,8, ГОСТ Р ИСО 4014-2013 (7798-70, 7805-70), DIN 931, Беларусь",260,krepej_i_takelaj/metricheskiy_krepej/bolty,https://optorg.ru/catalog/krepej_i_takelaj/metricheskiy_krepej/bolty/384909/
385393,"Болт М24x120 мм, кл. пр. 8,8, DIN 931, Китай",312,krepej_i_takelaj/metricheskiy_krepej/bolty,https://optorg.ru/catalog/krepej_i_takelaj/metricheskiy_krepej/bolty/385393/
387607,"Болт М10x40 мм лемешный, DIN 608, Китай",263,krepej_i_takelaj/metricheskiy_krepej/bolty,https://optorg.ru/catalog/krepej_i_takelaj/metricheskiy_krepej/bolty/387607/
387643,"Болт М16x90 мм, кл. пр. 10,9, ГОСТ Р ИСО 4014-2013 (7798-70, 7805-70), DIN 931, Беларусь",298,krepej_i_takelaj/metricheskiy_krepej/bolty,https://optorg.ru/catalog/krepej_i_takelaj/metricheskiy_krepej/bolty/387643/
388606,"Болт М24x180 мм, кл. пр. 8,8, DIN 931, Китай",336,krepej_i_takelaj/metricheskiy_krepej/bolty,https://optorg.ru/catalog/krepej_i_takelaj/metricheskiy_krepej/bolty/388606/
388607,"Болт М24x220 мм, кл. пр. 8,8, DIN 931, Китай",336,krepej_i_takelaj/metricheskiy_krepej/bolty,https://optorg.ru/catalog/krepej_i_takelaj/metricheskiy_krepej/bolty/388607/
388612,"Болт М24x190 мм, кл. пр. 10,9, DIN 931, Китай",342,krepej_i_takelaj/metricheskiy_krepej/bolty,https://optorg.ru/catalog/krepej_i_takelaj/metricheskiy_krepej/bolty/388612/
388615,"Болт М27x100 мм, кл. пр. 10,9, DIN 931, Китай",415,krepej_i_takelaj/metricheskiy_krepej/bolty,https://optorg.ru/catalog/krepej_i_takelaj/metricheskiy_krepej/bolty/388615/
391997,"Болт М12x55 мм лемешный, DIN 608, Китай",263,krepej_i_takelaj/metricheskiy_krepej/bolty,https://optorg.ru/catalog/krepej_i_takelaj/metricheskiy_krepej/bolty/391997/
391998,"Болт М20x70 мм, кл. пр. 8,8, DIN 931, Китай",315,krepej_i_takelaj/metricheskiy_krepej/bolty,https://optorg.ru/catalog/krepej_i_takelaj/metricheskiy_krepej/bolty/391998/
396930,"Болт М10x50 мм, кл. пр. 10,9, ГОСТ 7798-70, ГОСТ 7805-70, DIN 931, Беларусь",288,krepej_i_takelaj/metricheskiy_krepej/bolty,https://optorg.ru/catalog/krepej_i_takelaj/metricheskiy_krepej/bolty/396930/
396931,"Болт М10x130 мм, кл. пр. 10,9, ГОСТ 7798-70, ГОСТ 7805-70, DIN 931, Беларусь",288,krepej_i_takelaj/metricheskiy_krepej/bolty,https://optorg.ru/catalog/krepej_i_takelaj/metricheskiy_krepej/bolty/396931/
396932,"Болт М10x70 мм, кл. пр. 10,9, ГОСТ 7798-70, ГОСТ 7805-70, DIN 931, Беларусь",288,krepej_i_takelaj/metricheskiy_krepej/bolty,https://optorg.ru/catalog/krepej_i_takelaj/metricheskiy_krepej/bolty/396932/
396933,"Болт М10x100 мм, кл. пр. 10,9, ГОСТ 7798-70, ГОСТ 7805-70, DIN 931, Беларусь",288,krepej_i_takelaj/metricheskiy_krepej/bolty,https://optorg.ru/catalog/krepej_i_takelaj/metricheskiy_krepej/bolty/396933/
396934,"Болт М8x50 мм, кл. пр. 10,9, ГОСТ Р ИСО 4014-2013 (7798-70, 7805-70), DIN 931, Беларусь",289,krepej_i_takelaj/metricheskiy_krepej/bolty,https://optorg.ru/catalog/krepej_i_takelaj/metricheskiy_krepej/bolty/396934/
396936,"Болт М12x110 мм, кл. пр. 10,9, ГОСТ 7798-70, ГОСТ 7805-70, DIN 931, Беларусь",290,krepej_i_takelaj/metricheskiy_krepej/bolty,https://optorg.ru/catalog/krepej_i_takelaj/metricheskiy_krepej/bolty/396936/
396937,"Болт М12x60 мм, кл. пр. 10,9, ГОСТ 7798-70, ГОСТ 7805-70, DIN 931, Беларусь",290,krepej_i_takelaj/metricheskiy_krepej/bolty,https://optorg.ru/catalog/krepej_i_takelaj/metricheskiy_krepej/bolty/396937/
396938,"Болт М12x80 мм, кл. пр. 10,9, ГОСТ 7798-70, ГОСТ 7805-70, DIN 931, Беларусь",290,krepej_i_takelaj/metricheskiy_krepej/bolty,https://optorg.ru/catalog/krepej_i_takelaj/metricheskiy_krepej/bolty/396938/
396939,"Болт М12x90 мм, кл. пр. 10,9, ГОСТ 7798-70, ГОСТ 7805-70, DIN 931, Беларусь",290,krepej_i_takelaj/metricheskiy_krepej/bolty,https://optorg.ru/catalog/krepej_i_takelaj/metricheskiy_krepej/bolty/396939/
396940,"Болт М12x150 мм, кл. пр. 10,9, ГОСТ 7798-70, ГОСТ 7805-70, DIN 931, Беларусь",290,krepej_i_takelaj/metricheskiy_krepej/bolty,https://optorg.ru/catalog/krepej_i_takelaj/metricheskiy_krepej/bolty/396940/
396941,"Болт М12x100 мм, кл. пр. 10,9, ГОСТ 7798-70, ГОСТ 7805-70, DIN 931, Беларусь",290,krepej_i_takelaj/metricheskiy_krepej/bolty,https://optorg.ru/catalog/krepej_i_takelaj/metricheskiy_krepej/bolty/396941/
396942,"Болт М12x120 мм, кл. пр. 10,9, ГОСТ 7798-70, ГОСТ 7805-70, DIN 931, Беларусь",290,krepej_i_takelaj/metricheskiy_krepej/bolty,https://optorg.ru/catalog/krepej_i_takelaj/metricheskiy_krepej/bolty/396942/
396945,"Болт М16x60 мм, кл. пр. 10,9, ГОСТ Р ИСО 4014-2013 (7798-70, 7805-70), DIN 931, Беларусь",298,krepej_i_takelaj/metricheskiy_krepej/bolty,https://optorg.ru/catalog/krepej_i_takelaj/metricheskiy_krepej/bolty/396945/
396946,"Болт М16x50 мм, кл. пр. 10,9, ГОСТ Р ИСО 4014-2013 (7798-70, 7805-70), DIN 931, Беларусь",298,krepej_i_takelaj/metricheskiy_krepej/bolty,https://optorg.ru/catalog/krepej_i_takelaj/metricheskiy_krepej/bolty/396946/
396949,"Болт М16x140 мм, кл. пр. 10,9, ГОСТ Р ИСО 4014-2013 (7798-70, 7805-70), DIN 931, Беларусь",298,krepej_i_takelaj/metricheskiy_krepej/bolty,https://optorg.ru/catalog/krepej_i_takelaj/metricheskiy_krepej/bolty/396949/
396951,"Болт М16x100 мм, кл. пр. 10,9, ГОСТ Р ИСО 4014-2013 (7798-70, 7805-70), DIN 931, Беларусь",298,krepej_i_takelaj/metricheskiy_krepej/bolty,https://optorg.ru/catalog/krepej_i_takelaj/metricheskiy_krepej/bolty/396951/
396953,"Болт М20x140 мм, кл. пр. 10,9, DIN 931, Китай",344,krepej_i_takelaj/metricheskiy_krepej/bolty,https://optorg.ru/catalog/krepej_i_takelaj/metricheskiy_krepej/bolty/396953/
396960,"Болт М20x40 мм, полная резьба, кл. пр. 10,9, DIN 931, Китай",344,krepej_i_takelaj/metricheskiy_krepej/bolty,https://optorg.ru/catalog/krepej_i_takelaj/metricheskiy_krepej/bolty/396960/
396967,"Болт М22x110 мм, цинк, кл. пр. 10,9, DIN 931, Китай",358,krepej_i_takelaj/metricheskiy_krepej/bolty,https://optorg.ru/catalog/krepej_i_takelaj/metricheskiy_krepej/bolty/396967/
397089,"Болт М8x40 мм, кл. пр. 10,9, ГОСТ Р ИСО 4014-2013 (7798-70, 7805-70), DIN 931, Беларусь",289,krepej_i_takelaj/metricheskiy_krepej/bolty,https://optorg.ru/catalog/krepej_i_takelaj/metricheskiy_krepej/bolty/397089/
397090,"Болт М14x40 мм, кл. пр. 8,8, ГОСТ Р ИСО 4014-2013 (7798-70, 7805-70), DIN 931, Беларусь",284,krepej_i_takelaj/metricheskiy_krepej/bolty,https://optorg.ru/catalog/krepej_i_takelaj/metricheskiy_krepej/bolty/397090/
397092,"Болт М8x60 мм, кл. пр. 10,9, ГОСТ Р ИСО 4014-2013 (7798-70, 7805-70), DIN 931, Беларусь",289,krepej_i_takelaj/metricheskiy_krepej/bolty,https://optorg.ru/catalog/krepej_i_takelaj/metricheskiy_krepej/bolty/397092/
397093,"Болт М10x60 мм, кл. пр. 10,9, ГОСТ 7798-70, ГОСТ 7805-70, DIN 931, Беларусь",288,krepej_i_takelaj/metricheskiy_krepej/bolty,https://optorg.ru/catalog/krepej_i_takelaj/metricheskiy_krepej/bolty/397093/
397097,"Болт М12x35 мм, кл. пр. 10,9, ГОСТ 7798-70, ГОСТ 7805-70, DIN 931, Беларусь",290,krepej_i_takelaj/metricheskiy_krepej/bolty,https://optorg.ru/catalog/krepej_i_takelaj/metricheskiy_krepej/bolty/397097/
402125,"Болт М24x110 мм, кл. пр. 8,8, DIN 931, Китай",298,krepej_i_takelaj/metricheskiy_krepej/bolty,https://optorg.ru/catalog/krepej_i_takelaj/metricheskiy_krepej/bolty/402125/
402127,"Болт М24x130 мм, цинк, ГОСТ Р ИСО 4014-2013 (7798-70, 7805-70), DIN 931, Россия",217,krepej_i_takelaj/metricheskiy_krepej/bolty,https://optorg.ru/catalog/krepej_i_takelaj/metricheskiy_krepej/bolty/402127/
402128,"Болт М24x110 мм, цинк, ГОСТ Р ИСО 4014-2013 (7798-70, 7805-70), DIN 931, Россия",217,krepej_i_takelaj/metricheskiy_krepej/bolty,https://optorg.ru/catalog/krepej_i_takelaj/metricheskiy_krepej/bolty/402128/
418190,"Болт М10x25 мм, полная резьба, кл. пр. 10,9, ГОСТ 7798-70, ГОСТ 7805-70, DIN 931, Беларусь",288,krepej_i_takelaj/metricheskiy_krepej/bolty,https://optorg.ru/catalog/krepej_i_takelaj/metricheskiy_krepej/bolty/418190/
418191,"Болт М12x130 мм, кл. пр. 10,9, ГОСТ 7798-70, ГОСТ 7805-70, DIN 931, Беларусь",290,krepej_i_takelaj/metricheskiy_krepej/bolty,https://optorg.ru/catalog/krepej_i_takelaj/metricheskiy_krepej/bolty/418191/
418577,"Болт М12x140 мм, ГОСТ 7798-70, ГОСТ 7805-70, DIN 931, Беларусь",193,krepej_i_takelaj/metricheskiy_krepej/bolty,https://optorg.ru/catalog/krepej_i_takelaj/metricheskiy_krepej/bolty/418577/
420466,"Болт М30x150 мм, кл. пр. 8,8, ГОСТ Р ИСО 4014-2013 (7798-70, 7805-70), DIN 931, Россия",370,krepej_i_takelaj/metricheskiy_krepej/bolty,https://optorg.ru/catalog/krepej_i_takelaj/metricheskiy_krepej/bolty/420466/
420580,"Болт М18x90 мм, кл. пр. 8,8, DIN 931, Китай",330,krepej_i_takelaj/metricheskiy_krepej/bolty,https://optorg.ru/catalog/krepej_i_takelaj/metricheskiy_krepej/bolty/420580/
420584,"Болт М22x100 мм, кл. пр. 8,8, DIN 931, Китай",358,krepej_i_takelaj/metricheskiy_krepej/bolty,https://optorg.ru/catalog/krepej_i_takelaj/metricheskiy_krepej/bolty/420584/
420596,"Болт М30x130 мм, кл. пр. 8,8, DIN 931, Китай",370,krepej_i_takelaj/metricheskiy_krepej/bolty,https://optorg.ru/catalog/krepej_i_takelaj/metricheskiy_krepej/bolty/420596/
420597,"Болт М30x130 мм, кл. пр. 8,8, ГОСТ Р ИСО 4014-2013 (7798-70, 7805-70), DIN 931, Россия",370,krepej_i_takelaj/metricheskiy_krepej/bolty,https://optorg.ru/catalog/krepej_i_takelaj/metricheskiy_krepej/bolty/420597/
420598,"Болт М30x120 мм, кл. пр. 8,8, DIN 931, Китай",370,krepej_i_takelaj/metricheskiy_krepej/bolty,https://optorg.ru/catalog/krepej_i_takelaj/metricheskiy_krepej/bolty/420598/
420599,"Болт М30x190 мм, кл. пр. 8,8, DIN 931, Китай",370,krepej_i_takelaj/metricheskiy_krepej/bolty,https://optorg.ru/catalog/krepej_i_takelaj/metricheskiy_krepej/bolty/420599/
420605,"Болт М8x25 мм, кл. пр. 10,9, ГОСТ Р ИСО 4014-2013 (7798-70, 7805-70), DIN 931, Беларусь",289,krepej_i_takelaj/metricheskiy_krepej/bolty,https://optorg.ru/catalog/krepej_i_takelaj/metricheskiy_krepej/bolty/420605/
420606,"Болт М8x20 мм, полная резьба, кл. пр. 10,9, ГОСТ Р ИСО 4014-2013 (7798-70, 7805-70), DIN 931, Беларусь",289,krepej_i_takelaj/metricheskiy_krepej/bolty,https://optorg.ru/catalog/krepej_i_takelaj/metricheskiy_krepej/bolty/420606/
420607,"Болт М8x30 мм, кл. пр. 10,9, ГОСТ Р ИСО 4014-2013 (7798-70, 7805-70), DIN 931, Беларусь",289,krepej_i_takelaj/metricheskiy_krepej/bolty,https://optorg.ru/catalog/krepej_i_takelaj/metricheskiy_krepej/bolty/420607/
420608,"Болт М8x70 мм, кл. пр. 10,9, ГОСТ Р ИСО 4014-2013 (7798-70, 7805-70), DIN 931, Беларусь",289,krepej_i_takelaj/metricheskiy_krepej/bolty,https://optorg.ru/catalog/krepej_i_takelaj/metricheskiy_krepej/bolty/420608/
420609,"Болт М8x80 мм, кл. пр. 10,9, ГОСТ Р ИСО 4014-2013 (7798-70, 7805-70), DIN 931, Беларусь",289,krepej_i_takelaj/metricheskiy_krepej/bolty,https://optorg.ru/catalog/krepej_i_takelaj/metricheskiy_krepej/bolty/420609/
420610,"Болт М10x110 мм, кл. пр. 10,9, ГОСТ 7798-70, ГОСТ 7805-70, DIN 931, Беларусь",288,krepej_i_takelaj/metricheskiy_krepej/bolty,https://optorg.ru/catalog/krepej_i_takelaj/metricheskiy_krepej/bolty/420610/
420611,"Болт М10x90 мм, кл. пр. 10,9, ГОСТ 7798-70, ГОСТ 7805-70, DIN 931, Беларусь",288,krepej_i_takelaj/metricheskiy_krepej/bolty,https://optorg.ru/catalog/krepej_i_takelaj/metricheskiy_krepej/bolty/420611/
420612,"Болт М12x70 мм, кл. пр. 10,9, ГОСТ 7798-70, ГОСТ 7805-70, DIN 931, Беларусь",290,krepej_i_takelaj/metricheskiy_krepej/bolty,https://optorg.ru/catalog/krepej_i_takelaj/metricheskiy_krepej/bolty/420612/
420613,"Болт М14x40 мм, кл. пр. 10,9, ГОСТ Р ИСО 4014-2013 (7798-70, 7805-70), DIN 931, Беларусь",317,krepej_i_takelaj/metricheskiy_krepej/bolty,https://optorg.ru/catalog/krepej_i_takelaj/metricheskiy_krepej/bolty/420613/
420644,"Болт М16x55 мм, кл. пр. 10,9, ГОСТ Р ИСО 4014-2013 (7798-70, 7805-70), DIN 931, Беларусь",298,krepej_i_takelaj/metricheskiy_krepej/bolty,https://optorg.ru/catalog/krepej_i_takelaj/metricheskiy_krepej/bolty/420644/
420646,"Болт М16x120 мм, кл. пр. 10,9, ГОСТ Р ИСО 4014-2013 (7798-70, 7805-70), DIN 931, Беларусь",298,krepej_i_takelaj/metricheskiy_krepej/bolty,https://optorg.ru/catalog/krepej_i_takelaj/metricheskiy_krepej/bolty/420646/
420647,"Болт М16x80 мм, кл. пр. 10,9, ГОСТ Р ИСО 4014-2013 (7798-70, 7805-70), DIN 931, Беларусь",298,krepej_i_takelaj/metricheskiy_krepej/bolty,https://optorg.ru/catalog/krepej_i_takelaj/metricheskiy_krepej/bolty/420647/
420648,"Болт М16x110 мм, кл. пр. 10,9, ГОСТ Р ИСО 4014-2013 (7798-70, 7805-70), DIN 931, Беларусь",298,krepej_i_takelaj/metricheskiy_krepej/bolty,https://optorg.ru/catalog/krepej_i_takelaj/metricheskiy_krepej/bolty/420648/
420649,"Болт М18x120 мм, кл. пр. 10,9, DIN 931, Китай",358,krepej_i_takelaj/metricheskiy_krepej/bolty,https://optorg.ru/catalog/krepej_i_takelaj/metricheskiy_krepej/bolty/420649/
420650,"Болт М16x150 мм, кл. пр. 10,9, ГОСТ Р ИСО 4014-2013 (7798-70, 7805-70), DIN 931, Беларусь",298,krepej_i_takelaj/metricheskiy_krepej/bolty,https://optorg.ru/catalog/krepej_i_takelaj/metricheskiy_krepej/bolty/420650/
420653,"Болт М22x140 мм, кл. пр. 10,9, DIN 931, Китай",358,krepej_i_takelaj/metricheskiy_krepej/bolty,https://optorg.ru/catalog/krepej_i_takelaj/metricheskiy_krepej/bolty/420653/
420654,"Болт М27x110 мм, кл. пр. 10,9, DIN 931, Китай",415,krepej_i_takelaj/metricheskiy_krepej/bolty,https://optorg.ru/catalog/krepej_i_takelaj/metricheskiy_krepej/bolty/420654/
420655,"Болт М22x120 мм, полная резьба, кл. пр. 10,9, DIN 933, Китай",358,krepej_i_takelaj/metricheskiy_krepej/bolty,https://optorg.ru/catalog/krepej_i_takelaj/metricheskiy_krepej/bolty/420655/
421300,"Болт М8x50 мм, полная резьба, нерж. сталь А2, DIN 933",720,krepej_i_takelaj/metricheskiy_krepej/bolty,https://optorg.ru/catalog/krepej_i_takelaj/metricheskiy_krepej/bolty/421300/
421306,"Болт М5x40 мм, полная резьба, нерж. сталь А2, DIN 933",930,krepej_i_takelaj/metricheskiy_krepej/bolty,https://optorg.ru/catalog/krepej_i_takelaj/metricheskiy_krepej/bolty/421306/
421314,"Болт М8x80 мм, полная резьба, нерж. сталь А2, DIN 933",720,krepej_i_takelaj/metricheskiy_krepej/bolty,https://optorg.ru/catalog/krepej_i_takelaj/metricheskiy_krepej/bolty/421314/
421316,"Болт М10x60 мм, полная резьба, нерж. сталь А2, DIN 933",645,krepej_i_takelaj/metricheskiy_krepej/bolty,https://optorg.ru/catalog/krepej_i_takelaj/metricheskiy_krepej/bolty/421316/
421323,"Болт М5x30 мм, полная резьба, нерж. сталь А2, DIN 933",930,krepej_i_takelaj/metricheskiy_krepej/bolty,https://optorg.ru/catalog/krepej_i_takelaj/metricheskiy_krepej/bolty/421323/
421332,"Болт М10x25 мм, полная резьба, нерж. сталь А2, DIN 933",645,krepej_i_takelaj/metricheskiy_krepej/bolty,https://optorg.ru/catalog/krepej_i_takelaj/metricheskiy_krepej/bolty/421332/
421335,"Болт М6x60 мм, полная резьба, нерж. сталь А2, DIN 933",855,krepej_i_takelaj/metricheskiy_krepej/bolty,https://optorg.ru/catalog/krepej_i_takelaj/metricheskiy_krepej/bolty/421335/
421336,"Болт М8x60 мм, полная резьба, нерж. сталь А2, DIN 933",720,krepej_i_takelaj/metricheskiy_krepej/bolty,https://optorg.ru/catalog/krepej_i_takelaj/metricheskiy_krepej/bolty/421336/
421337,"Болт М10x100 мм, полная резьба, нерж. сталь А2, DIN 933",645,krepej_i_takelaj/metricheskiy_krepej/bolty,https://optorg.ru/catalog/krepej_i_takelaj/metricheskiy_krepej/bolty/421337/
421341,"Болт М10x20 мм, полная резьба, нерж. сталь А2, DIN 933",645,krepej_i_takelaj/metricheskiy_krepej/bolty,https://optorg.ru/catalog/krepej_i_takelaj/metricheskiy_krepej/bolty/421341/
421345,"Болт М6x40 мм, полная резьба, нерж. сталь А2, DIN 933",855,krepej_i_takelaj/metricheskiy_krepej/bolty,https://optorg.ru/catalog/krepej_i_takelaj/metricheskiy_krepej/bolty/421345/
421349,"Болт М5x12 мм, полная резьба, нерж. сталь А2, DIN 933",930,krepej_i_takelaj/metricheskiy_krepej/bolty,https://optorg.ru/catalog/krepej_i_takelaj/metricheskiy_krepej/bolty/421349/
421352,"Болт М6x16 мм, полная резьба, нерж. сталь А2, DIN 933",855,krepej_i_takelaj/metricheskiy_krepej/bolty,https://optorg.ru/catalog/krepej_i_takelaj/metricheskiy_krepej/bolty/421352/
421360,"Болт М10x80 мм, полная резьба, нерж. сталь А2, DIN 933",645,krepej_i_takelaj/metricheskiy_krepej/bolty,https://optorg.ru/catalog/krepej_i_takelaj/metricheskiy_krepej/bolty/421360/
421361,"Болт М4x30 мм, полная резьба, нерж. сталь А2, DIN 933",1470,krepej_i_takelaj/metricheskiy_krepej/bolty,https://optorg.ru/catalog/krepej_i_takelaj/metricheskiy_krepej/bolty/421361/
421362,"Болт М5x50 мм, полная резьба, нерж. сталь А2, DIN 933",930,krepej_i_takelaj/metricheskiy_krepej/bolty,https://optorg.ru/catalog/krepej_i_takelaj/metricheskiy_krepej/bolty/421362/
421364,"Болт М6x50 мм, полная резьба, нерж. сталь А2, DIN 933",855,krepej_i_takelaj/metricheskiy_krepej/bolty,https://optorg.ru/catalog/krepej_i_takelaj/metricheskiy_krepej/bolty/421364/
421366,"Болт М10x50 мм, полная резьба, нерж. сталь А2, DIN 933",645,krepej_i_takelaj/metricheskiy_krepej/bolty,https://optorg.ru/catalog/krepej_i_takelaj/metricheskiy_krepej/bolty/421366/
421370,"Болт М8x30 мм, полная резьба, нерж. сталь А2, DIN 933",720,krepej_i_takelaj/metricheskiy_krepej/bolty,https://optorg.ru/catalog/krepej_i_takelaj/metricheskiy_krepej/bolty/421370/
421371,"Болт М6x20 мм, полная резьба, нерж. сталь А2, DIN 933",855,krepej_i_takelaj/metricheskiy_krepej/bolty,https://optorg.ru/catalog/krepej_i_takelaj/metricheskiy_krepej/bolty/421371/
421375,"Болт М8x20 мм, полная резьба, нерж. сталь А2, DIN 933",720,krepej_i_takelaj/metricheskiy_krepej/bolty,https://optorg.ru/catalog/krepej_i_takelaj/metricheskiy_krepej/bolty/421375/
421377,"Болт М4x40 мм, полная резьба, нерж. сталь А2, DIN 933",1470,krepej_i_takelaj/metricheskiy_krepej/bolty,https://optorg.ru/catalog/krepej_i_takelaj/metricheskiy_krepej/bolty/421377/
421381,"Болт М4x20 мм, полная резьба, нерж. сталь А2, DIN 933",1470,krepej_i_takelaj/metricheskiy_krepej/bolty,https://optorg.ru/catalog/krepej_i_takelaj/metricheskiy_krepej/bolty/421381/
421382,"Болт М10x45 мм, полная резьба, нерж. сталь А2, DIN 933",645,krepej_i_takelaj/metricheskiy_krepej/bolty,https://optorg.ru/catalog/krepej_i_takelaj/metricheskiy_krepej/bolty/421382/
421394,"Болт М10x35 мм, полная резьба, нерж. сталь А2, DIN 933",645,krepej_i_takelaj/metricheskiy_krepej/bolty,https://optorg.ru/catalog/krepej_i_takelaj/metricheskiy_krepej/bolty/421394/
421395,"Болт М4x10 мм, полная резьба, нерж. сталь А2, DIN 933",1470,krepej_i_takelaj/metricheskiy_krepej/bolty,https://optorg.ru/catalog/krepej_i_takelaj/metricheskiy_krepej/bolty/421395/
421407,"Болт М6x12 мм, полная резьба, нерж. сталь А2, DIN 933",855,krepej_i_takelaj/metricheskiy_krepej/bolty,https://optorg.ru/catalog/krepej_i_takelaj/metricheskiy_krepej/bolty/421407/
421412,"Болт М10x30 мм, полная резьба, нерж. сталь А2, DIN 933",645,krepej_i_takelaj/metricheskiy_krepej/bolty,https://optorg.ru/catalog/krepej_i_takelaj/metricheskiy_krepej/bolty/421412/
421413,"Болт М8x25 мм, полная резьба, нерж. сталь А2, DIN 933",720,krepej_i_takelaj/metricheskiy_krepej/bolty,https://optorg.ru/catalog/krepej_i_takelaj/metricheskiy_krepej/bolty/421413/
421414,"Болт М6x30 мм, полная резьба, нерж. сталь А2, DIN 933",855,krepej_i_takelaj/metricheskiy_krepej/bolty,https://optorg.ru/catalog/krepej_i_takelaj/metricheskiy_krepej/bolty/421414/
421427,"Болт М8x40 мм, полная резьба, нерж. сталь А2, DIN 933",720,krepej_i_takelaj/metricheskiy_krepej/bolty,https://optorg.ru/catalog/krepej_i_takelaj/metricheskiy_krepej/bolty/421427/
421694,"Болт М10x40 мм, полная резьба, нерж. сталь А2, DIN 933",645,krepej_i_takelaj/metricheskiy_krepej/bolty,https://optorg.ru/catalog/krepej_i_takelaj/metricheskiy_krepej/bolty/421694/
421953,"Болт М5x10 мм, полная резьба, нерж. сталь А2, DIN 933",930,krepej_i_takelaj/metricheskiy_krepej/bolty,https://optorg.ru/catalog/krepej_i_takelaj/metricheskiy_krepej/bolty/421953/
421954,"Болт М5x20 мм, полная резьба, нерж. сталь А2, DIN 933",930,krepej_i_takelaj/metricheskiy_krepej/bolty,https://optorg.ru/catalog/krepej_i_takelaj/metricheskiy_krepej/bolty/421954/
421966,"Болт М8x16 мм, полная резьба, нерж. сталь А2, DIN 933",720,krepej_i_takelaj/metricheskiy_krepej/bolty,https://optorg.ru/catalog/krepej_i_takelaj/metricheskiy_krepej/bolty/421966/
422076,"Болт М5x16 мм, полная резьба, нерж. сталь А2, DIN 933",930,krepej_i_takelaj/metricheskiy_krepej/bolty,https://optorg.ru/catalog/krepej_i_takelaj/metricheskiy_krepej/bolty/422076/
422451,"Болт М10x80 мм, кл. пр. 10,9, ГОСТ 7798-70, ГОСТ 7805-70, DIN 931, Беларусь",288,krepej_i_takelaj/metricheskiy_krepej/bolty,https://optorg.ru/catalog/krepej_i_takelaj/metricheskiy_krepej/bolty/422451/
422459,"Болт М16x180 мм, кл. пр. 10,9, DIN 931, Китай",298,krepej_i_takelaj/metricheskiy_krepej/bolty,https://optorg.ru/catalog/krepej_i_takelaj/metricheskiy_krepej/bolty/422459/
422468,"Болт М20x200 мм, кл. пр. 8,8, DIN 931, Китай",315,krepej_i_takelaj/metricheskiy_krepej/bolty,https://optorg.ru/catalog/krepej_i_takelaj/metricheskiy_krepej/bolty/422468/
425766,"Болт М16x50 мм, цинк, полная резьба, кл. пр. 10,9, ГОСТ Р ИСО 4017-2013 (7798-70, 7805-70), DIN 933, Беларусь",316,krepej_i_takelaj/metricheskiy_krepej/bolty,https://optorg.ru/catalog/krepej_i_takelaj/metricheskiy_krepej/bolty/425766/
425767,"Болт М12x70 мм, цинк, полная резьба, кл. пр. 10,9, ГОСТ 7798-70, ГОСТ 7805-70, DIN 933, Беларусь",308,krepej_i_takelaj/metricheskiy_krepej/bolty,https://optorg.ru/catalog/krepej_i_takelaj/metricheskiy_krepej/bolty/425767/
425768,"Болт М16x60 мм, цинк, полная резьба, кл. пр. 10,9, ГОСТ Р ИСО 4017-2013 (7798-70, 7805-70), DIN 933, Беларусь",316,krepej_i_takelaj/metricheskiy_krepej/bolty,https://optorg.ru/catalog/krepej_i_takelaj/metricheskiy_krepej/bolty/425768/
425865,"Болт М14x90 мм, ГОСТ Р ИСО 4014-2013 (7798-70, 7805-70), DIN 931, Беларусь",204,krepej_i_takelaj/metricheskiy_krepej/bolty,https://optorg.ru/catalog/krepej_i_takelaj/metricheskiy_krepej/bolty/425865/
426015,"Болт М10x45 мм лемешный, DIN 608, Китай",263,krepej_i_takelaj/metricheskiy_krepej/bolty,https://optorg.ru/catalog/krepej_i_takelaj/metricheskiy_krepej/bolty/426015/
426278,"Болт М14x30 мм, цинк, полная резьба, DIN 933, Китай",229,krepej_i_takelaj/metricheskiy_krepej/bolty,https://optorg.ru/catalog/krepej_i_takelaj/metricheskiy_krepej/bolty/426278/
426398,"Болт М24x140 мм, кл. пр. 8,8, DIN 931, Китай",336,krepej_i_takelaj/metricheskiy_krepej/bolty,https://optorg.ru/catalog/krepej_i_takelaj/metricheskiy_krepej/bolty/426398/
427087,"Болт М8x65 мм, полная резьба, нерж. сталь А2, DIN 933",720,krepej_i_takelaj/metricheskiy_krepej/bolty,https://optorg.ru/catalog/krepej_i_takelaj/metricheskiy_krepej/bolty/427087/
427232,"Болт М6x70 мм, полная резьба, нерж. сталь А2, DIN 933",855,krepej_i_takelaj/metricheskiy_krepej/bolty,https://optorg.ru/catalog/krepej_i_takelaj/metricheskiy_krepej/bolty/427232/
429583,"Болт М10x35 мм лемешный, DIN 608, Китай",263,krepej_i_takelaj/metricheskiy_krepej/bolty,https://optorg.ru/catalog/krepej_i_takelaj/metricheskiy_krepej/bolty/429583/
429619,"Болт М12x80 мм лемешный, DIN 608, Китай",263,krepej_i_takelaj/metricheskiy_krepej/bolty,https://optorg.ru/catalog/krepej_i_takelaj/metricheskiy_krepej/bolty/429619/
429693,"Болт М10x65 мм, цинк, полная резьба, DIN 933, Китай",205,krepej_i_takelaj/metricheskiy_krepej/bolty,https://optorg.ru/catalog/krepej_i_takelaj/metricheskiy_krepej/bolty/429693/
429697,"Болт М20x160 мм, кл. пр. 8,8, ГОСТ Р ИСО 4014-2013 (7798-70, 7805-70), DIN 931, Россия",315,krepej_i_takelaj/metricheskiy_krepej/bolty,https://optorg.ru/catalog/krepej_i_takelaj/metricheskiy_krepej/bolty/429697/
429713,"Болт М20x50 мм, цинк, полная резьба, DIN 933, Китай",213,krepej_i_takelaj/metricheskiy_krepej/bolty,https://optorg.ru/catalog/krepej_i_takelaj/metricheskiy_krepej/bolty/429713/
430061,"Болт М6x45 мм, цинк, полная резьба, ГОСТ Р ИСО 4017-2013 (7798-70, 7805-70), DIN 933, Беларусь",216,krepej_i_takelaj/metricheskiy_krepej/bolty,https://optorg.ru/catalog/krepej_i_takelaj/metricheskiy_krepej/bolty/430061/
431296,"Болт М12x70 мм, DIN 931, Китай",192,krepej_i_takelaj/metricheskiy_krepej/bolty,https://optorg.ru/catalog/krepej_i_takelaj/metricheskiy_krepej/bolty/431296/
431297,"Болт М14x65 мм, ГОСТ Р ИСО 4014-2013 (7798-70, 7805-70), DIN 931, Беларусь",204,krepej_i_takelaj/metricheskiy_krepej/bolty,https://optorg.ru/catalog/krepej_i_takelaj/metricheskiy_krepej/bolty/431297/
431323,"Болт М14x75 мм, цинк, полная резьба, DIN 933, Китай",226,krepej_i_takelaj/metricheskiy_krepej/bolty,https://optorg.ru/catalog/krepej_i_takelaj/metricheskiy_krepej/bolty/431323/
431890,"Болт М24x300 мм, DIN 931, Китай",256,krepej_i_takelaj/metricheskiy_krepej/bolty,https://optorg.ru/catalog/krepej_i_takelaj/metricheskiy_krepej/bolty/431890/
432066,"Болт М27x120 мм, DIN 931, Китай",243,krepej_i_takelaj/metricheskiy_krepej/bolty,https://optorg.ru/catalog/krepej_i_takelaj/metricheskiy_krepej/bolty/432066/
432208,"Болт М14x60 мм, ГОСТ Р ИСО 4014-2013 (7798-70, 7805-70), DIN 931, Беларусь",204,krepej_i_takelaj/metricheskiy_krepej/bolty,https://optorg.ru/catalog/krepej_i_takelaj/metricheskiy_krepej/bolty/432208/
432799,"Болт М8x20 мм, цинк, полная резьба, кл. пр. 10,9, ГОСТ Р ИСО 4014-2013 (7798-70, 7805-70), DIN 931, Беларусь",307,krepej_i_takelaj/metricheskiy_krepej/bolty,https://optorg.ru/catalog/krepej_i_takelaj/metricheskiy_krepej/bolty/432799/
432840,"Болт М12x150 мм, кл. пр. 10,9, DIN 931, Китай",290,krepej_i_takelaj/metricheskiy_krepej/bolty,https://optorg.ru/catalog/krepej_i_takelaj/metricheskiy_krepej/bolty/432840/
432842,"Болт М12x25 мм, полная резьба, кл. пр. 10,9, ГОСТ 7798-70, ГОСТ 7805-70, DIN 931, Беларусь",290,krepej_i_takelaj/metricheskiy_krepej/bolty,https://optorg.ru/catalog/krepej_i_takelaj/metricheskiy_krepej/bolty/432842/
432843,"Болт М20x80 мм, кл. пр. 10,9, DIN 931, Китай",344,krepej_i_takelaj/metricheskiy_krepej/bolty,https://optorg.ru/catalog/krepej_i_takelaj/metricheskiy_krepej/bolty/432843/
438098,"Болт М10x110 мм, кл. пр. 8,8, ГОСТ 7798-70, ГОСТ 7805-70, DIN 931, Беларусь",243,krepej_i_takelaj/metricheskiy_krepej/bolty,https://optorg.ru/catalog/krepej_i_takelaj/metricheskiy_krepej/bolty/438098/
438244,"Болт М36x170 мм, DIN 931, Китай",258,krepej_i_takelaj/metricheskiy_krepej/bolty,https://optorg.ru/catalog/krepej_i_takelaj/metricheskiy_krepej/bolty/438244/
438246,"Болт М30x120 мм, DIN 931, Китай",212,krepej_i_takelaj/metricheskiy_krepej/bolty,https://optorg.ru/catalog/krepej_i_takelaj/metricheskiy_krepej/bolty/438246/
438796,"Болт М16x30 мм, полная резьба, кл. пр. 10,9, ГОСТ Р ИСО 4014-2013 (7798-70, 7805-70), DIN 931, Беларусь",298,krepej_i_takelaj/metricheskiy_krepej/bolty,https://optorg.ru/catalog/krepej_i_takelaj/metricheskiy_krepej/bolty/438796/
438797,"Болт М20x55 мм, кл. пр. 8,8, ГОСТ Р ИСО 4014-2013 (7798-70, 7805-70), DIN 931, Россия",315,krepej_i_takelaj/metricheskiy_krepej/bolty,https://optorg.ru/catalog/krepej_i_takelaj/metricheskiy_krepej/bolty/438797/
438798,"Болт М24x75 мм, кл. пр. 8,8, ГОСТ Р ИСО 4014-2013 (7798-70, 7805-70), DIN 931, Россия",298,krepej_i_takelaj/metricheskiy_krepej/bolty,https://optorg.ru/catalog/krepej_i_takelaj/metricheskiy_krepej/bolty/438798/
439237,"Болт М12x50 мм, цинк, полная резьба, кл. пр. 10,9, ГОСТ 7798-70, ГОСТ 7805-70, DIN 933, Беларусь",308,krepej_i_takelaj/metricheskiy_krepej/bolty,https://optorg.ru/catalog/krepej_i_takelaj/metricheskiy_krepej/bolty/439237/
439238,"Болт М12x25 мм, цинк, полная резьба, кл. пр. 10,9, ГОСТ 7798-70, ГОСТ 7805-70, DIN 933, Беларусь",308,krepej_i_takelaj/metricheskiy_krepej/bolty,https://optorg.ru/catalog/krepej_i_takelaj/metricheskiy_krepej/bolty/439238/
439241,"Болт М16x70 мм, цинк, полная резьба, кл. пр. 10,9, ГОСТ Р ИСО 4017-2013 (7798-70, 7805-70), DIN 933, Беларусь",316,krepej_i_takelaj/metricheskiy_krepej/bolty,https://optorg.ru/catalog/krepej_i_takelaj/metricheskiy_krepej/bolty/439241/
439242,"Болт М12x100 мм, цинк, полная резьба, кл. пр. 10,9, ГОСТ 7798-70, ГОСТ 7805-70, DIN 933, Беларусь",308,krepej_i_takelaj/metricheskiy_krepej/bolty,https://optorg.ru/catalog/krepej_i_takelaj/metricheskiy_krepej/bolty/439242/
439420,"Болт М27x90 мм, кл. пр. 10,9, ГОСТ Р ИСО 4014-2013 (7798-70, 7805-70), DIN 931, Россия",415,krepej_i_takelaj/metricheskiy_krepej/bolty,https://optorg.ru/catalog/krepej_i_takelaj/metricheskiy_krepej/bolty/439420/
439439,"Болт М27x150 мм, DIN 931, Китай",243,krepej_i_takelaj/metricheskiy_krepej/bolty,https://optorg.ru/catalog/krepej_i_takelaj/metricheskiy_krepej/bolty/439439/
439440,"Болт М30x100 мм, DIN 931, Китай",212,krepej_i_takelaj/metricheskiy_krepej/bolty,https://optorg.ru/catalog/krepej_i_takelaj/metricheskiy_krepej/bolty/439440/
439793,"Болт М24x85 мм, цинк, кл. пр. 8,8, DIN 931, Китай",298,krepej_i_takelaj/metricheskiy_krepej/bolty,https://optorg.ru/catalog/krepej_i_takelaj/metricheskiy_krepej/bolty/439793/
439848,"Болт М27x70 мм, кл. пр. 10,9, ГОСТ Р 52644-2006, Россия",563,krepej_i_takelaj/metricheskiy_krepej/bolty,https://optorg.ru/catalog/krepej_i_takelaj/metricheskiy_krepej/bolty/439848/
439933,"Болт М4x16 мм, полная резьба, нерж. сталь А2, DIN 933",1470,krepej_i_takelaj/metricheskiy_krepej/bolty,https://optorg.ru/catalog/krepej_i_takelaj/metricheskiy_krepej/bolty/439933/
443559,"Болт М30x190 мм, кл. пр. 8,8, ГОСТ Р ИСО 4014-2013 (7798-70, 7805-70), DIN 931, Россия",370,krepej_i_takelaj/metricheskiy_krepej/bolty,https://optorg.ru/catalog/krepej_i_takelaj/metricheskiy_krepej/bolty/443559/
443571,"Болт М30x120 мм, кл. пр. 8,8, ГОСТ Р ИСО 4014-2013 (7798-70, 7805-70), DIN 931, Россия",370,krepej_i_takelaj/metricheskiy_krepej/bolty,https://optorg.ru/catalog/krepej_i_takelaj/metricheskiy_krepej/bolty/443571/
443756,"Болт М22x70 мм, кл. пр. 10,9, DIN 931, Китай",358,krepej_i_takelaj/metricheskiy_krepej/bolty,https://optorg.ru/catalog/krepej_i_takelaj/metricheskiy_krepej/bolty/443756/
443757,"Болт М22x100 мм, полная резьба, кл. пр. 10,9, DIN 933, Китай",358,krepej_i_takelaj/metricheskiy_krepej/bolty,https://optorg.ru/catalog/krepej_i_takelaj/metricheskiy_krepej/bolty/443757/
443764,"Болт М24x150 мм, кл. пр. 10,9, DIN 931, Китай",342,krepej_i_takelaj/metricheskiy_krepej/bolty,https://optorg.ru/catalog/krepej_i_takelaj/metricheskiy_krepej/bolty/443764/
443766,"Болт М10x120 мм, кл. пр. 10,9, ГОСТ 7798-70, ГОСТ 7805-70, DIN 931, Беларусь",288,krepej_i_takelaj/metricheskiy_krepej/bolty,https://optorg.ru/catalog/krepej_i_takelaj/metricheskiy_krepej/bolty/443766/
444438,"Болт М12x60 мм лемешный, кл. пр. 8,8, DIN 608, Китай",336,krepej_i_takelaj/metricheskiy_krepej/bolty,https://optorg.ru/catalog/krepej_i_takelaj/metricheskiy_krepej/bolty/444438/
444440,"Болт М12x40 мм лемешный, кл. пр. 8,8, DIN 608, Китай",336,krepej_i_takelaj/metricheskiy_krepej/bolty,https://optorg.ru/catalog/krepej_i_takelaj/metricheskiy_krepej/bolty/444440/
447751,"Болт М18x90 мм, кл. пр. 10,9, DIN 931, Китай",358,krepej_i_takelaj/metricheskiy_krepej/bolty,https://optorg.ru/catalog/krepej_i_takelaj/metricheskiy_krepej/bolty/447751/
447753,"Болт М14x60 мм, кл. пр. 10,9, DIN 931, Китай",317,krepej_i_takelaj/metricheskiy_krepej/bolty,https://optorg.ru/catalog/krepej_i_takelaj/metricheskiy_krepej/bolty/447753/
455645,"Болт М20x50 мм, цинк, полная резьба, ГОСТ Р ИСО 4017-2013 (7798-70, 7805-70), DIN 933, Россия",213,krepej_i_takelaj/metricheskiy_krepej/bolty,https://optorg.ru/catalog/krepej_i_takelaj/metricheskiy_krepej/bolty/455645/
459608,"Болт М4x12 мм, полная резьба, нерж. сталь А2, DIN 933",1470,krepej_i_takelaj/metricheskiy_krepej/bolty,https://optorg.ru/catalog/krepej_i_takelaj/metricheskiy_krepej/bolty/459608/
460287,"Болт М12x60 мм, цинк, полная резьба, кл. пр. 10,9, ГОСТ 7798-70, ГОСТ 7805-70, DIN 933, Беларусь",308,krepej_i_takelaj/metricheskiy_krepej/bolty,https://optorg.ru/catalog/krepej_i_takelaj/metricheskiy_krepej/bolty/460287/
460361,"Болт М10x60 мм, цинк, полная резьба, кл. пр. 10,9, ГОСТ 7798-70, ГОСТ 7805-70, DIN 933, Беларусь",306,krepej_i_takelaj/metricheskiy_krepej/bolty,https://optorg.ru/catalog/krepej_i_takelaj/metricheskiy_krepej/bolty/460361/
460362,"Болт М14x60 мм, кл. пр. 10,9, ГОСТ Р ИСО 4014-2013 (7798-70, 7805-70), DIN 931, Беларусь",317,krepej_i_takelaj/metricheskiy_krepej/bolty,https://optorg.ru/catalog/krepej_i_takelaj/metricheskiy_krepej/bolty/460362/
460363,"Болт М12x120 мм, кл. пр. 10,9, DIN 931, Китай",290,krepej_i_takelaj/metricheskiy_krepej/bolty,https://optorg.ru/catalog/krepej_i_takelaj/metricheskiy_krepej/bolty/460363/
460364,"Болт М20x160 мм, кл. пр. 10,9, DIN 931, Китай",344,krepej_i_takelaj/metricheskiy_krepej/bolty,https://optorg.ru/catalog/krepej_i_takelaj/metricheskiy_krepej/bolty/460364/
460365,"Болт М10x50 мм, цинк, полная резьба, кл. пр. 10,9, ГОСТ 7798-70, ГОСТ 7805-70, DIN 933, Беларусь",306,krepej_i_takelaj/metricheskiy_krepej/bolty,https://optorg.ru/catalog/krepej_i_takelaj/metricheskiy_krepej/bolty/460365/
461685,"Болт М10x25 мм, цинк, полная резьба, ГОСТ 7798-70, ГОСТ 7805-70, DIN 931, Россия",212,krepej_i_takelaj/metricheskiy_krepej/bolty,https://optorg.ru/catalog/krepej_i_takelaj/metricheskiy_krepej/bolty/461685/
461686,"Болт М16x60 мм, кл. пр. 8,8, ГОСТ Р ИСО 4014-2013 (7798-70, 7805-70), DIN 931, Беларусь",273,krepej_i_takelaj/metricheskiy_krepej/bolty,https://optorg.ru/catalog/krepej_i_takelaj/metricheskiy_krepej/bolty/461686/
461688,"Болт М18x110 мм, кл. пр. 8,8, DIN 931, Китай",330,krepej_i_takelaj/metricheskiy_krepej/bolty,https://optorg.ru/catalog/krepej_i_takelaj/metricheskiy_krepej/bolty/461688/
461695,"Болт М30x100 мм, кл. пр. 8,8, DIN 931, Китай",370,krepej_i_takelaj/metricheskiy_krepej/bolty,https://optorg.ru/catalog/krepej_i_takelaj/metricheskiy_krepej/bolty/461695/
461696,"Болт М20x50 мм, кл. пр. 10,9, DIN 931, Китай",344,krepej_i_takelaj/metricheskiy_krepej/bolty,https://optorg.ru/catalog/krepej_i_takelaj/metricheskiy_krepej/bolty/461696/
461697,"Болт М14x100 мм, кл. пр. 10,9, ГОСТ Р ИСО 4014-2013 (7798-70, 7805-70), DIN 931, Беларусь",317,krepej_i_takelaj/metricheskiy_krepej/bolty,https://optorg.ru/catalog/krepej_i_takelaj/metricheskiy_krepej/bolty/461697/
461706,"Болт М16x30 мм, цинк, полная резьба, ГОСТ Р ИСО 4014-2013 (7798-70, 7805-70), DIN 931, Россия",203,krepej_i_takelaj/metricheskiy_krepej/bolty,https://optorg.ru/catalog/krepej_i_takelaj/metricheskiy_krepej/bolty/461706/
461813,"Болт М10x200 мм, цинк, полная резьба, ГОСТ 7798-70, ГОСТ 7805-70, DIN 933, Россия",207,krepej_i_takelaj/metricheskiy_krepej/bolty,https://optorg.ru/catalog/krepej_i_takelaj/metricheskiy_krepej/bolty/461813/
461827,"Болт М16x60 мм, цинк, полная резьба, кл. пр. 10,9, DIN 933, Китай",316,krepej_i_takelaj/metricheskiy_krepej/bolty,https://optorg.ru/catalog/krepej_i_takelaj/metricheskiy_krepej/bolty/461827/
461832,"Болт М18x100 мм, кл. пр. 10,9, DIN 931, Китай",358,krepej_i_takelaj/metricheskiy_krepej/bolty,https://optorg.ru/catalog/krepej_i_takelaj/metricheskiy_krepej/bolty/461832/
461833,"Болт М14x130 мм, ГОСТ Р ИСО 4014-2013 (7798-70, 7805-70), DIN 931, Беларусь",204,krepej_i_takelaj/metricheskiy_krepej/bolty,https://optorg.ru/catalog/krepej_i_takelaj/metricheskiy_krepej/bolty/461833/
461939,"Болт М24x90 мм, цинк, DIN 931, Китай",217,krepej_i_takelaj/metricheskiy_krepej/bolty,https://optorg.ru/catalog/krepej_i_takelaj/metricheskiy_krepej/bolty/461939/
462036,"Болт М12x180 мм, цинк, полная резьба, DIN 933, Китай",214,krepej_i_takelaj/metricheskiy_krepej/bolty,https://optorg.ru/catalog/krepej_i_takelaj/metricheskiy_krepej/bolty/462036/
462041,"Болт М10x40 мм, кл. пр. 10,9, ГОСТ 7798-70, ГОСТ 7805-70, DIN 931, Беларусь",288,krepej_i_takelaj/metricheskiy_krepej/bolty,https://optorg.ru/catalog/krepej_i_takelaj/metricheskiy_krepej/bolty/462041/
462043,"Болт М24x120 мм, кл. пр. 10,9, ГОСТ Р ИСО 4014-2013 (7798-70, 7805-70), DIN 931, Россия",342,krepej_i_takelaj/metricheskiy_krepej/bolty,https://optorg.ru/catalog/krepej_i_takelaj/metricheskiy_krepej/bolty/462043/
462044,"Болт М12x45 мм, цинк, полная резьба, кл. пр. 10,9, DIN 933, Китай",308,krepej_i_takelaj/metricheskiy_krepej/bolty,https://optorg.ru/catalog/krepej_i_takelaj/metricheskiy_krepej/bolty/462044/
462045,"Болт М10x30 мм, кл. пр. 10,9, ГОСТ 7798-70, ГОСТ 7805-70, DIN 931, Беларусь",288,krepej_i_takelaj/metricheskiy_krepej/bolty,https://optorg.ru/catalog/krepej_i_takelaj/metricheskiy_krepej/bolty/462045/
462049,"Болт М16x160 мм, цинк, полная резьба, DIN 933, Китай",255,krepej_i_takelaj/metricheskiy_krepej/bolty,https://optorg.ru/catalog/krepej_i_takelaj/metricheskiy_krepej/bolty/462049/
462051,"Болт М10x35 мм, кл. пр. 10,9, ГОСТ 7798-70, ГОСТ 7805-70, DIN 931, Беларусь",288,krepej_i_takelaj/metricheskiy_krepej/bolty,https://optorg.ru/catalog/krepej_i_takelaj/metricheskiy_krepej/bolty/462051/
462054,"Болт М12x60 мм с полукруглой головой, цинк, DIN 603",204,krepej_i_takelaj/metricheskiy_krepej/bolty,https://optorg.ru/catalog/krepej_i_takelaj/metricheskiy_krepej/bolty/462054/
462056,"Болт М24x200 мм, кл. пр. 8,8, ГОСТ Р ИСО 4014-2013 (7798-70, 7805-70), DIN 931, Россия",336,krepej_i_takelaj/metricheskiy_krepej/bolty,https://optorg.ru/catalog/krepej_i_takelaj/metricheskiy_krepej/bolty/462056/
462063,"Болт М8x40 мм, кл. пр. 8,8, ГОСТ Р ИСО 4014-2013 (7798-70, 7805-70), DIN 931, Беларусь",260,krepej_i_takelaj/metricheskiy_krepej/bolty,https://optorg.ru/catalog/krepej_i_takelaj/metricheskiy_krepej/bolty/462063/
462064,"Болт М14x50 мм, кл. пр. 10,9, ГОСТ Р ИСО 4014-2013 (7798-70, 7805-70), DIN 931, Беларусь",317,krepej_i_takelaj/metricheskiy_krepej/bolty,https://optorg.ru/catalog/krepej_i_takelaj/metricheskiy_krepej/bolty/462064/
462068,"Болт М12x40 мм, цинк, полная резьба, кл. пр. 10,9, ГОСТ 7798-70, ГОСТ 7805-70, DIN 933, Беларусь",308,krepej_i_takelaj/metricheskiy_krepej/bolty,https://optorg.ru/catalog/krepej_i_takelaj/metricheskiy_krepej/bolty/462068/
462071,"Болт М16x160 мм, кл. пр. 10,9, ГОСТ Р ИСО 4014-2013 (7798-70, 7805-70), DIN 931, Россия",298,krepej_i_takelaj/metricheskiy_krepej/bolty,https://optorg.ru/catalog/krepej_i_takelaj/metricheskiy_krepej/bolty/462071/
462073,"Болт М12x45 мм, цинк, полная резьба, кл. пр. 10,9, ГОСТ 7798-70, ГОСТ 7805-70, DIN 933, Беларусь",308,krepej_i_takelaj/metricheskiy_krepej/bolty,https://optorg.ru/catalog/krepej_i_takelaj/metricheskiy_krepej/bolty/462073/
462079,"Болт М12x50 мм, кл. пр. 10,9, ГОСТ 7798-70, ГОСТ 7805-70, DIN 931, Беларусь",290,krepej_i_takelaj/metricheskiy_krepej/bolty,https://optorg.ru/catalog/krepej_i_takelaj/metricheskiy_krepej/bolty/462079/
462084,"Болт М16x160 мм, кл. пр. 10,9, DIN 931, Китай",298,krepej_i_takelaj/metricheskiy_krepej/bolty,https://optorg.ru/catalog/krepej_i_takelaj/metricheskiy_krepej/bolty/462084/
462839,"Болт М8x75 мм, цинк, полная резьба, DIN 933, Китай",207,krepej_i_takelaj/metricheskiy_krepej/bolty,https://optorg.ru/catalog/krepej_i_takelaj/metricheskiy_krepej/bolty/462839/
462840,"Болт М12x120 мм, DIN 931, Китай",193,krepej_i_takelaj/metricheskiy_krepej/bolty,https://optorg.ru/catalog/krepej_i_takelaj/metricheskiy_krepej/bolty/462840/
462841,"Болт М14x110 мм, ГОСТ Р ИСО 4014-2013 (7798-70, 7805-70), DIN 931, Беларусь",204,krepej_i_takelaj/metricheskiy_krepej/bolty,https://optorg.ru/catalog/krepej_i_takelaj/metricheskiy_krepej/bolty/462841/
463003,"Болт М14x100 мм, кл. пр. 10,9, DIN 931, Китай",317,krepej_i_takelaj/metricheskiy_krepej/bolty,https://optorg.ru/catalog/krepej_i_takelaj/metricheskiy_krepej/bolty/463003/
463004,"Болт М12x100 мм, кл. пр. 10,9, ГОСТ 7798-70, ГОСТ 7805-70, DIN 931, Россия",290,krepej_i_takelaj/metricheskiy_krepej/bolty,https://optorg.ru/catalog/krepej_i_takelaj/metricheskiy_krepej/bolty/463004/
463005,"Болт М27x70 мм, полная резьба, кл. пр. 10,9, DIN 933, Китай",415,krepej_i_takelaj/metricheskiy_krepej/bolty,https://optorg.ru/catalog/krepej_i_takelaj/metricheskiy_krepej/bolty/463005/
463007,"Болт М16x150 мм, кл. пр. 10,9, DIN 931, Китай",298,krepej_i_takelaj/metricheskiy_krepej/bolty,https://optorg.ru/catalog/krepej_i_takelaj/metricheskiy_krepej/bolty/463007/
463010,"Болт М18x80 мм, кл. пр. 10,9, DIN 931, Китай",358,krepej_i_takelaj/metricheskiy_krepej/bolty,https://optorg.ru/catalog/krepej_i_takelaj/metricheskiy_krepej/bolty/463010/
463011,"Болт М27x130 мм, кл. пр. 10,9, DIN 931, Китай",415,krepej_i_takelaj/metricheskiy_krepej/bolty,https://optorg.ru/catalog/krepej_i_takelaj/metricheskiy_krepej/bolty/463011/
463026,"Болт М12x100 мм, цинк, полная резьба, ГОСТ 7798-70, ГОСТ 7805-70, DIN 933, Беларусь",214,krepej_i_takelaj/metricheskiy_krepej/bolty,https://optorg.ru/catalog/krepej_i_takelaj/metricheskiy_krepej/bolty/463026/
463030,"Болт М24x130 мм, кл. пр. 8,8, DIN 931, Китай",312,krepej_i_takelaj/metricheskiy_krepej/bolty,https://optorg.ru/catalog/krepej_i_takelaj/metricheskiy_krepej/bolty/463030/
463336,"Болт М22x130 мм, кл. пр. 8,8, ГОСТ Р ИСО 4014-2013 (7798-70, 7805-70), DIN 931, Россия",358,krepej_i_takelaj/metricheskiy_krepej/bolty,https://optorg.ru/catalog/krepej_i_takelaj/metricheskiy_krepej/bolty/463336/
468147,"Болт М20x100 мм, кл. пр. 8,8, DIN 931, Китай",315,krepej_i_takelaj/metricheskiy_krepej/bolty,https://optorg.ru/catalog/krepej_i_takelaj/metricheskiy_krepej/bolty/468147/
468150,"Болт М10x40 мм, цинк, полная резьба, кл. пр. 10,9, ГОСТ 7798-70, ГОСТ 7805-70, DIN 933, Беларусь",306,krepej_i_takelaj/metricheskiy_krepej/bolty,https://optorg.ru/catalog/krepej_i_takelaj/metricheskiy_krepej/bolty/468150/
468265,"Болт М24x100 мм, кл. пр. 10,9, DIN 931, Китай",342,krepej_i_takelaj/metricheskiy_krepej/bolty,https://optorg.ru/catalog/krepej_i_takelaj/metricheskiy_krepej/bolty/468265/
468266,"Болт М14x60 мм, полная резьба, кл. пр. 10,9, ГОСТ Р ИСО 4017-2013 (7798-70, 7805-70), DIN 933, Беларусь",317,krepej_i_takelaj/metricheskiy_krepej/bolty,https://optorg.ru/catalog/krepej_i_takelaj/metricheskiy_krepej/bolty/468266/
468267,"Болт М12x75 мм лемешный, кл. пр. 8,8, ГОСТ 7786-81, Беларусь",336,krepej_i_takelaj/metricheskiy_krepej/bolty,https://optorg.ru/catalog/krepej_i_takelaj/metricheskiy_krepej/bolty/468267/
468268,"Болт М14x80 мм, кл. пр. 10,9, ГОСТ Р ИСО 4014-2013 (7798-70, 7805-70), DIN 931, Беларусь",317,krepej_i_takelaj/metricheskiy_krepej/bolty,https://optorg.ru/catalog/krepej_i_takelaj/metricheskiy_krepej/bolty/468268/
468270,"Болт М22x130 мм, цинк, кл. пр. 10,9, DIN 931, Китай",358,krepej_i_takelaj/metricheskiy_krepej/bolty,https://optorg.ru/catalog/krepej_i_takelaj/metricheskiy_krepej/bolty/468270/
468271,"Болт М12x90 мм, кл. пр. 8,8, ГОСТ 7798-70, ГОСТ 7805-70, DIN 931, Беларусь",258,krepej_i_takelaj/metricheskiy_krepej/bolty,https://optorg.ru/catalog/krepej_i_takelaj/metricheskiy_krepej/bolty/468271/
468379,"Болт М12x65 мм лемешный, DIN 608, Китай",263,krepej_i_takelaj/metricheskiy_krepej/bolty,https://optorg.ru/catalog/krepej_i_takelaj/metricheskiy_krepej/bolty/468379/
468745,"Болт М8x35 мм, ГОСТ Р ИСО 4014-2013 (7798-70, 7805-70), DIN 931, Россия",185,krepej_i_takelaj/metricheskiy_krepej/bolty,https://optorg.ru/catalog/krepej_i_takelaj/metricheskiy_krepej/bolty/468745/
468747,"Болт М24x240 мм, ГОСТ Р ИСО 4014-2013 (7798-70, 7805-70), DIN 931, Россия",197,krepej_i_takelaj/metricheskiy_krepej/bolty,https://optorg.ru/catalog/krepej_i_takelaj/metricheskiy_krepej/bolty/468747/
468896,"Болт М10x60 мм, цинк, полная резьба, кл. пр. 10,9, DIN 933, Китай",306,krepej_i_takelaj/metricheskiy_krepej/bolty,https://optorg.ru/catalog/krepej_i_takelaj/metricheskiy_krepej/bolty/468896/
469459,"Болт М12x40 мм, DIN 931, Китай",192,krepej_i_takelaj/metricheskiy_krepej/bolty,https://optorg.ru/catalog/krepej_i_takelaj/metricheskiy_krepej/bolty/469459/
469555,"Болт М16x190 мм, DIN 931, Китай",235,krepej_i_takelaj/metricheskiy_krepej/bolty,https://optorg.ru/catalog/krepej_i_takelaj/metricheskiy_krepej/bolty/469555/
470011,"Болт М24x130 мм, DIN 931, Китай",197,krepej_i_takelaj/metricheskiy_krepej/bolty,https://optorg.ru/catalog/krepej_i_takelaj/metricheskiy_krepej/bolty/470011/
470053,"Болт М16x90 мм, цинк, полная резьба, кл. пр. 10,9, ГОСТ Р ИСО 4017-2013 (7798-70, 7805-70), DIN 933, Беларусь",316,krepej_i_takelaj/metricheskiy_krepej/bolty,https://optorg.ru/catalog/krepej_i_takelaj/metricheskiy_krepej/bolty/470053/
470054,"Болт М10x30 мм, цинк, полная резьба, кл. пр. 10,9, ГОСТ 7798-70, ГОСТ 7805-70, DIN 933, Беларусь",306,krepej_i_takelaj/metricheskiy_krepej/bolty,https://optorg.ru/catalog/krepej_i_takelaj/metricheskiy_krepej/bolty/470054/
470070,"Болт М10x25 мм, цинк, полная резьба, кл. пр. 10,9, ГОСТ 7798-70, ГОСТ 7805-70, DIN 933, Беларусь",306,krepej_i_takelaj/metricheskiy_krepej/bolty,https://optorg.ru/catalog/krepej_i_takelaj/metricheskiy_krepej/bolty/470070/
470290,"Болт М10x60 мм лемешный, DIN 608, Китай",263,krepej_i_takelaj/metricheskiy_krepej/bolty,https://optorg.ru/catalog/krepej_i_takelaj/metricheskiy_krepej/bolty/470290/
470323,"Болт М10x55 мм лемешный, DIN 608, Китай",263,krepej_i_takelaj/metricheskiy_krepej/bolty,https://optorg.ru/catalog/krepej_i_takelaj/metricheskiy_krepej/bolty/470323/
471021,"Болт М8x55 мм, цинк, полная резьба, ГОСТ Р ИСО 4017-2013 (7798-70, 7805-70), DIN 933, Беларусь",207,krepej_i_takelaj/metricheskiy_krepej/bolty,https://optorg.ru/catalog/krepej_i_takelaj/metricheskiy_krepej/bolty/471021/
471093,"Болт М20x60 мм, кл. пр. 8,8, DIN 931, Китай",315,krepej_i_takelaj/metricheskiy_krepej/bolty,https://optorg.ru/catalog/krepej_i_takelaj/metricheskiy_krepej/bolty/471093/
471094,"Болт М6x60 мм, цинк, полная резьба, ГОСТ 7798-70, ГОСТ 7805-70, DIN 933, Беларусь",221,krepej_i_takelaj/metricheskiy_krepej/bolty,https://optorg.ru/catalog/krepej_i_takelaj/metricheskiy_krepej/bolty/471094/
471107,"Болт М6x55 мм, цинк, полная резьба, ГОСТ Р ИСО 4017-2013 (7798-70, 7805-70), DIN 933, Беларусь",221,krepej_i_takelaj/metricheskiy_krepej/bolty,https://optorg.ru/catalog/krepej_i_takelaj/metricheskiy_krepej/bolty/471107/
471206,"Болт М27x260 мм, DIN 931, Китай",256,krepej_i_takelaj/metricheskiy_krepej/bolty,https://optorg.ru/catalog/krepej_i_takelaj/metricheskiy_krepej/bolty/471206/
471215,"Болт М14x70 мм, кл. пр. 10,9, ГОСТ Р ИСО 4014-2013 (7798-70, 7805-70), DIN 931, Беларусь",317,krepej_i_takelaj/metricheskiy_krepej/bolty,https://optorg.ru/catalog/krepej_i_takelaj/metricheskiy_krepej/bolty/471215/
471217,"Болт М16x90 мм, кл. пр. 10,9, DIN 931, Китай",298,krepej_i_takelaj/metricheskiy_krepej/bolty,https://optorg.ru/catalog/krepej_i_takelaj/metricheskiy_krepej/bolty/471217/
471218,"Болт М27x80 мм, полная резьба, кл. пр. 10,9, DIN 933, Китай",415,krepej_i_takelaj/metricheskiy_krepej/bolty,https://optorg.ru/catalog/krepej_i_takelaj/metricheskiy_krepej/bolty/471218/
471220,"Болт М16x160 мм, кл. пр. 8,8, DIN 931, Китай",283,krepej_i_takelaj/metricheskiy_krepej/bolty,https://optorg.ru/catalog/krepej_i_takelaj/metricheskiy_krepej/bolty/471220/
471221,"Болт М18x50 мм, цинк, полная резьба, кл. пр. 10,9, DIN 933, Китай",358,krepej_i_takelaj/metricheskiy_krepej/bolty,https://optorg.ru/catalog/krepej_i_takelaj/metricheskiy_krepej/bolty/471221/
471222,"Болт М22x80 мм, кл. пр. 10,9, DIN 931, Китай",358,krepej_i_takelaj/metricheskiy_krepej/bolty,https://optorg.ru/catalog/krepej_i_takelaj/metricheskiy_krepej/bolty/471222/
471223,"Болт М8x100 мм, кл. пр. 10,9, ГОСТ Р ИСО 4014-2013 (7798-70, 7805-70), DIN 931, Беларусь",289,krepej_i_takelaj/metricheskiy_krepej/bolty,https://optorg.ru/catalog/krepej_i_takelaj/metricheskiy_krepej/bolty/471223/
471224,"Болт М18x70 мм, кл. пр. 10,9, DIN 931, Китай",358,krepej_i_takelaj/metricheskiy_krepej/bolty,https://optorg.ru/catalog/krepej_i_takelaj/metricheskiy_krepej/bolty/471224/
471225,"Болт М12x30 мм, полная резьба, кл. пр. 10,9, ГОСТ 7798-70, ГОСТ 7805-70, DIN 931, Россия",290,krepej_i_takelaj/metricheskiy_krepej/bolty,https://optorg.ru/catalog/krepej_i_takelaj/metricheskiy_krepej/bolty/471225/
471229,"Болт М14x35 мм, цинк, полная резьба, кл. пр. 10,9, ГОСТ Р ИСО 4017-2013 (7798-70, 7805-70), DIN 933, Беларусь",327,krepej_i_takelaj/metricheskiy_krepej/bolty,https://optorg.ru/catalog/krepej_i_takelaj/metricheskiy_krepej/bolty/471229/
471717,"Болт М10x75 мм, ГОСТ 7798-70, ГОСТ 7805-70, DIN 931, Россия",184,krepej_i_takelaj/metricheskiy_krepej/bolty,https://optorg.ru/catalog/krepej_i_takelaj/metricheskiy_krepej/bolty/471717/
471718,"Болт М12x25 мм, цинк, полная резьба, DIN 933, Китай",218,krepej_i_takelaj/metricheskiy_krepej/bolty,https://optorg.ru/catalog/krepej_i_takelaj/metricheskiy_krepej/bolty/471718/
471756,"Болт М12x80 мм, цинк, полная резьба, кл. пр. 10,9, ГОСТ 7798-70, ГОСТ 7805-70, DIN 933, Беларусь",308,krepej_i_takelaj/metricheskiy_krepej/bolty,https://optorg.ru/catalog/krepej_i_takelaj/metricheskiy_krepej/bolty/471756/
471759,"Болт М8x80 мм, цинк, полная резьба, ГОСТ Р ИСО 4017-2013 (7798-70, 7805-70), DIN 933, Россия",207,krepej_i_takelaj/metricheskiy_krepej/bolty,https://optorg.ru/catalog/krepej_i_takelaj/metricheskiy_krepej/bolty/471759/
471761,"Болт М18x120 мм, DIN 931, Китай",200,krepej_i_takelaj/metricheskiy_krepej/bolty,https://optorg.ru/catalog/krepej_i_takelaj/metricheskiy_krepej/bolty/471761/
471762,"Болт М10x80 мм, цинк, полная резьба, ГОСТ 7798-70, ГОСТ 7805-70, DIN 933, Россия",205,krepej_i_takelaj/metricheskiy_krepej/bolty,https://optorg.ru/catalog/krepej_i_takelaj/metricheskiy_krepej/bolty/471762/
471763,"Болт М12x50 мм, цинк, полная резьба, ГОСТ 7798-70, ГОСТ 7805-70, DIN 933, Россия",213,krepej_i_takelaj/metricheskiy_krepej/bolty,https://optorg.ru/catalog/krepej_i_takelaj/metricheskiy_krepej/bolty/471763/
472119,"Болт М16x130 мм, кл. пр. 8,8, DIN 931, Китай",283,krepej_i_takelaj/metricheskiy_krepej/bolty,https://optorg.ru/catalog/krepej_i_takelaj/metricheskiy_krepej/bolty/472119/
472482,"Болт М14x70 мм, цинк, полная резьба, ГОСТ Р ИСО 4017-2013 (7798-70, 7805-70), DIN 933, Россия",226,krepej_i_takelaj/metricheskiy_krepej/bolty,https://optorg.ru/catalog/krepej_i_takelaj/metricheskiy_krepej/bolty/472482/
472485,"Болт М16x120 мм, цинк, полная резьба, ГОСТ Р ИСО 4017-2013 (7798-70, 7805-70), DIN 933, Беларусь",202,krepej_i_takelaj/metricheskiy_krepej/bolty,https://optorg.ru/catalog/krepej_i_takelaj/metricheskiy_krepej/bolty/472485/
472486,"Болт М8x50 мм, цинк, полная резьба, кл. пр. 10,9, ГОСТ Р ИСО 4017-2013 (7798-70, 7805-70), DIN 933, Беларусь",307,krepej_i_takelaj/metricheskiy_krepej/bolty,https://optorg.ru/catalog/krepej_i_takelaj/metricheskiy_krepej/bolty/472486/
472620,"Болт М10x90 мм, цинк, полная резьба, ГОСТ 7798-70, ГОСТ 7805-70, DIN 933, Беларусь",205,krepej_i_takelaj/metricheskiy_krepej/bolty,https://optorg.ru/catalog/krepej_i_takelaj/metricheskiy_krepej/bolty/472620/
472631,"Болт М6x35 мм, цинк, полная резьба, ГОСТ Р ИСО 4017-2013 (7798-70, 7805-70), DIN 933, Беларусь",216,krepej_i_takelaj/metricheskiy_krepej/bolty,https://optorg.ru/catalog/krepej_i_takelaj/metricheskiy_krepej/bolty/472631/
472740,"Болт М8x90 мм, цинк, полная резьба, ГОСТ Р ИСО 4017-2013 (7798-70, 7805-70), DIN 933, Россия",207,krepej_i_takelaj/metricheskiy_krepej/bolty,https://optorg.ru/catalog/krepej_i_takelaj/metricheskiy_krepej/bolty/472740/
472741,"Болт М12x80 мм, кл. пр. 10,9, DIN 931, Китай",290,krepej_i_takelaj/metricheskiy_krepej/bolty,https://optorg.ru/catalog/krepej_i_takelaj/metricheskiy_krepej/bolty/472741/
472744,"Болт М10x70 мм, кл. пр. 10,9, DIN 931, Китай",288,krepej_i_takelaj/metricheskiy_krepej/bolty,https://optorg.ru/catalog/krepej_i_takelaj/metricheskiy_krepej/bolty/472744/
472745,"Болт М10x130 мм, кл. пр. 10,9, DIN 931, Китай",288,krepej_i_takelaj/metricheskiy_krepej/bolty,https://optorg.ru/catalog/krepej_i_takelaj/metricheskiy_krepej/bolty/472745/
472763,"Болт М14x80 мм, кл. пр. 10,9, DIN 931, Китай",317,krepej_i_takelaj/metricheskiy_krepej/bolty,https://optorg.ru/catalog/krepej_i_takelaj/metricheskiy_krepej/bolty/472763/
472764,"Болт М16x130 мм, кл. пр. 10,9, DIN 931, Китай",298,krepej_i_takelaj/metricheskiy_krepej/bolty,https://optorg.ru/catalog/krepej_i_takelaj/metricheskiy_krepej/bolty/472764/
472765,"Болт М16x140 мм, кл. пр. 10,9, DIN 931, Китай",298,krepej_i_takelaj/metricheskiy_krepej/bolty,https://optorg.ru/catalog/krepej_i_takelaj/metricheskiy_krepej/bolty/472765/
472767,"Болт М24x150 мм, кл. пр. 10,9, ГОСТ Р ИСО 4014-2013 (7798-70, 7805-70), DIN 931, Россия",342,krepej_i_takelaj/metricheskiy_krepej/bolty,https://optorg.ru/catalog/krepej_i_takelaj/metricheskiy_krepej/bolty/472767/
472768,"Болт М24x130 мм, кл. пр. 10,9, DIN 931, Китай",342,krepej_i_takelaj/metricheskiy_krepej/bolty,https://optorg.ru/catalog/krepej_i_takelaj/metricheskiy_krepej/bolty/472768/
472770,"Болт М18x110 мм, цинк, кл. пр. 10,9, DIN 931, Китай",358,krepej_i_takelaj/metricheskiy_krepej/bolty,https://optorg.ru/catalog/krepej_i_takelaj/metricheskiy_krepej/bolty/472770/
472774,"Болт М27x130 мм, цинк, кл. пр. 10,9, DIN 931, Китай",415,krepej_i_takelaj/metricheskiy_krepej/bolty,https://optorg.ru/catalog/krepej_i_takelaj/metricheskiy_krepej/bolty/472774/
472781,"Болт М27x120 мм, кл. пр. 10,9, ГОСТ Р 52644-2006, Россия",563,krepej_i_takelaj/metricheskiy_krepej/bolty,https://optorg.ru/catalog/krepej_i_takelaj/metricheskiy_krepej/bolty/472781/
472892,"Болт М30x160 мм, DIN 931, Китай",212,krepej_i_takelaj/metricheskiy_krepej/bolty,https://optorg.ru/catalog/krepej_i_takelaj/metricheskiy_krepej/bolty/472892/
473138,"Болт М36x130 мм, цинк, ГОСТ Р ИСО 4014-2013 (7798-70, 7805-70), DIN 931, Россия",258,krepej_i_takelaj/metricheskiy_krepej/bolty,https://optorg.ru/catalog/krepej_i_takelaj/metricheskiy_krepej/bolty/473138/
473690,"Болт М12x45 мм лемешный, DIN 608, Китай",263,krepej_i_takelaj/metricheskiy_krepej/bolty,https://optorg.ru/catalog/krepej_i_takelaj/metricheskiy_krepej/bolty/473690/
473697,"Болт М20x75 мм, цинк, полная резьба, ГОСТ Р ИСО 4017-2013 (7798-70, 7805-70), DIN 933, Россия",213,krepej_i_takelaj/metricheskiy_krepej/bolty,https://optorg.ru/catalog/krepej_i_takelaj/metricheskiy_krepej/bolty/473697/
473816,"Болт М12x70 мм лемешный, кл. пр. 8,8, ГОСТ 7786-81, Беларусь",336,krepej_i_takelaj/metricheskiy_krepej/bolty,https://optorg.ru/catalog/krepej_i_takelaj/metricheskiy_krepej/bolty/473816/
473817,"Болт М8x45 мм, цинк, полная резьба, ГОСТ Р ИСО 4017-2013 (7798-70, 7805-70), DIN 933, Беларусь",207,krepej_i_takelaj/metricheskiy_krepej/bolty,https://optorg.ru/catalog/krepej_i_takelaj/metricheskiy_krepej/bolty/473817/
473822,"Болт М12x30 мм, цинк, полная резьба, кл. пр. 10,9, ГОСТ 7798-70, ГОСТ 7805-70, DIN 931, Беларусь",308,krepej_i_takelaj/metricheskiy_krepej/bolty,https://optorg.ru/catalog/krepej_i_takelaj/metricheskiy_krepej/bolty/473822/
473927,"Болт М10x70 мм, кл. пр. 10,9, ГОСТ 7798-70, ГОСТ 7805-70, DIN 931, Россия",288,krepej_i_takelaj/metricheskiy_krepej/bolty,https://optorg.ru/catalog/krepej_i_takelaj/metricheskiy_krepej/bolty/473927/
473946,"Болт М27x130 мм, кл. пр. 10,9, ГОСТ Р ИСО 4014-2013 (7798-70, 7805-70), DIN 931, Россия",415,krepej_i_takelaj/metricheskiy_krepej/bolty,https://optorg.ru/catalog/krepej_i_takelaj/metricheskiy_krepej/bolty/473946/
473958,"Болт М12x120 мм, цинк, полная резьба, кл. пр. 10,9, ГОСТ 7798-70, ГОСТ 7805-70, DIN 933, Беларусь",308,krepej_i_takelaj/metricheskiy_krepej/bolty,https://optorg.ru/catalog/krepej_i_takelaj/metricheskiy_krepej/bolty/473958/
473962,"Болт М16x80 мм, кл. пр. 8,8, DIN 931, Китай",273,krepej_i_takelaj/metricheskiy_krepej/bolty,https://optorg.ru/catalog/krepej_i_takelaj/metricheskiy_krepej/bolty/473962/
473964,"Болт М16x150 мм, кл. пр. 8,8, DIN 931, Китай",283,krepej_i_takelaj/metricheskiy_krepej/bolty,https://optorg.ru/catalog/krepej_i_takelaj/metricheskiy_krepej/bolty/473964/
473965,"Болт М12x90 мм, цинк, полная резьба, кл. пр. 10,9, ГОСТ 7798-70, ГОСТ 7805-70, DIN 933, Беларусь",308,krepej_i_takelaj/metricheskiy_krepej/bolty,https://optorg.ru/catalog/krepej_i_takelaj/metricheskiy_krepej/bolty/473965/
473966,"Болт М16x80 мм, цинк, полная резьба, кл. пр. 10,9, ГОСТ Р ИСО 4017-2013 (7798-70, 7805-70), DIN 933, Беларусь",316,krepej_i_takelaj/metricheskiy_krepej/bolty,https://optorg.ru/catalog/krepej_i_takelaj/metricheskiy_krepej/bolty/473966/
474051,"Болт М27x300 мм, DIN 931, Китай",256,krepej_i_takelaj/metricheskiy_krepej/bolty,https://optorg.ru/catalog/krepej_i_takelaj/metricheskiy_krepej/bolty/474051/
474292,"Болт М10x40 мм, цинк, полная резьба, кл. пр. 10,9, DIN 933, Китай",306,krepej_i_takelaj/metricheskiy_krepej/bolty,https://optorg.ru/catalog/krepej_i_takelaj/metricheskiy_krepej/bolty/474292/
474318,"Болт М12x100 мм, цинк, полная резьба, кл. пр. 8,8, ГОСТ 7798-70, ГОСТ 7805-70, DIN 933, Беларусь",279,krepej_i_takelaj/metricheskiy_krepej/bolty,https://optorg.ru/catalog/krepej_i_takelaj/metricheskiy_krepej/bolty/474318/
474586,"Болт М16x80 мм, цинк, полная резьба, кл. пр. 10,9, DIN 933, Китай",316,krepej_i_takelaj/metricheskiy_krepej/bolty,https://optorg.ru/catalog/krepej_i_takelaj/metricheskiy_krepej/bolty/474586/
474588,"Болт М12x80 мм, цинк, полная резьба, кл. пр. 10,9, DIN 933, Китай",308,krepej_i_takelaj/metricheskiy_krepej/bolty,https://optorg.ru/catalog/krepej_i_takelaj/metricheskiy_krepej/bolty/474588/
474590,"Болт М16x90 мм, цинк, полная резьба, кл. пр. 10,9, DIN 933, Китай",316,krepej_i_takelaj/metricheskiy_krepej/bolty,https://optorg.ru/catalog/krepej_i_takelaj/metricheskiy_krepej/bolty/474590/
474592,"Болт М20x60 мм, цинк, полная резьба, DIN 933, Китай",213,krepej_i_takelaj/metricheskiy_krepej/bolty,https://optorg.ru/catalog/krepej_i_takelaj/metricheskiy_krepej/bolty/474592/
475025,"Болт М14x140 мм, ГОСТ Р ИСО 4014-2013 (7798-70, 7805-70), DIN 931, Беларусь",204,krepej_i_takelaj/metricheskiy_krepej/bolty,https://optorg.ru/catalog/krepej_i_takelaj/metricheskiy_krepej/bolty/475025/
475034,"Болт М27x250 мм, DIN 931, Китай",256,krepej_i_takelaj/metricheskiy_krepej/bolty,https://optorg.ru/catalog/krepej_i_takelaj/metricheskiy_krepej/bolty/475034/
480455,"Болт М20x150 мм, цинк, полная резьба, DIN 933, Китай",216,krepej_i_takelaj/metricheskiy_krepej/bolty,https://optorg.ru/catalog/krepej_i_takelaj/metricheskiy_krepej/bolty/480455/
480602,"Болт М20x150 мм, цинк, полная резьба, ГОСТ Р ИСО 4017-2013 (7798-70, 7805-70), DIN 933, Россия",216,krepej_i_takelaj/metricheskiy_krepej/bolty,https://optorg.ru/catalog/krepej_i_takelaj/metricheskiy_krepej/bolty/480602/
480846,"Болт М16x60 мм, цинк, ГОСТ Р ИСО 4014-2013 (7798-70, 7805-70), DIN 931, Россия",180,krepej_i_takelaj/metricheskiy_krepej/bolty,https://optorg.ru/catalog/krepej_i_takelaj/metricheskiy_krepej/bolty/480846/
480849,"Болт М24x170 мм, ГОСТ Р ИСО 4014-2013 (7798-70, 7805-70), DIN 931, Россия",197,krepej_i_takelaj/metricheskiy_krepej/bolty,https://optorg.ru/catalog/krepej_i_takelaj/metricheskiy_krepej/bolty/480849/
480850,"Болт М12x55 мм, цинк, полная резьба, ГОСТ 7798-70, ГОСТ 7805-70, DIN 933, Россия",213,krepej_i_takelaj/metricheskiy_krepej/bolty,https://optorg.ru/catalog/krepej_i_takelaj/metricheskiy_krepej/bolty/480850/
480851,"Болт М20x120 мм, цинк, полная резьба, ГОСТ Р ИСО 4017-2013 (7798-70, 7805-70), DIN 933, Россия",216,krepej_i_takelaj/metricheskiy_krepej/bolty,https://optorg.ru/catalog/krepej_i_takelaj/metricheskiy_krepej/bolty/480851/
480852,"Болт М12x60 мм, цинк, полная резьба, ГОСТ 7798-70, ГОСТ 7805-70, DIN 933, Россия",213,krepej_i_takelaj/metricheskiy_krepej/bolty,https://optorg.ru/catalog/krepej_i_takelaj/metricheskiy_krepej/bolty/480852/
481271,"Болт М16x65 мм, кл. пр. 8,8, ГОСТ Р ИСО 4014-2013 (7798-70, 7805-70), DIN 931, Беларусь",273,krepej_i_takelaj/metricheskiy_krepej/bolty,https://optorg.ru/catalog/krepej_i_takelaj/metricheskiy_krepej/bolty/481271/
481272,"Болт М20x65 мм, цинк, полная резьба, ГОСТ Р ИСО 4017-2013 (7798-70, 7805-70), DIN 933, Россия",213,krepej_i_takelaj/metricheskiy_krepej/bolty,https://optorg.ru/catalog/krepej_i_takelaj/metricheskiy_krepej/bolty/481272/
481273,"Болт М14x90 мм, кл. пр. 10,9, ГОСТ Р ИСО 4014-2013 (7798-70, 7805-70), DIN 931, Беларусь",317,krepej_i_takelaj/metricheskiy_krepej/bolty,https://optorg.ru/catalog/krepej_i_takelaj/metricheskiy_krepej/bolty/481273/
481356,"Болт М10x70 мм, цинк, полная резьба, ГОСТ 7798-70, ГОСТ 7805-70, DIN 933, Россия",205,krepej_i_takelaj/metricheskiy_krepej/bolty,https://optorg.ru/catalog/krepej_i_takelaj/metricheskiy_krepej/bolty/481356/
481363,"Болт М16x130 мм, цинк, полная резьба, DIN 933, Китай",202,krepej_i_takelaj/metricheskiy_krepej/bolty,https://optorg.ru/catalog/krepej_i_takelaj/metricheskiy_krepej/bolty/481363/
481643,"Болт М8x30 мм, цинк, полная резьба, кл. пр. 10,9, ГОСТ Р ИСО 4017-2013 (7798-70, 7805-70), DIN 933, Беларусь",307,krepej_i_takelaj/metricheskiy_krepej/bolty,https://optorg.ru/catalog/krepej_i_takelaj/metricheskiy_krepej/bolty/481643/
481649,"Болт М8x40 мм, цинк, полная резьба, кл. пр. 10,9, ГОСТ Р ИСО 4017-2013 (7798-70, 7805-70), DIN 933, Беларусь",307,krepej_i_takelaj/metricheskiy_krepej/bolty,https://optorg.ru/catalog/krepej_i_takelaj/metricheskiy_krepej/bolty/481649/
481685,"Болт М8x70 мм, цинк, полная резьба, кл. пр. 10,9, ГОСТ Р ИСО 4017-2013 (7798-70, 7805-70), DIN 933, Беларусь",307,krepej_i_takelaj/metricheskiy_krepej/bolty,https://optorg.ru/catalog/krepej_i_takelaj/metricheskiy_krepej/bolty/481685/
481707,"Болт М8x40 мм, кл. пр. 10,9, ГОСТ Р ИСО 4014-2013 (7798-70, 7805-70), DIN 931, Россия",289,krepej_i_takelaj/metricheskiy_krepej/bolty,https://optorg.ru/catalog/krepej_i_takelaj/metricheskiy_krepej/bolty/481707/
481733,"Болт М20x40 мм, полная резьба, кл. пр. 10,9, ГОСТ Р ИСО 4014-2013 (7798-70, 7805-70), DIN 931, Россия",459,krepej_i_takelaj/metricheskiy_krepej/bolty,https://optorg.ru/catalog/krepej_i_takelaj/metricheskiy_krepej/bolty/481733/
481734,"Болт М27x120 мм, кл. пр. 10,9, ГОСТ Р ИСО 4014-2013 (7798-70, 7805-70), DIN 931, Россия",415,krepej_i_takelaj/metricheskiy_krepej/bolty,https://optorg.ru/catalog/krepej_i_takelaj/metricheskiy_krepej/bolty/481734/
481739,"Болт М36x120 мм, цинк, полная резьба, DIN 933, Китай",258,krepej_i_takelaj/metricheskiy_krepej/bolty,https://optorg.ru/catalog/krepej_i_takelaj/metricheskiy_krepej/bolty/481739/
481749,"Болт М27x110 мм, цинк, кл. пр. 10,9, DIN 931, Китай",415,krepej_i_takelaj/metricheskiy_krepej/bolty,https://optorg.ru/catalog/krepej_i_takelaj/metricheskiy_krepej/bolty/481749/
481931,"Болт М8x50 мм, кл. пр. 10,9, DIN 931, Китай",289,krepej_i_takelaj/metricheskiy_krepej/bolty,https://optorg.ru/catalog/krepej_i_takelaj/metricheskiy_krepej/bolty/481931/
481932,"Болт М12x45 мм, кл. пр. 8,8, DIN 931, Китай",258,krepej_i_takelaj/metricheskiy_krepej/bolty,https://optorg.ru/catalog/krepej_i_takelaj/metricheskiy_krepej/bolty/481932/
481934,"Болт М10x70 мм, цинк, полная резьба, кл. пр. 10,9, DIN 933, Китай",306,krepej_i_takelaj/metricheskiy_krepej/bolty,https://optorg.ru/catalog/krepej_i_takelaj/metricheskiy_krepej/bolty/481934/
481935,"Болт М16x120 мм, кл. пр. 8,8, DIN 931, Китай",273,krepej_i_takelaj/metricheskiy_krepej/bolty,https://optorg.ru/catalog/krepej_i_takelaj/metricheskiy_krepej/bolty/481935/
481942,"Болт М30x150 мм, кл. пр. 8,8, DIN 931, Китай",370,krepej_i_takelaj/metricheskiy_krepej/bolty,https://optorg.ru/catalog/krepej_i_takelaj/metricheskiy_krepej/bolty/481942/
481947,"Болт М36x120 мм, DIN 931, Китай",258,krepej_i_takelaj/metricheskiy_krepej/bolty,https://optorg.ru/catalog/krepej_i_takelaj/metricheskiy_krepej/bolty/481947/
483157,"Болт М16x180 мм, кл. пр. 10,9, ГОСТ Р ИСО 4014-2013 (7798-70, 7805-70), DIN 931, Россия",298,krepej_i_takelaj/metricheskiy_krepej/bolty,https://optorg.ru/catalog/krepej_i_takelaj/metricheskiy_krepej/bolty/483157/
483334,"Болт М14x100 мм, кл. пр. 8,8, ГОСТ Р ИСО 4014-2013 (7798-70, 7805-70), DIN 931, Беларусь",284,krepej_i_takelaj/metricheskiy_krepej/bolty,https://optorg.ru/catalog/krepej_i_takelaj/metricheskiy_krepej/bolty/483334/
483883,"Болт М10x140 мм, цинк, полная резьба, ГОСТ 7798-70, ГОСТ 7805-70, DIN 933, Россия",207,krepej_i_takelaj/metricheskiy_krepej/bolty,https://optorg.ru/catalog/krepej_i_takelaj/metricheskiy_krepej/bolty/483883/
483976,"Болт М10x70 мм, цинк, полная резьба, кл. пр. 10,9, ГОСТ Р ИСО 4017-2013 (7798-70, 7805-70), DIN 933, Беларусь",288,krepej_i_takelaj/metricheskiy_krepej/bolty,https://optorg.ru/catalog/krepej_i_takelaj/metricheskiy_krepej/bolty/483976/
488378,"Болт М16x200 мм, кл. пр. 8,8, DIN 931, Китай",283,krepej_i_takelaj/metricheskiy_krepej/bolty,https://optorg.ru/catalog/krepej_i_takelaj/metricheskiy_krepej/bolty/488378/
488380,"Болт М8x60 мм, кл. пр. 10,9, DIN 931, Китай",289,krepej_i_takelaj/metricheskiy_krepej/bolty,https://optorg.ru/catalog/krepej_i_takelaj/metricheskiy_krepej/bolty/488380/
488381,"Болт М10x50 мм, кл. пр. 10,9, ГОСТ 7798-70, ГОСТ 7805-70, DIN 931, Россия",288,krepej_i_takelaj/metricheskiy_krepej/bolty,https://optorg.ru/catalog/krepej_i_takelaj/metricheskiy_krepej/bolty/488381/
488420,"Болт М14x50 мм, кл. пр. 10,9, DIN 931, Китай",317,krepej_i_takelaj/metricheskiy_krepej/bolty,https://optorg.ru/catalog/krepej_i_takelaj/metricheskiy_krepej/bolty/488420/
488461,"Болт М36x100 мм, цинк, полная резьба, DIN 933, Китай",258,krepej_i_takelaj/metricheskiy_krepej/bolty,https://optorg.ru/catalog/krepej_i_takelaj/metricheskiy_krepej/bolty/488461/
488534,"Болт М24x80 мм, кл. пр. 8,8, DIN 931, Китай",298,krepej_i_takelaj/metricheskiy_krepej/bolty,https://optorg.ru/catalog/krepej_i_takelaj/metricheskiy_krepej/bolty/488534/
488540,"Болт М20x60 мм, полная резьба, кл. пр. 8,8, DIN 933, Китай",315,krepej_i_takelaj/metricheskiy_krepej/bolty,https://optorg.ru/catalog/krepej_i_takelaj/metricheskiy_krepej/bolty/488540/
488542,"Болт М6x35 мм, цинк, ГОСТ Р ИСО 4014-2013 (7798-70, 7805-70), DIN 931, Беларусь",195,krepej_i_takelaj/metricheskiy_krepej/bolty,https://optorg.ru/catalog/krepej_i_takelaj/metricheskiy_krepej/bolty/488542/
488546,"Болт М6x70 мм, цинк, полная резьба, ГОСТ Р ИСО 4017-2013 (7798-70, 7805-70), DIN 933, Беларусь",221,krepej_i_takelaj/metricheskiy_krepej/bolty,https://optorg.ru/catalog/krepej_i_takelaj/metricheskiy_krepej/bolty/488546/
488549,"Болт М36x100 мм, DIN 931, Китай",258,krepej_i_takelaj/metricheskiy_krepej/bolty,https://optorg.ru/catalog/krepej_i_takelaj/metricheskiy_krepej/bolty/488549/
488647,"Болт М30x100 мм, цинк, кл. пр. 8,8, DIN 931, Китай",370,krepej_i_takelaj/metricheskiy_krepej/bolty,https://optorg.ru/catalog/krepej_i_takelaj/metricheskiy_krepej/bolty/488647/
488658,"Болт М10x120 мм, полная резьба, кл. пр. 10,9, ГОСТ 7798-70, ГОСТ 7805-70, DIN 933, Беларусь",288,krepej_i_takelaj/metricheskiy_krepej/bolty,https://optorg.ru/catalog/krepej_i_takelaj/metricheskiy_krepej/bolty/488658/
489086,"Болт М10x75 мм, кл. пр. 8,8, ГОСТ 7798-70, ГОСТ 7805-70, DIN 931, Беларусь",258,krepej_i_takelaj/metricheskiy_krepej/bolty,https://optorg.ru/catalog/krepej_i_takelaj/metricheskiy_krepej/bolty/489086/
489486,"Болт М14x90 мм, кл. пр. 8,8, ГОСТ Р ИСО 4014-2013 (7798-70, 7805-70), DIN 931, Беларусь",284,krepej_i_takelaj/metricheskiy_krepej/bolty,https://optorg.ru/catalog/krepej_i_takelaj/metricheskiy_krepej/bolty/489486/
489487,"Болт М14x70 мм, кл. пр. 8,8, ГОСТ Р ИСО 4014-2013 (7798-70, 7805-70), DIN 931, Россия",284,krepej_i_takelaj/metricheskiy_krepej/bolty,https://optorg.ru/catalog/krepej_i_takelaj/metricheskiy_krepej/bolty/489487/
489488,"Болт М8x50 мм, кл. пр. 8,8, ГОСТ Р ИСО 4014-2013 (7798-70, 7805-70), DIN 931, Беларусь",260,krepej_i_takelaj/metricheskiy_krepej/bolty,https://optorg.ru/catalog/krepej_i_takelaj/metricheskiy_krepej/bolty/489488/
489489,"Болт М8x60 мм, кл. пр. 8,8, ГОСТ Р ИСО 4014-2013 (7798-70, 7805-70), DIN 931, Беларусь",260,krepej_i_takelaj/metricheskiy_krepej/bolty,https://optorg.ru/catalog/krepej_i_takelaj/metricheskiy_krepej/bolty/489489/
489491,"Болт М14x60 мм, кл. пр. 8,8, ГОСТ Р ИСО 4014-2013 (7798-70, 7805-70), DIN 931, Беларусь",284,krepej_i_takelaj/metricheskiy_krepej/bolty,https://optorg.ru/catalog/krepej_i_takelaj/metricheskiy_krepej/bolty/489491/
489493,"Болт М14x80 мм, кл. пр. 8,8, ГОСТ Р ИСО 4014-2013 (7798-70, 7805-70), DIN 931, Беларусь",284,krepej_i_takelaj/metricheskiy_krepej/bolty,https://optorg.ru/catalog/krepej_i_takelaj/metricheskiy_krepej/bolty/489493/
489494,"Болт М14x50 мм, кл. пр. 8,8, ГОСТ Р ИСО 4014-2013 (7798-70, 7805-70), DIN 931, Беларусь",284,krepej_i_takelaj/metricheskiy_krepej/bolty,https://optorg.ru/catalog/krepej_i_takelaj/metricheskiy_krepej/bolty/489494/
489497,"Болт М18x180 мм, цинк, полная резьба, кл. пр. 10,9, DIN 933, Китай",358,krepej_i_takelaj/metricheskiy_krepej/bolty,https://optorg.ru/catalog/krepej_i_takelaj/metricheskiy_krepej/bolty/489497/
492533,"Болт М16x45 мм лемешный, DIN 608, Китай",372,krepej_i_takelaj/metricheskiy_krepej/bolty,https://optorg.ru/catalog/krepej_i_takelaj/metricheskiy_krepej/bolty/492533/
492536,"Болт М8x70 мм, кл. пр. 8,8, ГОСТ Р ИСО 4014-2013 (7798-70, 7805-70), DIN 931, Беларусь",260,krepej_i_takelaj/metricheskiy_krepej/bolty,https://optorg.ru/catalog/krepej_i_takelaj/metricheskiy_krepej/bolty/492536/
492537,"Болт М8x30 мм, кл. пр. 8,8, ГОСТ Р ИСО 4014-2013 (7798-70, 7805-70), DIN 931, Беларусь",260,krepej_i_takelaj/metricheskiy_krepej/bolty,https://optorg.ru/catalog/krepej_i_takelaj/metricheskiy_krepej/bolty/492537/
494086,"Болт М8x100 мм, цинк, полная резьба, ГОСТ Р ИСО 4017-2013 (7798-70, 7805-70), DIN 933, Беларусь",209,krepej_i_takelaj/metricheskiy_krepej/bolty,https://optorg.ru/catalog/krepej_i_takelaj/metricheskiy_krepej/bolty/494086/
494309,"Болт М24x280 мм, DIN 931, Китай",229,krepej_i_takelaj/metricheskiy_krepej/bolty,https://optorg.ru/catalog/krepej_i_takelaj/metricheskiy_krepej/bolty/494309/
494310,"Болт М14x140 мм, DIN 931, Китай",204,krepej_i_takelaj/metricheskiy_krepej/bolty,https://optorg.ru/catalog/krepej_i_takelaj/metricheskiy_krepej/bolty/494310/
494312,"Болт М8x90 мм, цинк, кл. пр. 10,9, ГОСТ Р ИСО 4014-2013 (7798-70, 7805-70), DIN 931, Россия",289,krepej_i_takelaj/metricheskiy_krepej/bolty,https://optorg.ru/catalog/krepej_i_takelaj/metricheskiy_krepej/bolty/494312/
494313,"Болт М10x100 мм, кл. пр. 10,9, ГОСТ 7798-70, ГОСТ 7805-70, DIN 931, Россия",288,krepej_i_takelaj/metricheskiy_krepej/bolty,https://optorg.ru/catalog/krepej_i_takelaj/metricheskiy_krepej/bolty/494313/
494468,"Болт М8x25 мм, кл. пр. 8,8, ГОСТ Р ИСО 4014-2013 (7798-70, 7805-70), DIN 931, Беларусь",260,krepej_i_takelaj/metricheskiy_krepej/bolty,https://optorg.ru/catalog/krepej_i_takelaj/metricheskiy_krepej/bolty/494468/
495073,"Болт М14x100 мм, кл. пр. 8,8, DIN 931, Китай",284,krepej_i_takelaj/metricheskiy_krepej/bolty,https://optorg.ru/catalog/krepej_i_takelaj/metricheskiy_krepej/bolty/495073/
495074,"Болт М8x50 мм, кл. пр. 8,8, DIN 931, Китай",260,krepej_i_takelaj/metricheskiy_krepej/bolty,https://optorg.ru/catalog/krepej_i_takelaj/metricheskiy_krepej/bolty/495074/
495075,"Болт М14x80 мм, кл. пр. 8,8, DIN 931, Китай",284,krepej_i_takelaj/metricheskiy_krepej/bolty,https://optorg.ru/catalog/krepej_i_takelaj/metricheskiy_krepej/bolty/495075/
495076,"Болт М10x40 мм, цинк, полная резьба, кл. пр. 8,8, ГОСТ 7798-70, ГОСТ 7805-70, DIN 933, Беларусь",279,krepej_i_takelaj/metricheskiy_krepej/bolty,https://optorg.ru/catalog/krepej_i_takelaj/metricheskiy_krepej/bolty/495076/
495077,"Болт М14x50 мм, кл. пр. 8,8, DIN 931, Китай",284,krepej_i_takelaj/metricheskiy_krepej/bolty,https://optorg.ru/catalog/krepej_i_takelaj/metricheskiy_krepej/bolty/495077/
495087,"Болт М12x50 мм, кл. пр. 10,9, DIN 931, Китай",290,krepej_i_takelaj/metricheskiy_krepej/bolty,https://optorg.ru/catalog/krepej_i_takelaj/metricheskiy_krepej/bolty/495087/
495088,"Болт М12x70 мм, кл. пр. 10,9, DIN 931, Китай",290,krepej_i_takelaj/metricheskiy_krepej/bolty,https://optorg.ru/catalog/krepej_i_takelaj/metricheskiy_krepej/bolty/495088/
495089,"Болт М12x100 мм, кл. пр. 10,9, DIN 931, Китай",290,krepej_i_takelaj/metricheskiy_krepej/bolty,https://optorg.ru/catalog/krepej_i_takelaj/metricheskiy_krepej/bolty/495089/
495370,"Болт М14x75 мм, ГОСТ Р ИСО 4014-2013 (7798-70, 7805-70), DIN 931, Беларусь",204,krepej_i_takelaj/metricheskiy_krepej/bolty,https://optorg.ru/catalog/krepej_i_takelaj/metricheskiy_krepej/bolty/495370/
495417,"Болт М16x140 мм, горячий цинк, полная резьба, ГОСТ Р ИСО 4017-2013 (7798-70, 7805-70), DIN 933, Россия",202,krepej_i_takelaj/metricheskiy_krepej/bolty,https://optorg.ru/catalog/krepej_i_takelaj/metricheskiy_krepej/bolty/495417/
495476,"Болт М12x35 мм, кл. пр. 8,8, ГОСТ 7798-70, ГОСТ 7805-70, DIN 931, Россия",258,krepej_i_takelaj/metricheskiy_krepej/bolty,https://optorg.ru/catalog/krepej_i_takelaj/metricheskiy_krepej/bolty/495476/
495479,"Болт М8x90 мм, цинк, полная резьба, ГОСТ Р ИСО 4017-2013 (7798-70, 7805-70), DIN 933, Беларусь",207,krepej_i_takelaj/metricheskiy_krepej/bolty,https://optorg.ru/catalog/krepej_i_takelaj/metricheskiy_krepej/bolty/495479/
495816,"Болт М24x65 мм, цинк, полная резьба, DIN 933, Китай",217,krepej_i_takelaj/metricheskiy_krepej/bolty,https://optorg.ru/catalog/krepej_i_takelaj/metricheskiy_krepej/bolty/495816/
495944,"Болт М8x45 мм, цинк, полная резьба, ГОСТ Р ИСО 4017-2013 (7798-70, 7805-70), DIN 933, Россия",207,krepej_i_takelaj/metricheskiy_krepej/bolty,https://optorg.ru/catalog/krepej_i_takelaj/metricheskiy_krepej/bolty/495944/
495945,"Болт М10x50 мм, цинк, полная резьба, кл. пр. 10,9, ГОСТ 7798-70, ГОСТ 7805-70, DIN 933, Россия",306,krepej_i_takelaj/metricheskiy_krepej/bolty,https://optorg.ru/catalog/krepej_i_takelaj/metricheskiy_krepej/bolty/495945/
495946,"Болт М12x45 мм лемешный, ГОСТ 7786-81, Россия",263,krepej_i_takelaj/metricheskiy_krepej/bolty,https://optorg.ru/catalog/krepej_i_takelaj/metricheskiy_krepej/bolty/495946/
495947,"Болт М24x130 мм, кл. пр. 10,9, ГОСТ Р ИСО 4014-2013 (7798-70, 7805-70), DIN 931, Россия",342,krepej_i_takelaj/metricheskiy_krepej/bolty,https://optorg.ru/catalog/krepej_i_takelaj/metricheskiy_krepej/bolty/495947/
495951,"Болт М14x90 мм, кл. пр. 10,9, ГОСТ Р ИСО 4014-2013 (7798-70, 7805-70), DIN 931, Россия",317,krepej_i_takelaj/metricheskiy_krepej/bolty,https://optorg.ru/catalog/krepej_i_takelaj/metricheskiy_krepej/bolty/495951/
495953,"Болт М12x90 мм, кл. пр. 10,9, DIN 931, Китай",290,krepej_i_takelaj/metricheskiy_krepej/bolty,https://optorg.ru/catalog/krepej_i_takelaj/metricheskiy_krepej/bolty/495953/
495956,"Болт М20x170 мм, кл. пр. 10,9, DIN 931, Китай",344,krepej_i_takelaj/metricheskiy_krepej/bolty,https://optorg.ru/catalog/krepej_i_takelaj/metricheskiy_krepej/bolty/495956/
496110,"Болт М8x50 мм, цинк, полная резьба, кл. пр. 8,8, ГОСТ Р ИСО 4017-2013 (7798-70, 7805-70), DIN 933, Беларусь",280,krepej_i_takelaj/metricheskiy_krepej/bolty,https://optorg.ru/catalog/krepej_i_takelaj/metricheskiy_krepej/bolty/496110/
496947,"Болт М10x65 мм, полная резьба, ГОСТ 7798-70, ГОСТ 7805-70, DIN 933, Россия",198,krepej_i_takelaj/metricheskiy_krepej/bolty,https://optorg.ru/catalog/krepej_i_takelaj/metricheskiy_krepej/bolty/496947/
496949,"Болт М36x160 мм, DIN 931, Китай",258,krepej_i_takelaj/metricheskiy_krepej/bolty,https://optorg.ru/catalog/krepej_i_takelaj/metricheskiy_krepej/bolty/496949/
496974,"Болт М12x40 мм, кл. пр. 10,9, ГОСТ 7798-70, ГОСТ 7805-70, DIN 931, Россия",290,krepej_i_takelaj/metricheskiy_krepej/bolty,https://optorg.ru/catalog/krepej_i_takelaj/metricheskiy_krepej/bolty/496974/
496984,"Болт М24x140 мм, кл. пр. 10,9, DIN 931, Китай",342,krepej_i_takelaj/metricheskiy_krepej/bolty,https://optorg.ru/catalog/krepej_i_takelaj/metricheskiy_krepej/bolty/496984/
497002,"Болт М18x50 мм, полная резьба, кл. пр. 10,9, DIN 933, Китай",358,krepej_i_takelaj/metricheskiy_krepej/bolty,https://optorg.ru/catalog/krepej_i_takelaj/metricheskiy_krepej/bolty/497002/
497004,"Болт М16x65 мм, кл. пр. 8,8, DIN 931, Китай",273,krepej_i_takelaj/metricheskiy_krepej/bolty,https://optorg.ru/catalog/krepej_i_takelaj/metricheskiy_krepej/bolty/497004/
497008,"Болт М22x180 мм, DIN 931, Китай",215,krepej_i_takelaj/metricheskiy_krepej/bolty,https://optorg.ru/catalog/krepej_i_takelaj/metricheskiy_krepej/bolty/497008/
497009,"Болт М12x30 мм, полная резьба, кл. пр. 10,9, DIN 931, Китай",290,krepej_i_takelaj/metricheskiy_krepej/bolty,https://optorg.ru/catalog/krepej_i_takelaj/metricheskiy_krepej/bolty/497009/
497011,"Болт М24x200 мм, кл. пр. 8,8, DIN 931, Китай",336,krepej_i_takelaj/metricheskiy_krepej/bolty,https://optorg.ru/catalog/krepej_i_takelaj/metricheskiy_krepej/bolty/497011/
497012,"Болт М12x120 мм, цинк, полная резьба, кл. пр. 10,9, DIN 933, Китай",308,krepej_i_takelaj/metricheskiy_krepej/bolty,https://optorg.ru/catalog/krepej_i_takelaj/metricheskiy_krepej/bolty/497012/
497215,"Болт М12x130 мм, DIN 931, Китай",193,krepej_i_takelaj/metricheskiy_krepej/bolty,https://optorg.ru/catalog/krepej_i_takelaj/metricheskiy_krepej/bolty/497215/
251808,"Рым-болт М10, цинк, DIN 580,",35,krepej_i_takelaj/metricheskiy_krepej/rym-bolty,https://optorg.ru/catalog/krepej_i_takelaj/metricheskiy_krepej/rym-bolty/251808/
251809,"Рым-болт М12, цинк, DIN 580,",50.5,krepej_i_takelaj/metricheskiy_krepej/rym-bolty,https://optorg.ru/catalog/krepej_i_takelaj/metricheskiy_krepej/rym-bolty/251809/
251810,"Рым-болт М6, цинк, DIN 580,",24,krepej_i_takelaj/metricheskiy_krepej/rym-bolty,https://optorg.ru/catalog/krepej_i_takelaj/metricheskiy_krepej/rym-bolty/251810/
251811,"Рым-болт М8, цинк, DIN 580,",24.5,krepej_i_takelaj/metricheskiy_krepej/rym-bolty,https://optorg.ru/catalog/krepej_i_takelaj/metricheskiy_krepej/rym-bolty/251811/
252602,"Рым-болт М24, цинк, DIN 580,",234,krepej_i_takelaj/metricheskiy_krepej/rym-bolty,https://optorg.ru/catalog/krepej_i_takelaj/metricheskiy_krepej/rym-bolty/252602/
252883,"Рым-болт М16, цинк, DIN 580,",85,krepej_i_takelaj/metricheskiy_krepej/rym-bolty,https://optorg.ru/catalog/krepej_i_takelaj/metricheskiy_krepej/rym-bolty/252883/
253069,"Рым-болт М20, цинк, DIN 580,",123.5,krepej_i_takelaj/metricheskiy_krepej/rym-bolty,https://optorg.ru/catalog/krepej_i_takelaj/metricheskiy_krepej/rym-bolty/253069/
250329,"Гайка М8, ГОСТ Р ИСО 4032-2014 (5915-70, 5927-70), DIN 934, Россия",183,krepej_i_takelaj/metricheskiy_krepej/gayki,https://optorg.ru/catalog/krepej_i_takelaj/metricheskiy_krepej/gayki/250329/
250330,"Гайка М8 цинк , ГОСТ Р ИСО 4032-2014 (5915-70, 5927-70), DIN 934, Россия",201,krepej_i_takelaj/metricheskiy_krepej/gayki,https://optorg.ru/catalog/krepej_i_takelaj/metricheskiy_krepej/gayki/250330/
250331,"Гайка М10 со стопорным кольцом цинк , DIN 985",265,krepej_i_takelaj/metricheskiy_krepej/gayki,https://optorg.ru/catalog/krepej_i_takelaj/metricheskiy_krepej/gayki/250331/
250332,"Гайка М10, ГОСТ 5915-70, ГОСТ 5927-70, DIN 934, Россия",170,krepej_i_takelaj/metricheskiy_krepej/gayki,https://optorg.ru/catalog/krepej_i_takelaj/metricheskiy_krepej/gayki/250332/
250333,"Гайка М10 цинк , ГОСТ 5915-70, ГОСТ 5927-70, DIN 934, Россия",188,krepej_i_takelaj/metricheskiy_krepej/gayki,https://optorg.ru/catalog/krepej_i_takelaj/metricheskiy_krepej/gayki/250333/
250334,"Гайка М12, ГОСТ 5915-70, ГОСТ 5927-70, DIN 934, Россия",170,krepej_i_takelaj/metricheskiy_krepej/gayki,https://optorg.ru/catalog/krepej_i_takelaj/metricheskiy_krepej/gayki/250334/
250335,"Гайка М12 цинк , ГОСТ 5915-70, ГОСТ 5927-70, DIN 934, Россия",188,krepej_i_takelaj/metricheskiy_krepej/gayki,https://optorg.ru/catalog/krepej_i_takelaj/metricheskiy_krepej/gayki/250335/
250341,"Гайка М20, ГОСТ Р ИСО 4032-2014 (5915-70, 5927-70), DIN 934, Россия",187,krepej_i_takelaj/metricheskiy_krepej/gayki,https://optorg.ru/catalog/krepej_i_takelaj/metricheskiy_krepej/gayki/250341/
250342,"Гайка М22, ГОСТ Р ИСО 4032-2014 (5915-70, 5927-70), DIN 934, Россия",207,krepej_i_takelaj/metricheskiy_krepej/gayki,https://optorg.ru/catalog/krepej_i_takelaj/metricheskiy_krepej/gayki/250342/
250343,"Гайка М24, ГОСТ Р ИСО 4032-2014 (5915-70, 5927-70), DIN 934, Россия",187,krepej_i_takelaj/metricheskiy_krepej/gayki,https://optorg.ru/catalog/krepej_i_takelaj/metricheskiy_krepej/gayki/250343/
250344,"Гайка М27, ГОСТ Р ИСО 4032-2014 (5915-70, 5927-70), DIN 934, Россия",207,krepej_i_takelaj/metricheskiy_krepej/gayki,https://optorg.ru/catalog/krepej_i_takelaj/metricheskiy_krepej/gayki/250344/
250548,"Гайка М16 цинк , ГОСТ Р ИСО 4032-2014 (5915-70, 5927-70), DIN 934, Россия",188,krepej_i_takelaj/metricheskiy_krepej/gayki,https://optorg.ru/catalog/krepej_i_takelaj/metricheskiy_krepej/gayki/250548/
250549,"Гайка М20 цинк , ГОСТ Р ИСО 4032-2014 (5915-70, 5927-70), DIN 934, Россия",205,krepej_i_takelaj/metricheskiy_krepej/gayki,https://optorg.ru/catalog/krepej_i_takelaj/metricheskiy_krepej/gayki/250549/
250601,"Гайка М30, ГОСТ Р ИСО 4032-2014 (5915-70, 5927-70), DIN 934, Россия",207,krepej_i_takelaj/metricheskiy_krepej/gayki,https://optorg.ru/catalog/krepej_i_takelaj/metricheskiy_krepej/gayki/250601/
250602,"Гайка М16 со стопорным кольцом цинк , DIN 985",265,krepej_i_takelaj/metricheskiy_krepej/gayki,https://optorg.ru/catalog/krepej_i_takelaj/metricheskiy_krepej/gayki/250602/
251034,"Гайка М6 DIN 934, Китай",183,krepej_i_takelaj/metricheskiy_krepej/gayki,https://optorg.ru/catalog/krepej_i_takelaj/metricheskiy_krepej/gayki/251034/
251056,"Гайка М12 DIN 934, Китай",170,krepej_i_takelaj/metricheskiy_krepej/gayki,https://optorg.ru/catalog/krepej_i_takelaj/metricheskiy_krepej/gayki/251056/
251057,"Гайка М36 DIN 934, Китай",207,krepej_i_takelaj/metricheskiy_krepej/gayki,https://optorg.ru/catalog/krepej_i_takelaj/metricheskiy_krepej/gayki/251057/
251070,"Гайка М24 DIN 934, Китай",187,krepej_i_takelaj/metricheskiy_krepej/gayki,https://optorg.ru/catalog/krepej_i_takelaj/metricheskiy_krepej/gayki/251070/
251071,"Гайка М14 DIN 934, Китай",187,krepej_i_takelaj/metricheskiy_krepej/gayki,https://optorg.ru/catalog/krepej_i_takelaj/metricheskiy_krepej/gayki/251071/
251125,"Гайка M48 DIN 934, Китай",228,krepej_i_takelaj/metricheskiy_krepej/gayki,https://optorg.ru/catalog/krepej_i_takelaj/metricheskiy_krepej/gayki/251125/
251189,"Гайка М8 со стопорным кольцом цинк , DIN 985",275,krepej_i_takelaj/metricheskiy_krepej/gayki,https://optorg.ru/catalog/krepej_i_takelaj/metricheskiy_krepej/gayki/251189/
251190,"Гайка М12 со стопорным кольцом цинк , DIN 985",240,krepej_i_takelaj/metricheskiy_krepej/gayki,https://optorg.ru/catalog/krepej_i_takelaj/metricheskiy_krepej/gayki/251190/
251192,"Гайка М27 DIN 934, Китай",207,krepej_i_takelaj/metricheskiy_krepej/gayki,https://optorg.ru/catalog/krepej_i_takelaj/metricheskiy_krepej/gayki/251192/
251204,"Гайка М18 DIN 934, Китай",187,krepej_i_takelaj/metricheskiy_krepej/gayki,https://optorg.ru/catalog/krepej_i_takelaj/metricheskiy_krepej/gayki/251204/
251249,"Гайка М10 соединительная цинк , DIN 6334",10.7,krepej_i_takelaj/metricheskiy_krepej/gayki,https://optorg.ru/catalog/krepej_i_takelaj/metricheskiy_krepej/gayki/251249/
251250,"Гайка М12 соединительная цинк , DIN 6334",14.4,krepej_i_takelaj/metricheskiy_krepej/gayki,https://optorg.ru/catalog/krepej_i_takelaj/metricheskiy_krepej/gayki/251250/
251252,"Гайка М14 соединительная цинк , DIN 6334",21,krepej_i_takelaj/metricheskiy_krepej/gayki,https://optorg.ru/catalog/krepej_i_takelaj/metricheskiy_krepej/gayki/251252/
251253,"Гайка М20 соединительная цинк , DIN 6334",66,krepej_i_takelaj/metricheskiy_krepej/gayki,https://optorg.ru/catalog/krepej_i_takelaj/metricheskiy_krepej/gayki/251253/
251254,"Гайка М24 соединительная цинк , DIN 6334",146,krepej_i_takelaj/metricheskiy_krepej/gayki,https://optorg.ru/catalog/krepej_i_takelaj/metricheskiy_krepej/gayki/251254/
251255,"Гайка М6 соединительная цинк , DIN 6334",2.2,krepej_i_takelaj/metricheskiy_krepej/gayki,https://optorg.ru/catalog/krepej_i_takelaj/metricheskiy_krepej/gayki/251255/
251256,"Гайка М8 соединительная цинк , DIN 6334",5.3,krepej_i_takelaj/metricheskiy_krepej/gayki,https://optorg.ru/catalog/krepej_i_takelaj/metricheskiy_krepej/gayki/251256/
251305,"Гайка М6 со стопорным кольцом цинк , DIN 985",275,krepej_i_takelaj/metricheskiy_krepej/gayki,https://optorg.ru/catalog/krepej_i_takelaj/metricheskiy_krepej/gayki/251305/
251396,"Гайка М12 с фланцем цинк , DIN 6923",320,krepej_i_takelaj/metricheskiy_krepej/gayki,https://optorg.ru/catalog/krepej_i_takelaj/metricheskiy_krepej/gayki/251396/
251439,"Гайка М24 цинк, DIN 934, Китай",205,krepej_i_takelaj/metricheskiy_krepej/gayki,https://optorg.ru/catalog/krepej_i_takelaj/metricheskiy_krepej/gayki/251439/
251489,"Гайка М16 DIN 934, Китай",170,krepej_i_takelaj/metricheskiy_krepej/gayki,https://optorg.ru/catalog/krepej_i_takelaj/metricheskiy_krepej/gayki/251489/
251492,"Гайка М22 DIN 934, Китай",207,krepej_i_takelaj/metricheskiy_krepej/gayki,https://optorg.ru/catalog/krepej_i_takelaj/metricheskiy_krepej/gayki/251492/
251685,"Гайка М6 барашковая цинк , DIN 315",1.8,krepej_i_takelaj/metricheskiy_krepej/gayki,https://optorg.ru/catalog/krepej_i_takelaj/metricheskiy_krepej/gayki/251685/
251686,"Гайка М8 барашковая цинк , DIN 315",2.2,krepej_i_takelaj/metricheskiy_krepej/gayki,https://optorg.ru/catalog/krepej_i_takelaj/metricheskiy_krepej/gayki/251686/
251687,"Гайка М10 барашковая цинк , DIN 315",3.8,krepej_i_takelaj/metricheskiy_krepej/gayki,https://optorg.ru/catalog/krepej_i_takelaj/metricheskiy_krepej/gayki/251687/
251688,"Гайка М12 барашковая цинк , DIN 315",6.2,krepej_i_takelaj/metricheskiy_krepej/gayki,https://optorg.ru/catalog/krepej_i_takelaj/metricheskiy_krepej/gayki/251688/
251689,"Гайка М6 колпачковая цинк , DIN 1587, Китай",1.4,krepej_i_takelaj/metricheskiy_krepej/gayki,https://optorg.ru/catalog/krepej_i_takelaj/metricheskiy_krepej/gayki/251689/
251690,"Гайка М8 колпачковая цинк , DIN 1587, Китай",2.1,krepej_i_takelaj/metricheskiy_krepej/gayki,https://optorg.ru/catalog/krepej_i_takelaj/metricheskiy_krepej/gayki/251690/
251691,"Гайка М10 колпачковая цинк , DIN 1587, Китай",4,krepej_i_takelaj/metricheskiy_krepej/gayki,https://optorg.ru/catalog/krepej_i_takelaj/metricheskiy_krepej/gayki/251691/
251692,"Гайка М12 колпачковая цинк , DIN 1587, Китай",7.9,krepej_i_takelaj/metricheskiy_krepej/gayki,https://optorg.ru/catalog/krepej_i_takelaj/metricheskiy_krepej/gayki/251692/
251740,"Гайка М4 цинк, DIN 934, Китай",360,krepej_i_takelaj/metricheskiy_krepej/gayki,https://optorg.ru/catalog/krepej_i_takelaj/metricheskiy_krepej/gayki/251740/
251900,"Гайка М10 цинк, DIN 934, Китай",188,krepej_i_takelaj/metricheskiy_krepej/gayki,https://optorg.ru/catalog/krepej_i_takelaj/metricheskiy_krepej/gayki/251900/
251901,"Гайка М12 цинк, DIN 934, Китай",188,krepej_i_takelaj/metricheskiy_krepej/gayki,https://optorg.ru/catalog/krepej_i_takelaj/metricheskiy_krepej/gayki/251901/
251902,"Гайка М14 цинк, DIN 934, Китай",205,krepej_i_takelaj/metricheskiy_krepej/gayki,https://optorg.ru/catalog/krepej_i_takelaj/metricheskiy_krepej/gayki/251902/
251903,"Гайка М16 цинк, DIN 934, Китай",188,krepej_i_takelaj/metricheskiy_krepej/gayki,https://optorg.ru/catalog/krepej_i_takelaj/metricheskiy_krepej/gayki/251903/
251904,"Гайка М6 цинк, DIN 934, Китай",201,krepej_i_takelaj/metricheskiy_krepej/gayki,https://optorg.ru/catalog/krepej_i_takelaj/metricheskiy_krepej/gayki/251904/
251905,"Гайка М8 цинк, DIN 934, Китай",201,krepej_i_takelaj/metricheskiy_krepej/gayki,https://optorg.ru/catalog/krepej_i_takelaj/metricheskiy_krepej/gayki/251905/
251919,"Гайка М6 с фланцем цинк , DIN 6923",250,krepej_i_takelaj/metricheskiy_krepej/gayki,https://optorg.ru/catalog/krepej_i_takelaj/metricheskiy_krepej/gayki/251919/
251920,"Гайка М8 с фланцем цинк , DIN 6923",250,krepej_i_takelaj/metricheskiy_krepej/gayki,https://optorg.ru/catalog/krepej_i_takelaj/metricheskiy_krepej/gayki/251920/
251934,"Гайка М5 цинк, DIN 934, Китай",245,krepej_i_takelaj/metricheskiy_krepej/gayki,https://optorg.ru/catalog/krepej_i_takelaj/metricheskiy_krepej/gayki/251934/
251973,"Гайка М24 цинк , ГОСТ Р ИСО 4032-2014 (5915-70, 5927-70), DIN 934, Россия",205,krepej_i_takelaj/metricheskiy_krepej/gayki,https://optorg.ru/catalog/krepej_i_takelaj/metricheskiy_krepej/gayki/251973/
252015,"Гайка М18 цинк , ГОСТ Р ИСО 4032-2014 (5915-70, 5927-70), DIN 934, Россия",290,krepej_i_takelaj/metricheskiy_krepej/gayki,https://optorg.ru/catalog/krepej_i_takelaj/metricheskiy_krepej/gayki/252015/
252019,"Гайка М18 цинк, DIN 934, Китай",205,krepej_i_takelaj/metricheskiy_krepej/gayki,https://optorg.ru/catalog/krepej_i_takelaj/metricheskiy_krepej/gayki/252019/
252027,"Гайка М14 со стопорным кольцом цинк , DIN 985",280,krepej_i_takelaj/metricheskiy_krepej/gayki,https://optorg.ru/catalog/krepej_i_takelaj/metricheskiy_krepej/gayki/252027/
252244,"Гайка М30 цинк , ГОСТ Р ИСО 4032-2014 (5915-70, 5927-70), DIN 934, Россия",225,krepej_i_takelaj/metricheskiy_krepej/gayki,https://optorg.ru/catalog/krepej_i_takelaj/metricheskiy_krepej/gayki/252244/
252252,"Гайка М24 со стопорным кольцом цинк , DIN 985",330,krepej_i_takelaj/metricheskiy_krepej/gayki,https://optorg.ru/catalog/krepej_i_takelaj/metricheskiy_krepej/gayki/252252/
252672,"Гайка М20 со стопорным кольцом цинк , DIN 985",280,krepej_i_takelaj/metricheskiy_krepej/gayki,https://optorg.ru/catalog/krepej_i_takelaj/metricheskiy_krepej/gayki/252672/
252766,"Гайка М10 носковая (врезная), цинк, DIN 1624, Китай",3.1,krepej_i_takelaj/metricheskiy_krepej/gayki,https://optorg.ru/catalog/krepej_i_takelaj/metricheskiy_krepej/gayki/252766/
252767,"Гайка М6 носковая (врезная), цинк, DIN 1624, Китай",1.5,krepej_i_takelaj/metricheskiy_krepej/gayki,https://optorg.ru/catalog/krepej_i_takelaj/metricheskiy_krepej/gayki/252767/
252768,"Гайка М8 носковая (врезная) цинк , DIN 1624, Китай",2.3,krepej_i_takelaj/metricheskiy_krepej/gayki,https://optorg.ru/catalog/krepej_i_takelaj/metricheskiy_krepej/gayki/252768/
252769,"Гайка М5 со стопорным кольцом цинк , DIN 985",430,krepej_i_takelaj/metricheskiy_krepej/gayki,https://optorg.ru/catalog/krepej_i_takelaj/metricheskiy_krepej/gayki/252769/
252784,"Гайка М10, ГОСТ 5915-70, ГОСТ 5927-70, DIN 934, Беларусь",170,krepej_i_takelaj/metricheskiy_krepej/gayki,https://optorg.ru/catalog/krepej_i_takelaj/metricheskiy_krepej/gayki/252784/
252785,"Гайка М12, ГОСТ 5915-70, ГОСТ 5927-70, DIN 934, Беларусь",170,krepej_i_takelaj/metricheskiy_krepej/gayki,https://optorg.ru/catalog/krepej_i_takelaj/metricheskiy_krepej/gayki/252785/
252786,"Гайка М8 цинк , ГОСТ Р ИСО 4032-2014 (5915-70, 5927-70), DIN 934, Беларусь",201,krepej_i_takelaj/metricheskiy_krepej/gayki,https://optorg.ru/catalog/krepej_i_takelaj/metricheskiy_krepej/gayki/252786/
252843,"Гайка М10 цинк , ГОСТ 5915-70, ГОСТ 5927-70, DIN 934, Беларусь",188,krepej_i_takelaj/metricheskiy_krepej/gayki,https://optorg.ru/catalog/krepej_i_takelaj/metricheskiy_krepej/gayki/252843/
252877,"Гайка М20 DIN 934, Китай",187,krepej_i_takelaj/metricheskiy_krepej/gayki,https://optorg.ru/catalog/krepej_i_takelaj/metricheskiy_krepej/gayki/252877/
252878,"Гайка М30 DIN 934, Китай",207,krepej_i_takelaj/metricheskiy_krepej/gayki,https://optorg.ru/catalog/krepej_i_takelaj/metricheskiy_krepej/gayki/252878/
252947,"Гайка М6, ГОСТ Р ИСО 4032-2014 (5915-70, 5927-70), DIN 934, Беларусь",183,krepej_i_takelaj/metricheskiy_krepej/gayki,https://optorg.ru/catalog/krepej_i_takelaj/metricheskiy_krepej/gayki/252947/
253018,"Гайка М8, ГОСТ Р ИСО 4032-2014 (5915-70, 5927-70), DIN 934, Беларусь",183,krepej_i_takelaj/metricheskiy_krepej/gayki,https://optorg.ru/catalog/krepej_i_takelaj/metricheskiy_krepej/gayki/253018/
253020,"Гайка М30 цинк, DIN 934, Китай",225,krepej_i_takelaj/metricheskiy_krepej/gayki,https://optorg.ru/catalog/krepej_i_takelaj/metricheskiy_krepej/gayki/253020/
253094,"Гайка М20 цинк, DIN 934, Китай",205,krepej_i_takelaj/metricheskiy_krepej/gayki,https://optorg.ru/catalog/krepej_i_takelaj/metricheskiy_krepej/gayki/253094/
253178,"Гайка М16 с фланцем цинк , DIN 6923",250,krepej_i_takelaj/metricheskiy_krepej/gayki,https://optorg.ru/catalog/krepej_i_takelaj/metricheskiy_krepej/gayki/253178/
253214,"Гайка М10 DIN 934, Китай",170,krepej_i_takelaj/metricheskiy_krepej/gayki,https://optorg.ru/catalog/krepej_i_takelaj/metricheskiy_krepej/gayki/253214/
253272,"Гайка М10 кл. пр. 8,0, ГОСТ 5915-70, ГОСТ 5927-70, DIN 934, Беларусь",261,krepej_i_takelaj/metricheskiy_krepej/gayki,https://optorg.ru/catalog/krepej_i_takelaj/metricheskiy_krepej/gayki/253272/
253336,"Гайка М18 со стопорным кольцом цинк , DIN 985",360,krepej_i_takelaj/metricheskiy_krepej/gayki,https://optorg.ru/catalog/krepej_i_takelaj/metricheskiy_krepej/gayki/253336/
253385,"Гайка М12 кл. пр. 8,0, ГОСТ 5915-70, ГОСТ 5927-70, DIN 934, Беларусь",261,krepej_i_takelaj/metricheskiy_krepej/gayki,https://optorg.ru/catalog/krepej_i_takelaj/metricheskiy_krepej/gayki/253385/
253386,"Гайка М8 DIN 934, Китай",183,krepej_i_takelaj/metricheskiy_krepej/gayki,https://optorg.ru/catalog/krepej_i_takelaj/metricheskiy_krepej/gayki/253386/
253431,"Гайка М16, ГОСТ Р ИСО 4032-2014 (5915-70, 5927-70),DIN 934, Беларусь",170,krepej_i_takelaj/metricheskiy_krepej/gayki,https://optorg.ru/catalog/krepej_i_takelaj/metricheskiy_krepej/gayki/253431/
253520,"Гайка М6 цинк , ГОСТ Р ИСО 4032-2014 (5915-70, 5927-70), DIN 934, Беларусь",201,krepej_i_takelaj/metricheskiy_krepej/gayki,https://optorg.ru/catalog/krepej_i_takelaj/metricheskiy_krepej/gayki/253520/
253681,"Гайка М27 цинк , ГОСТ Р ИСО 4032-2014 (5915-70, 5927-70), DIN 934, Россия",240,krepej_i_takelaj/metricheskiy_krepej/gayki,https://optorg.ru/catalog/krepej_i_takelaj/metricheskiy_krepej/gayki/253681/
253722,"Гайка М27 кл. пр. 8,0, ГОСТ Р ИСО 4032-2014 (5915-70, 5927-70), DIN 934, Россия",388,krepej_i_takelaj/metricheskiy_krepej/gayki,https://optorg.ru/catalog/krepej_i_takelaj/metricheskiy_krepej/gayki/253722/
253727,"Гайка М5 соединительная цинк , DIN 6334",2.4,krepej_i_takelaj/metricheskiy_krepej/gayki,https://optorg.ru/catalog/krepej_i_takelaj/metricheskiy_krepej/gayki/253727/
253745,"Гайка М20 кл. пр. 8,0, DIN 934, Китай",388,krepej_i_takelaj/metricheskiy_krepej/gayki,https://optorg.ru/catalog/krepej_i_takelaj/metricheskiy_krepej/gayki/253745/
253840,"Гайка М10 с фланцем цинк , DIN 6923",250,krepej_i_takelaj/metricheskiy_krepej/gayki,https://optorg.ru/catalog/krepej_i_takelaj/metricheskiy_krepej/gayki/253840/
253909,"Гайка М10 цинк  кл. пр. 8,0, ГОСТ 5915-70, ГОСТ 5927-70, DIN 934, Беларусь",282,krepej_i_takelaj/metricheskiy_krepej/gayki,https://optorg.ru/catalog/krepej_i_takelaj/metricheskiy_krepej/gayki/253909/
253939,"Гайка М16 соединительная цинк , DIN 6334",27.5,krepej_i_takelaj/metricheskiy_krepej/gayki,https://optorg.ru/catalog/krepej_i_takelaj/metricheskiy_krepej/gayki/253939/
253982,"Гайка М27 цинк, DIN 934, Китай",225,krepej_i_takelaj/metricheskiy_krepej/gayki,https://optorg.ru/catalog/krepej_i_takelaj/metricheskiy_krepej/gayki/253982/
254004,"Гайка М16 кл. пр. 8,0, DIN 934, Китай",287,krepej_i_takelaj/metricheskiy_krepej/gayki,https://optorg.ru/catalog/krepej_i_takelaj/metricheskiy_krepej/gayki/254004/
254083,"Гайка М20 кл. пр. 10, ГОСТ Р ИСО 4032-2014 (5915-70, 5927-70), DIN 934, Россия",394,krepej_i_takelaj/metricheskiy_krepej/gayki,https://optorg.ru/catalog/krepej_i_takelaj/metricheskiy_krepej/gayki/254083/
254084,"Гайка М27 кл. пр. 10, ГОСТ Р ИСО 4032-2014 (5915-70, 5927-70), DIN 934, Россия",482,krepej_i_takelaj/metricheskiy_krepej/gayki,https://optorg.ru/catalog/krepej_i_takelaj/metricheskiy_krepej/gayki/254084/
296141,"Гайка М22 кл. пр. 10, ГОСТ Р ИСО 4032-2014 (5915-70, 5927-70), DIN 934, Россия",441,krepej_i_takelaj/metricheskiy_krepej/gayki,https://optorg.ru/catalog/krepej_i_takelaj/metricheskiy_krepej/gayki/296141/
298621,"Гайка М24 кл. пр. 8,0, DIN 934, Китай",388,krepej_i_takelaj/metricheskiy_krepej/gayki,https://optorg.ru/catalog/krepej_i_takelaj/metricheskiy_krepej/gayki/298621/
299606,"Гайка М27 кл. пр. 10, ГОСТ Р 52645-2006, Россия",544,krepej_i_takelaj/metricheskiy_krepej/gayki,https://optorg.ru/catalog/krepej_i_takelaj/metricheskiy_krepej/gayki/299606/
301553,"Гайка М12 кл. пр. 8,0, DIN 934, Китай",261,krepej_i_takelaj/metricheskiy_krepej/gayki,https://optorg.ru/catalog/krepej_i_takelaj/metricheskiy_krepej/gayki/301553/
301554,"Гайка М14 кл. пр. 10, ГОСТ Р ИСО 4032-2014 (5915-70, 5927-70), DIN 934, Россия",320,krepej_i_takelaj/metricheskiy_krepej/gayki,https://optorg.ru/catalog/krepej_i_takelaj/metricheskiy_krepej/gayki/301554/
301556,"Гайка М22 кл. пр. 8,0, DIN 934, Китай",400,krepej_i_takelaj/metricheskiy_krepej/gayki,https://optorg.ru/catalog/krepej_i_takelaj/metricheskiy_krepej/gayki/301556/
301557,"Гайка М30 кл. пр. 8,0, DIN 934, Китай",388,krepej_i_takelaj/metricheskiy_krepej/gayki,https://optorg.ru/catalog/krepej_i_takelaj/metricheskiy_krepej/gayki/301557/
315661,"Гайка М22 цинк, DIN 934, Китай",225,krepej_i_takelaj/metricheskiy_krepej/gayki,https://optorg.ru/catalog/krepej_i_takelaj/metricheskiy_krepej/gayki/315661/
330226,"Гайка М4 барашковая цинк , DIN 315",1.4,krepej_i_takelaj/metricheskiy_krepej/gayki,https://optorg.ru/catalog/krepej_i_takelaj/metricheskiy_krepej/gayki/330226/
339792,"Гайка М27 кл. пр. 8,0, DIN 934, Китай",388,krepej_i_takelaj/metricheskiy_krepej/gayki,https://optorg.ru/catalog/krepej_i_takelaj/metricheskiy_krepej/gayki/339792/
344201,"Гайка М16 цинк, кл. пр. 8,0, DIN 934, Китай",307,krepej_i_takelaj/metricheskiy_krepej/gayki,https://optorg.ru/catalog/krepej_i_takelaj/metricheskiy_krepej/gayki/344201/
345339,"Гайка М8 кл. пр. 8,0, ГОСТ Р ИСО 4032-2014 (5915-70, 5927-70), DIN 934, Беларусь",263,krepej_i_takelaj/metricheskiy_krepej/gayki,https://optorg.ru/catalog/krepej_i_takelaj/metricheskiy_krepej/gayki/345339/
347663,"Гайка М18 кл. пр. 8,0, DIN 934, Китай",336,krepej_i_takelaj/metricheskiy_krepej/gayki,https://optorg.ru/catalog/krepej_i_takelaj/metricheskiy_krepej/gayki/347663/
347664,"Гайка М14 кл. пр. 8,0, DIN 934, Китай",304,krepej_i_takelaj/metricheskiy_krepej/gayki,https://optorg.ru/catalog/krepej_i_takelaj/metricheskiy_krepej/gayki/347664/
356034,"Гайка М24 кл. пр. 10, DIN 934, Китай",383,krepej_i_takelaj/metricheskiy_krepej/gayki,https://optorg.ru/catalog/krepej_i_takelaj/metricheskiy_krepej/gayki/356034/
368682,"Гайка М16 кл. пр. 10,0, DIN 934, Китай",342,krepej_i_takelaj/metricheskiy_krepej/gayki,https://optorg.ru/catalog/krepej_i_takelaj/metricheskiy_krepej/gayki/368682/
368683,"Гайка М14 кл. пр. 10, DIN 934, Китай",320,krepej_i_takelaj/metricheskiy_krepej/gayki,https://optorg.ru/catalog/krepej_i_takelaj/metricheskiy_krepej/gayki/368683/
368700,"Гайка М20 кл. пр. 10, DIN 934, Китай",394,krepej_i_takelaj/metricheskiy_krepej/gayki,https://optorg.ru/catalog/krepej_i_takelaj/metricheskiy_krepej/gayki/368700/
397087,"Гайка М18 кл. пр. 10,0, DIN 934, Китай",370,krepej_i_takelaj/metricheskiy_krepej/gayki,https://optorg.ru/catalog/krepej_i_takelaj/metricheskiy_krepej/gayki/397087/
421303,"Гайка М5 , нерж. сталь А2, DIN 934",833,krepej_i_takelaj/metricheskiy_krepej/gayki,https://optorg.ru/catalog/krepej_i_takelaj/metricheskiy_krepej/gayki/421303/
421319,"Гайка М8 со стопорным кольцом, нерж. сталь А2, DIN 985",750,krepej_i_takelaj/metricheskiy_krepej/gayki,https://optorg.ru/catalog/krepej_i_takelaj/metricheskiy_krepej/gayki/421319/
421326,"Гайка М4 , нерж. сталь А2, DIN 934",1065,krepej_i_takelaj/metricheskiy_krepej/gayki,https://optorg.ru/catalog/krepej_i_takelaj/metricheskiy_krepej/gayki/421326/
421344,"Гайка М5 со стопорным кольцом, нерж. сталь А2, DIN 985",1388,krepej_i_takelaj/metricheskiy_krepej/gayki,https://optorg.ru/catalog/krepej_i_takelaj/metricheskiy_krepej/gayki/421344/
421367,"Гайка М6 со стопорным кольцом, нерж. сталь А2, DIN 985",1155,krepej_i_takelaj/metricheskiy_krepej/gayki,https://optorg.ru/catalog/krepej_i_takelaj/metricheskiy_krepej/gayki/421367/
421405,"Гайка М4 со стопорным кольцом, нерж. сталь А2, DIN 985",1755,krepej_i_takelaj/metricheskiy_krepej/gayki,https://optorg.ru/catalog/krepej_i_takelaj/metricheskiy_krepej/gayki/421405/
421417,"Гайка М10 , нерж. сталь А2, DIN 934",630,krepej_i_takelaj/metricheskiy_krepej/gayki,https://optorg.ru/catalog/krepej_i_takelaj/metricheskiy_krepej/gayki/421417/
421424,"Гайка М8 , нерж. сталь А2, DIN 934",630,krepej_i_takelaj/metricheskiy_krepej/gayki,https://optorg.ru/catalog/krepej_i_takelaj/metricheskiy_krepej/gayki/421424/
421430,"Гайка М6 , нерж. сталь А2, DIN 934",675,krepej_i_takelaj/metricheskiy_krepej/gayki,https://optorg.ru/catalog/krepej_i_takelaj/metricheskiy_krepej/gayki/421430/
421707,"Гайка М10 со стопорным кольцом, нерж. сталь А2, DIN 985",750,krepej_i_takelaj/metricheskiy_krepej/gayki,https://optorg.ru/catalog/krepej_i_takelaj/metricheskiy_krepej/gayki/421707/
422462,"Гайка М10 кл. пр. 10, ГОСТ 5915-70, ГОСТ 5927-70, DIN 934, Беларусь",308,krepej_i_takelaj/metricheskiy_krepej/gayki,https://optorg.ru/catalog/krepej_i_takelaj/metricheskiy_krepej/gayki/422462/
426055,"Гайка М16 кл. пр. 10,0, ГОСТ Р ИСО 4032-2014 (5915-70, 5927-70), DIN 934, Беларусь",342,krepej_i_takelaj/metricheskiy_krepej/gayki,https://optorg.ru/catalog/krepej_i_takelaj/metricheskiy_krepej/gayki/426055/
426154,"Гайка М22 кл. пр. 10, DIN 934, Китай",390,krepej_i_takelaj/metricheskiy_krepej/gayki,https://optorg.ru/catalog/krepej_i_takelaj/metricheskiy_krepej/gayki/426154/
426421,"Гайка М12 кл. пр. 10,0, ГОСТ 5915-70, ГОСТ 5927-70, DIN 934, Беларусь",309,krepej_i_takelaj/metricheskiy_krepej/gayki,https://optorg.ru/catalog/krepej_i_takelaj/metricheskiy_krepej/gayki/426421/
429707,"Гайка М12 цинк  кл. пр. 8,0, ГОСТ 5915-70, ГОСТ 5927-70, DIN 934, Беларусь",282,krepej_i_takelaj/metricheskiy_krepej/gayki,https://optorg.ru/catalog/krepej_i_takelaj/metricheskiy_krepej/gayki/429707/
432848,"Гайка М27 кл. пр. 10, DIN 934, Китай",399,krepej_i_takelaj/metricheskiy_krepej/gayki,https://optorg.ru/catalog/krepej_i_takelaj/metricheskiy_krepej/gayki/432848/
460205,"Гайка М8 кл. пр. 10, ГОСТ Р ИСО 4032-2014 (5915-70, 5927-70), DIN 934, Беларусь",317,krepej_i_takelaj/metricheskiy_krepej/gayki,https://optorg.ru/catalog/krepej_i_takelaj/metricheskiy_krepej/gayki/460205/
462842,"Гайка М4 цинк , ГОСТ Р ИСО 4032-2014 (5915-70, 5927-70),DIN 934, Россия",360,krepej_i_takelaj/metricheskiy_krepej/gayki,https://optorg.ru/catalog/krepej_i_takelaj/metricheskiy_krepej/gayki/462842/
463025,"Гайка М5 цинк , ГОСТ Р ИСО 4032-2014 (5915-70, 5927-70), DIN 934, Беларусь",245,krepej_i_takelaj/metricheskiy_krepej/gayki,https://optorg.ru/catalog/krepej_i_takelaj/metricheskiy_krepej/gayki/463025/
468975,"Гайка М10 кл. пр. 10, DIN 934, Китай",308,krepej_i_takelaj/metricheskiy_krepej/gayki,https://optorg.ru/catalog/krepej_i_takelaj/metricheskiy_krepej/gayki/468975/
469208,"Гайка М16 цинк  кл. пр. 10,0, ГОСТ Р ИСО 4032-2014 (5915-70, 5927-70), DIN 934, Беларусь",361,krepej_i_takelaj/metricheskiy_krepej/gayki,https://optorg.ru/catalog/krepej_i_takelaj/metricheskiy_krepej/gayki/469208/
469209,"Гайка М12 цинк  кл. пр. 10,0, ГОСТ 5915-70, ГОСТ 5927-70, DIN 934, Беларусь",330,krepej_i_takelaj/metricheskiy_krepej/gayki,https://optorg.ru/catalog/krepej_i_takelaj/metricheskiy_krepej/gayki/469209/
469859,"Гайка М30 кл. пр. 8,0, ГОСТ Р ИСО 4032-2014 (5915-70, 5927-70), DIN 934, Россия",388,krepej_i_takelaj/metricheskiy_krepej/gayki,https://optorg.ru/catalog/krepej_i_takelaj/metricheskiy_krepej/gayki/469859/
470356,"Гайка М4 со стопорным кольцом цинк , DIN 985",508,krepej_i_takelaj/metricheskiy_krepej/gayki,https://optorg.ru/catalog/krepej_i_takelaj/metricheskiy_krepej/gayki/470356/
471757,"Гайка М12 цинк, кл. пр. 8,0, DIN 934, Китай",282,krepej_i_takelaj/metricheskiy_krepej/gayki,https://optorg.ru/catalog/krepej_i_takelaj/metricheskiy_krepej/gayki/471757/
472498,"Гайка М30  цинк кл. пр. 8,0, DIN 934, Китай",388,krepej_i_takelaj/metricheskiy_krepej/gayki,https://optorg.ru/catalog/krepej_i_takelaj/metricheskiy_krepej/gayki/472498/
473947,"Гайка М22  цинк кл. пр. 10, DIN 934, Китай",390,krepej_i_takelaj/metricheskiy_krepej/gayki,https://optorg.ru/catalog/krepej_i_takelaj/metricheskiy_krepej/gayki/473947/
475045,"Гайка М24 кл. пр. 10, ГОСТ Р ИСО 4032-2014 (5915-70, 5927-70), DIN 934, Россия",482,krepej_i_takelaj/metricheskiy_krepej/gayki,https://optorg.ru/catalog/krepej_i_takelaj/metricheskiy_krepej/gayki/475045/
475150,"Гайка М30 кл. пр. 10,0, ГОСТ Р ИСО 4032-2014 (5915-70, 5927-70), DIN 934, Россия",482,krepej_i_takelaj/metricheskiy_krepej/gayki,https://optorg.ru/catalog/krepej_i_takelaj/metricheskiy_krepej/gayki/475150/
481823,"Гайка М20  цинк кл. пр. 10, DIN 934, Китай",415,krepej_i_takelaj/metricheskiy_krepej/gayki,https://optorg.ru/catalog/krepej_i_takelaj/metricheskiy_krepej/gayki/481823/
488335,"Гайка М18 цинк  кл. пр. 8,0, DIN 934, Китай",348,krepej_i_takelaj/metricheskiy_krepej/gayki,https://optorg.ru/catalog/krepej_i_takelaj/metricheskiy_krepej/gayki/488335/
488680,"Гайка М10 цинк  кл. пр. 10, ГОСТ 5915-70, ГОСТ 5927-70, DIN 934, Беларусь",328,krepej_i_takelaj/metricheskiy_krepej/gayki,https://optorg.ru/catalog/krepej_i_takelaj/metricheskiy_krepej/gayki/488680/
489477,"Гайка М14 кл. пр. 8,0, ГОСТ Р ИСО 4032-2014 (5915-70, 5927-70), DIN 934, Россия",304,krepej_i_takelaj/metricheskiy_krepej/gayki,https://optorg.ru/catalog/krepej_i_takelaj/metricheskiy_krepej/gayki/489477/
489499,"Гайка М8 цинк  кл. пр. 10, ГОСТ Р ИСО 4032-2014 (5915-70, 5927-70), DIN 934, Беларусь",337,krepej_i_takelaj/metricheskiy_krepej/gayki,https://optorg.ru/catalog/krepej_i_takelaj/metricheskiy_krepej/gayki/489499/
489501,"Гайка М8 цинк  кл. пр. 8,0, ГОСТ Р ИСО 4032-2014 (5915-70, 5927-70), DIN 934, Беларусь",284,krepej_i_takelaj/metricheskiy_krepej/gayki,https://optorg.ru/catalog/krepej_i_takelaj/metricheskiy_krepej/gayki/489501/
494489,"Гайка М10 цинк  кл. пр. 8,0, DIN 934, Китай",282,krepej_i_takelaj/metricheskiy_krepej/gayki,https://optorg.ru/catalog/krepej_i_takelaj/metricheskiy_krepej/gayki/494489/
495949,"Гайка М10 кл. пр. 8,0, ГОСТ 5915-70, ГОСТ 5927-70, DIN 934, Россия",261,krepej_i_takelaj/metricheskiy_krepej/gayki,https://optorg.ru/catalog/krepej_i_takelaj/metricheskiy_krepej/gayki/495949/
495957,"Гайка М18 цинк  кл. пр. 10,0, DIN 934, Китай",390,krepej_i_takelaj/metricheskiy_krepej/gayki,https://optorg.ru/catalog/krepej_i_takelaj/metricheskiy_krepej/gayki/495957/
335535,"Гайка-заклепка М6 цилиндрический бортик с насечкой, цинк, (1000 шт)",2048,krepej_i_takelaj/metricheskiy_krepej/gayki-zaklepki,https://optorg.ru/catalog/krepej_i_takelaj/metricheskiy_krepej/gayki-zaklepki/335535/
335536,"Гайка-заклепка М4 цилиндрический бортик с насечкой, цинк, (2000 шт)",3435,krepej_i_takelaj/metricheskiy_krepej/gayki-zaklepki,https://optorg.ru/catalog/krepej_i_takelaj/metricheskiy_krepej/gayki-zaklepki/335536/
357689,"Гайка-заклепка М8 цилиндрический бортик с насечкой, цинк, (500 шт)",1850,krepej_i_takelaj/metricheskiy_krepej/gayki-zaklepki,https://optorg.ru/catalog/krepej_i_takelaj/metricheskiy_krepej/gayki-zaklepki/357689/
426359,"Гайка-заклепка М10 цилиндрический бортик с насечкой, цинк, (200 шт)",1244,krepej_i_takelaj/metricheskiy_krepej/gayki-zaklepki,https://optorg.ru/catalog/krepej_i_takelaj/metricheskiy_krepej/gayki-zaklepki/426359/
435149,"Гайка-заклепка М10 цилиндрический бортик с насечкой, цинк, (150 шт)",933,krepej_i_takelaj/metricheskiy_krepej/gayki-zaklepki,https://optorg.ru/catalog/krepej_i_takelaj/metricheskiy_krepej/gayki-zaklepki/435149/
463561,"Гайка-заклепка М10 цилиндрический бортик с насечкой, цинк, (100 шт)",622,krepej_i_takelaj/metricheskiy_krepej/gayki-zaklepki,https://optorg.ru/catalog/krepej_i_takelaj/metricheskiy_krepej/gayki-zaklepki/463561/
472302,"Гайка-заклепка М5 цилиндрический бортик с насечкой, цинк, (1200 шт)",2295,krepej_i_takelaj/metricheskiy_krepej/gayki-zaklepki,https://optorg.ru/catalog/krepej_i_takelaj/metricheskiy_krepej/gayki-zaklepki/472302/
251812,"Рым-гайка М10, цинк, DIN 582, Китай",39,krepej_i_takelaj/metricheskiy_krepej/rym-gayki,https://optorg.ru/catalog/krepej_i_takelaj/metricheskiy_krepej/rym-gayki/251812/
251813,"Рым-гайка М12, цинк, DIN 582, Китай",52,krepej_i_takelaj/metricheskiy_krepej/rym-gayki,https://optorg.ru/catalog/krepej_i_takelaj/metricheskiy_krepej/rym-gayki/251813/
251814,"Рым-гайка М6, цинк, DIN 582, Китай",28,krepej_i_takelaj/metricheskiy_krepej/rym-gayki,https://optorg.ru/catalog/krepej_i_takelaj/metricheskiy_krepej/rym-gayki/251814/
251815,"Рым-гайка М8, цинк, DIN 582, Китай",29,krepej_i_takelaj/metricheskiy_krepej/rym-gayki,https://optorg.ru/catalog/krepej_i_takelaj/metricheskiy_krepej/rym-gayki/251815/
253828,"Рым-гайка М16, цинк, DIN 582, Китай",76,krepej_i_takelaj/metricheskiy_krepej/rym-gayki,https://optorg.ru/catalog/krepej_i_takelaj/metricheskiy_krepej/rym-gayki/253828/
251073,"Винт М8x20 мм с внутренним шестигранником, цинк, DIN 912",3.7,krepej_i_takelaj/metricheskiy_krepej/vinty,https://optorg.ru/catalog/krepej_i_takelaj/metricheskiy_krepej/vinty/251073/
251074,"Винт М10x20 мм с внутренним шестигранником, цинк, DIN 912",6.1,krepej_i_takelaj/metricheskiy_krepej/vinty,https://optorg.ru/catalog/krepej_i_takelaj/metricheskiy_krepej/vinty/251074/
251107,"Винт М6x40 мм с внутренним шестигранником, цинк, DIN 912",2.9,krepej_i_takelaj/metricheskiy_krepej/vinty,https://optorg.ru/catalog/krepej_i_takelaj/metricheskiy_krepej/vinty/251107/
251108,"Винт М8x40 мм с внутренним шестигранником, цинк, DIN 912",5.7,krepej_i_takelaj/metricheskiy_krepej/vinty,https://optorg.ru/catalog/krepej_i_takelaj/metricheskiy_krepej/vinty/251108/
251109,"Винт М10x40 мм с внутренним шестигранником, цинк, DIN 912",8.6,krepej_i_takelaj/metricheskiy_krepej/vinty,https://optorg.ru/catalog/krepej_i_takelaj/metricheskiy_krepej/vinty/251109/
251110,"Винт М12x40 мм с внутренним шестигранником, цинк, DIN 912",13.1,krepej_i_takelaj/metricheskiy_krepej/vinty,https://optorg.ru/catalog/krepej_i_takelaj/metricheskiy_krepej/vinty/251110/
251176,"Винт М10x30 мм с внутренним шестигранником, цинк, DIN 912",7.2,krepej_i_takelaj/metricheskiy_krepej/vinty,https://optorg.ru/catalog/krepej_i_takelaj/metricheskiy_krepej/vinty/251176/
251177,"Винт М8x30 мм с внутренним шестигранником, цинк, DIN 912",4.5,krepej_i_takelaj/metricheskiy_krepej/vinty,https://optorg.ru/catalog/krepej_i_takelaj/metricheskiy_krepej/vinty/251177/
251507,"Винт М10x50 мм с внутренним шестигранником, цинк, DIN 912",8.8,krepej_i_takelaj/metricheskiy_krepej/vinty,https://optorg.ru/catalog/krepej_i_takelaj/metricheskiy_krepej/vinty/251507/
251508,"Винт М12x50 мм с внутренним шестигранником, цинк, DIN 912",14,krepej_i_takelaj/metricheskiy_krepej/vinty,https://optorg.ru/catalog/krepej_i_takelaj/metricheskiy_krepej/vinty/251508/
251509,"Винт М6x20 мм с внутренним шестигранником, цинк, DIN 912",2,krepej_i_takelaj/metricheskiy_krepej/vinty,https://optorg.ru/catalog/krepej_i_takelaj/metricheskiy_krepej/vinty/251509/
251519,"Винт М12x70 мм с внутренним шестигранником, цинк, DIN 912",17.4,krepej_i_takelaj/metricheskiy_krepej/vinty,https://optorg.ru/catalog/krepej_i_takelaj/metricheskiy_krepej/vinty/251519/
251684,Винт-Конфирмат   7х50  с внутренним шестигранником (Евровинт),1.9,krepej_i_takelaj/metricheskiy_krepej/vinty,https://optorg.ru/catalog/krepej_i_takelaj/metricheskiy_krepej/vinty/251684/
251693,"Винт М6x30 мм с внутренним шестигранником, цинк, DIN 912",2.4,krepej_i_takelaj/metricheskiy_krepej/vinty,https://optorg.ru/catalog/krepej_i_takelaj/metricheskiy_krepej/vinty/251693/
251694,"Винт М6x50 мм с внутренним шестигранником, цинк, DIN 912",3.4,krepej_i_takelaj/metricheskiy_krepej/vinty,https://optorg.ru/catalog/krepej_i_takelaj/metricheskiy_krepej/vinty/251694/
251695,"Винт М6x60 мм с внутренним шестигранником, цинк, DIN 912",4,krepej_i_takelaj/metricheskiy_krepej/vinty,https://optorg.ru/catalog/krepej_i_takelaj/metricheskiy_krepej/vinty/251695/
251696,"Винт М6x80 мм с внутренним шестигранником, цинк, DIN 912",6.8,krepej_i_takelaj/metricheskiy_krepej/vinty,https://optorg.ru/catalog/krepej_i_takelaj/metricheskiy_krepej/vinty/251696/
251697,"Винт М8x50 мм с внутренним шестигранником, цинк, DIN 912",6.1,krepej_i_takelaj/metricheskiy_krepej/vinty,https://optorg.ru/catalog/krepej_i_takelaj/metricheskiy_krepej/vinty/251697/
251698,"Винт М8x60 мм с внутренним шестигранником, цинк, DIN 912",7.1,krepej_i_takelaj/metricheskiy_krepej/vinty,https://optorg.ru/catalog/krepej_i_takelaj/metricheskiy_krepej/vinty/251698/
251699,"Винт М8x70 мм с внутренним шестигранником, цинк, DIN 912",8.4,krepej_i_takelaj/metricheskiy_krepej/vinty,https://optorg.ru/catalog/krepej_i_takelaj/metricheskiy_krepej/vinty/251699/
251700,"Винт М8x80 мм с внутренним шестигранником, цинк, DIN 912",10.1,krepej_i_takelaj/metricheskiy_krepej/vinty,https://optorg.ru/catalog/krepej_i_takelaj/metricheskiy_krepej/vinty/251700/
251701,"Винт М10x60 мм с внутренним шестигранником, цинк, DIN 912",11.7,krepej_i_takelaj/metricheskiy_krepej/vinty,https://optorg.ru/catalog/krepej_i_takelaj/metricheskiy_krepej/vinty/251701/
251702,"Винт М10x70 мм с внутренним шестигранником, цинк, DIN 912",12.8,krepej_i_takelaj/metricheskiy_krepej/vinty,https://optorg.ru/catalog/krepej_i_takelaj/metricheskiy_krepej/vinty/251702/
251703,"Винт М10x80 мм с внутренним шестигранником, цинк, DIN 912",14.3,krepej_i_takelaj/metricheskiy_krepej/vinty,https://optorg.ru/catalog/krepej_i_takelaj/metricheskiy_krepej/vinty/251703/
251705,"Винт М12x30 мм с внутренним шестигранником, цинк, DIN 912",10.2,krepej_i_takelaj/metricheskiy_krepej/vinty,https://optorg.ru/catalog/krepej_i_takelaj/metricheskiy_krepej/vinty/251705/
251706,"Винт М12x60 мм с внутренним шестигранником, цинк, DIN 912",16.2,krepej_i_takelaj/metricheskiy_krepej/vinty,https://optorg.ru/catalog/krepej_i_takelaj/metricheskiy_krepej/vinty/251706/
251707,"Винт М12x80 мм с внутренним шестигранником, цинк, DIN 912",22.8,krepej_i_takelaj/metricheskiy_krepej/vinty,https://optorg.ru/catalog/krepej_i_takelaj/metricheskiy_krepej/vinty/251707/
251816,"Винт М6x70 мм с внутренним шестигранником, цинк, DIN 912",5.8,krepej_i_takelaj/metricheskiy_krepej/vinty,https://optorg.ru/catalog/krepej_i_takelaj/metricheskiy_krepej/vinty/251816/
251929,"Винт М5x10 мм с полуцилиндрической головой, цинк, DIN 7985",310,krepej_i_takelaj/metricheskiy_krepej/vinty,https://optorg.ru/catalog/krepej_i_takelaj/metricheskiy_krepej/vinty/251929/
252334,"Винт М6x25 мм с внутренним шестигранником, цинк, DIN 912",2.1,krepej_i_takelaj/metricheskiy_krepej/vinty,https://optorg.ru/catalog/krepej_i_takelaj/metricheskiy_krepej/vinty/252334/
252347,"Винт М5x12 мм с внутренним шестигранником, цинк, DIN 912",1.4,krepej_i_takelaj/metricheskiy_krepej/vinty,https://optorg.ru/catalog/krepej_i_takelaj/metricheskiy_krepej/vinty/252347/
252348,"Винт М5x20 мм с внутренним шестигранником, цинк, DIN 912",1.7,krepej_i_takelaj/metricheskiy_krepej/vinty,https://optorg.ru/catalog/krepej_i_takelaj/metricheskiy_krepej/vinty/252348/
252349,"Винт М5x30 мм с внутренним шестигранником, цинк, DIN 912",2.1,krepej_i_takelaj/metricheskiy_krepej/vinty,https://optorg.ru/catalog/krepej_i_takelaj/metricheskiy_krepej/vinty/252349/
252350,"Винт М6x12 мм с внутренним шестигранником, цинк, DIN 912",1.6,krepej_i_takelaj/metricheskiy_krepej/vinty,https://optorg.ru/catalog/krepej_i_takelaj/metricheskiy_krepej/vinty/252350/
252351,"Винт М8x30 мм с потайной головой, цинк, DIN 965",255,krepej_i_takelaj/metricheskiy_krepej/vinty,https://optorg.ru/catalog/krepej_i_takelaj/metricheskiy_krepej/vinty/252351/
252595,"Винт М8x35 мм с внутренним шестигранником, цинк, DIN 912",5.2,krepej_i_takelaj/metricheskiy_krepej/vinty,https://optorg.ru/catalog/krepej_i_takelaj/metricheskiy_krepej/vinty/252595/
252816,"Винт М5x20 мм с полуцилиндрической головой, цинк, DIN 7985",300,krepej_i_takelaj/metricheskiy_krepej/vinty,https://optorg.ru/catalog/krepej_i_takelaj/metricheskiy_krepej/vinty/252816/
252999,"Винт М8x25 мм с полукруглой головой, цинк, ГОСТ 17473-80, Россия",270,krepej_i_takelaj/metricheskiy_krepej/vinty,https://optorg.ru/catalog/krepej_i_takelaj/metricheskiy_krepej/vinty/252999/
253027,"Винт М4x12 мм с потайной головой, цинк, DIN 965",315,krepej_i_takelaj/metricheskiy_krepej/vinty,https://optorg.ru/catalog/krepej_i_takelaj/metricheskiy_krepej/vinty/253027/
253028,"Винт М4x16 мм с потайной головой, цинк, DIN 965",315,krepej_i_takelaj/metricheskiy_krepej/vinty,https://optorg.ru/catalog/krepej_i_takelaj/metricheskiy_krepej/vinty/253028/
253029,"Винт М4x20 мм с потайной головой, цинк, DIN 965",305,krepej_i_takelaj/metricheskiy_krepej/vinty,https://optorg.ru/catalog/krepej_i_takelaj/metricheskiy_krepej/vinty/253029/
253030,"Винт М4x30 мм с потайной головой, цинк, DIN 965",305,krepej_i_takelaj/metricheskiy_krepej/vinty,https://optorg.ru/catalog/krepej_i_takelaj/metricheskiy_krepej/vinty/253030/
253031,"Винт М4x40 мм с потайной головой, цинк, DIN 965",305,krepej_i_takelaj/metricheskiy_krepej/vinty,https://optorg.ru/catalog/krepej_i_takelaj/metricheskiy_krepej/vinty/253031/
253032,"Винт М5x20 мм с потайной головой, цинк, DIN 965",285,krepej_i_takelaj/metricheskiy_krepej/vinty,https://optorg.ru/catalog/krepej_i_takelaj/metricheskiy_krepej/vinty/253032/
253033,"Винт М5x30 мм с потайной головой, цинк, DIN 965",285,krepej_i_takelaj/metricheskiy_krepej/vinty,https://optorg.ru/catalog/krepej_i_takelaj/metricheskiy_krepej/vinty/253033/
253034,"Винт М5x40 мм с потайной головой, цинк, DIN 965",285,krepej_i_takelaj/metricheskiy_krepej/vinty,https://optorg.ru/catalog/krepej_i_takelaj/metricheskiy_krepej/vinty/253034/
253035,"Винт М5x50 мм с потайной головой, цинк, DIN 965",285,krepej_i_takelaj/metricheskiy_krepej/vinty,https://optorg.ru/catalog/krepej_i_takelaj/metricheskiy_krepej/vinty/253035/
253036,"Винт М6x12 мм с потайной головой, цинк, DIN 965",263,krepej_i_takelaj/metricheskiy_krepej/vinty,https://optorg.ru/catalog/krepej_i_takelaj/metricheskiy_krepej/vinty/253036/
253037,"Винт М6x16 мм с потайной головой, цинк, DIN 965",263,krepej_i_takelaj/metricheskiy_krepej/vinty,https://optorg.ru/catalog/krepej_i_takelaj/metricheskiy_krepej/vinty/253037/
253038,"Винт М6x20 мм с потайной головой, цинк, DIN 965",263,krepej_i_takelaj/metricheskiy_krepej/vinty,https://optorg.ru/catalog/krepej_i_takelaj/metricheskiy_krepej/vinty/253038/
253039,"Винт М6x30 мм с потайной головой, цинк, DIN 965",263,krepej_i_takelaj/metricheskiy_krepej/vinty,https://optorg.ru/catalog/krepej_i_takelaj/metricheskiy_krepej/vinty/253039/
253040,"Винт М6x50 мм с потайной головой, цинк, DIN 965",263,krepej_i_takelaj/metricheskiy_krepej/vinty,https://optorg.ru/catalog/krepej_i_takelaj/metricheskiy_krepej/vinty/253040/
253041,"Винт М6x60 мм с потайной головой, цинк, DIN 965, Китай",263,krepej_i_takelaj/metricheskiy_krepej/vinty,https://optorg.ru/catalog/krepej_i_takelaj/metricheskiy_krepej/vinty/253041/
253042,"Винт М5x16 мм с потайной головой, цинк, DIN 965",285,krepej_i_takelaj/metricheskiy_krepej/vinty,https://optorg.ru/catalog/krepej_i_takelaj/metricheskiy_krepej/vinty/253042/
253043,"Винт М6x40 мм с потайной головой, цинк, DIN 965",263,krepej_i_takelaj/metricheskiy_krepej/vinty,https://optorg.ru/catalog/krepej_i_takelaj/metricheskiy_krepej/vinty/253043/
253044,"Винт М4x12 мм с полуцилиндрической головой, цинк, DIN 7985",315,krepej_i_takelaj/metricheskiy_krepej/vinty,https://optorg.ru/catalog/krepej_i_takelaj/metricheskiy_krepej/vinty/253044/
253045,"Винт М4x16 мм с полуцилиндрической головой, цинк, DIN 7985",315,krepej_i_takelaj/metricheskiy_krepej/vinty,https://optorg.ru/catalog/krepej_i_takelaj/metricheskiy_krepej/vinty/253045/
253046,"Винт М4x20 мм с полуцилиндрической головой, цинк, DIN 7985",315,krepej_i_takelaj/metricheskiy_krepej/vinty,https://optorg.ru/catalog/krepej_i_takelaj/metricheskiy_krepej/vinty/253046/
253047,"Винт М4x30 мм с полуцилиндрической головой, цинк, DIN 7985",315,krepej_i_takelaj/metricheskiy_krepej/vinty,https://optorg.ru/catalog/krepej_i_takelaj/metricheskiy_krepej/vinty/253047/
253048,"Винт М4x40 мм с полуцилиндрической головой, цинк, DIN 7985",315,krepej_i_takelaj/metricheskiy_krepej/vinty,https://optorg.ru/catalog/krepej_i_takelaj/metricheskiy_krepej/vinty/253048/
253049,"Винт М5x12 мм с полуцилиндрической головой, цинк, DIN 7985",305,krepej_i_takelaj/metricheskiy_krepej/vinty,https://optorg.ru/catalog/krepej_i_takelaj/metricheskiy_krepej/vinty/253049/
253050,"Винт М5x16 мм с полуцилиндрической головой, цинк, DIN 7985",305,krepej_i_takelaj/metricheskiy_krepej/vinty,https://optorg.ru/catalog/krepej_i_takelaj/metricheskiy_krepej/vinty/253050/
253051,"Винт М5x30 мм с полуцилиндрической головой, цинк, DIN 7985",300,krepej_i_takelaj/metricheskiy_krepej/vinty,https://optorg.ru/catalog/krepej_i_takelaj/metricheskiy_krepej/vinty/253051/
253052,"Винт М5x40 мм с полуцилиндрической головой, цинк, DIN 7985",300,krepej_i_takelaj/metricheskiy_krepej/vinty,https://optorg.ru/catalog/krepej_i_takelaj/metricheskiy_krepej/vinty/253052/
253053,"Винт М5x50 мм с полуцилиндрической головой, цинк, DIN 7985",300,krepej_i_takelaj/metricheskiy_krepej/vinty,https://optorg.ru/catalog/krepej_i_takelaj/metricheskiy_krepej/vinty/253053/
253054,"Винт М6x12 мм с полуцилиндрической головой, цинк, DIN 7985",277,krepej_i_takelaj/metricheskiy_krepej/vinty,https://optorg.ru/catalog/krepej_i_takelaj/metricheskiy_krepej/vinty/253054/
253055,"Винт М6x16 мм с полуцилиндрической головой, цинк, DIN 7985",277,krepej_i_takelaj/metricheskiy_krepej/vinty,https://optorg.ru/catalog/krepej_i_takelaj/metricheskiy_krepej/vinty/253055/
253058,"Винт М6x40 мм с полуцилиндрической головой, цинк, DIN 7985, Китай",277,krepej_i_takelaj/metricheskiy_krepej/vinty,https://optorg.ru/catalog/krepej_i_takelaj/metricheskiy_krepej/vinty/253058/
253059,"Винт М6x50 мм с полуцилиндрической головой, цинк, DIN 7985",277,krepej_i_takelaj/metricheskiy_krepej/vinty,https://optorg.ru/catalog/krepej_i_takelaj/metricheskiy_krepej/vinty/253059/
253060,"Винт М6x60 мм с полуцилиндрической головой, цинк, DIN 7985",277,krepej_i_takelaj/metricheskiy_krepej/vinty,https://optorg.ru/catalog/krepej_i_takelaj/metricheskiy_krepej/vinty/253060/
253083,"Винт М5x25 мм с потайной головой, цинк, DIN 965",285,krepej_i_takelaj/metricheskiy_krepej/vinty,https://optorg.ru/catalog/krepej_i_takelaj/metricheskiy_krepej/vinty/253083/
253092,"Винт М8x25 мм с потайной головой, цинк, DIN 965",255,krepej_i_takelaj/metricheskiy_krepej/vinty,https://optorg.ru/catalog/krepej_i_takelaj/metricheskiy_krepej/vinty/253092/
253121,"Винт М5x60 мм с полуцилиндрической головой, цинк, DIN 7985",300,krepej_i_takelaj/metricheskiy_krepej/vinty,https://optorg.ru/catalog/krepej_i_takelaj/metricheskiy_krepej/vinty/253121/
253248,"Винт М8x40 мм с потайной головой, цинк, DIN 965",255,krepej_i_takelaj/metricheskiy_krepej/vinty,https://optorg.ru/catalog/krepej_i_takelaj/metricheskiy_krepej/vinty/253248/
253251,"Винт М4x10 мм с полуцилиндрической головой, цинк, DIN 7985",315,krepej_i_takelaj/metricheskiy_krepej/vinty,https://optorg.ru/catalog/krepej_i_takelaj/metricheskiy_krepej/vinty/253251/
253252,"Винт М12x35 мм с внутренним шестигранником, цинк, DIN 912",12.9,krepej_i_takelaj/metricheskiy_krepej/vinty,https://optorg.ru/catalog/krepej_i_takelaj/metricheskiy_krepej/vinty/253252/
253255,"Винт М4x10 мм с потайной головой, цинк, DIN 965, Китай",440,krepej_i_takelaj/metricheskiy_krepej/vinty,https://optorg.ru/catalog/krepej_i_takelaj/metricheskiy_krepej/vinty/253255/
253256,"Винт М4x50 мм с полуцилиндрической головой, цинк, DIN 7985",315,krepej_i_takelaj/metricheskiy_krepej/vinty,https://optorg.ru/catalog/krepej_i_takelaj/metricheskiy_krepej/vinty/253256/
253301,"Винт М8x25 мм с внутренним шестигранником, цинк, DIN 912",4.3,krepej_i_takelaj/metricheskiy_krepej/vinty,https://optorg.ru/catalog/krepej_i_takelaj/metricheskiy_krepej/vinty/253301/
253367,"Винт М6x25 мм с полуцилиндрической головой, цинк, DIN 7985",277,krepej_i_takelaj/metricheskiy_krepej/vinty,https://optorg.ru/catalog/krepej_i_takelaj/metricheskiy_krepej/vinty/253367/
253500,"Винт М8x30 мм с полуцилиндрической головой, цинк, DIN 7985, Китай",270,krepej_i_takelaj/metricheskiy_krepej/vinty,https://optorg.ru/catalog/krepej_i_takelaj/metricheskiy_krepej/vinty/253500/
253501,"Винт М8x40 мм с полуцилиндрической головой, цинк, DIN 7985, Китай",270,krepej_i_takelaj/metricheskiy_krepej/vinty,https://optorg.ru/catalog/krepej_i_takelaj/metricheskiy_krepej/vinty/253501/
253502,"Винт М8x50 мм с полуцилиндрической головой, цинк, DIN 7985, Китай",270,krepej_i_takelaj/metricheskiy_krepej/vinty,https://optorg.ru/catalog/krepej_i_takelaj/metricheskiy_krepej/vinty/253502/
253503,"Винт М8x60 мм с полуцилиндрической головой, цинк, DIN 7985, Китай",270,krepej_i_takelaj/metricheskiy_krepej/vinty,https://optorg.ru/catalog/krepej_i_takelaj/metricheskiy_krepej/vinty/253503/
253504,"Винт М8x50 мм с потайной головой, цинк, DIN 965",255,krepej_i_takelaj/metricheskiy_krepej/vinty,https://optorg.ru/catalog/krepej_i_takelaj/metricheskiy_krepej/vinty/253504/
253552,"Винт М6x20 мм с полуцилиндрической головой, цинк, DIN 7985",277,krepej_i_takelaj/metricheskiy_krepej/vinty,https://optorg.ru/catalog/krepej_i_takelaj/metricheskiy_krepej/vinty/253552/
253623,"Винт М6x30 мм с полуцилиндрической головой, цинк, DIN 7985",277,krepej_i_takelaj/metricheskiy_krepej/vinty,https://optorg.ru/catalog/krepej_i_takelaj/metricheskiy_krepej/vinty/253623/
253624,"Винт М5x12 мм с потайной головой, цинк, DIN 965",285,krepej_i_takelaj/metricheskiy_krepej/vinty,https://optorg.ru/catalog/krepej_i_takelaj/metricheskiy_krepej/vinty/253624/
253664,"Винт М6x16 мм с внутренним шестигранником, цинк, DIN 912",1.8,krepej_i_takelaj/metricheskiy_krepej/vinty,https://optorg.ru/catalog/krepej_i_takelaj/metricheskiy_krepej/vinty/253664/
253712,"Винт М5x14 мм с полуцилиндрической головой, цинк, DIN 7985",305,krepej_i_takelaj/metricheskiy_krepej/vinty,https://optorg.ru/catalog/krepej_i_takelaj/metricheskiy_krepej/vinty/253712/
253903,"Винт М10x100 мм с внутренним шестигранником, цинк, DIN 912",16.8,krepej_i_takelaj/metricheskiy_krepej/vinty,https://optorg.ru/catalog/krepej_i_takelaj/metricheskiy_krepej/vinty/253903/
254029,"Винт М4x35 мм с потайной головой, цинк, DIN 965",305,krepej_i_takelaj/metricheskiy_krepej/vinty,https://optorg.ru/catalog/krepej_i_takelaj/metricheskiy_krepej/vinty/254029/
254033,"Винт М4x14 мм с полуцилиндрической головой, цинк, DIN 7985",314,krepej_i_takelaj/metricheskiy_krepej/vinty,https://optorg.ru/catalog/krepej_i_takelaj/metricheskiy_krepej/vinty/254033/
254034,"Винт М4x35 мм с полуцилиндрической головой, цинк, DIN 7985",315,krepej_i_takelaj/metricheskiy_krepej/vinty,https://optorg.ru/catalog/krepej_i_takelaj/metricheskiy_krepej/vinty/254034/
300755,"Винт М8x70 мм с потайной головой, цинк, DIN 965, Китай",255,krepej_i_takelaj/metricheskiy_krepej/vinty,https://optorg.ru/catalog/krepej_i_takelaj/metricheskiy_krepej/vinty/300755/
305245,"Винт М8x80 мм с потайной головой, цинк, DIN 965, Китай",255,krepej_i_takelaj/metricheskiy_krepej/vinty,https://optorg.ru/catalog/krepej_i_takelaj/metricheskiy_krepej/vinty/305245/
356679,"Винт М5x10 мм с внутренним шестигранником, цинк, DIN 912",1.4,krepej_i_takelaj/metricheskiy_krepej/vinty,https://optorg.ru/catalog/krepej_i_takelaj/metricheskiy_krepej/vinty/356679/
418889,"Винт М16x70 мм с внутренним шестигранником, цинк, DIN 912",43.3,krepej_i_takelaj/metricheskiy_krepej/vinty,https://optorg.ru/catalog/krepej_i_takelaj/metricheskiy_krepej/vinty/418889/
418890,"Винт М16x60 мм с внутренним шестигранником, цинк, DIN 912",40,krepej_i_takelaj/metricheskiy_krepej/vinty,https://optorg.ru/catalog/krepej_i_takelaj/metricheskiy_krepej/vinty/418890/
418891,"Винт М16x80 мм с внутренним шестигранником, цинк, DIN 912",45,krepej_i_takelaj/metricheskiy_krepej/vinty,https://optorg.ru/catalog/krepej_i_takelaj/metricheskiy_krepej/vinty/418891/
418892,"Винт М16x50 мм с внутренним шестигранником, цинк, DIN 912",30,krepej_i_takelaj/metricheskiy_krepej/vinty,https://optorg.ru/catalog/krepej_i_takelaj/metricheskiy_krepej/vinty/418892/
421301,"Винт М6x30 мм с внутренним шестигранником, нерж. сталь А2, DIN 912",5.9,krepej_i_takelaj/metricheskiy_krepej/vinty,https://optorg.ru/catalog/krepej_i_takelaj/metricheskiy_krepej/vinty/421301/
421304,"Винт М8x60 мм с внутренним шестигранником, нерж. сталь А2, DIN 912",13.5,krepej_i_takelaj/metricheskiy_krepej/vinty,https://optorg.ru/catalog/krepej_i_takelaj/metricheskiy_krepej/vinty/421304/
421305,"Винт М6x60 мм с полуцилиндрической головой, нерж. сталь А2, DIN 7985",900,krepej_i_takelaj/metricheskiy_krepej/vinty,https://optorg.ru/catalog/krepej_i_takelaj/metricheskiy_krepej/vinty/421305/
421307,"Винт М10x30 мм с внутренним шестигранником, нерж. сталь А2, DIN 912",15.4,krepej_i_takelaj/metricheskiy_krepej/vinty,https://optorg.ru/catalog/krepej_i_takelaj/metricheskiy_krepej/vinty/421307/
421310,"Винт М5x16 мм с полуцилиндрической головой, нерж. сталь А2, DIN 7985",915,krepej_i_takelaj/metricheskiy_krepej/vinty,https://optorg.ru/catalog/krepej_i_takelaj/metricheskiy_krepej/vinty/421310/
421311,"Винт М8x30 мм с внутренним шестигранником, нерж. сталь А2, DIN 912",9,krepej_i_takelaj/metricheskiy_krepej/vinty,https://optorg.ru/catalog/krepej_i_takelaj/metricheskiy_krepej/vinty/421311/
421312,"Винт М8x20 мм с внутренним шестигранником, нерж. сталь А2, DIN 912",7.4,krepej_i_takelaj/metricheskiy_krepej/vinty,https://optorg.ru/catalog/krepej_i_takelaj/metricheskiy_krepej/vinty/421312/
421317,"Винт М5x30 мм с полуцилиндрической головой, нерж. сталь А2, DIN 7985",915,krepej_i_takelaj/metricheskiy_krepej/vinty,https://optorg.ru/catalog/krepej_i_takelaj/metricheskiy_krepej/vinty/421317/
421320,"Винт М4x40 мм с внутренним шестигранником, нерж. сталь А2, DIN 912",6.7,krepej_i_takelaj/metricheskiy_krepej/vinty,https://optorg.ru/catalog/krepej_i_takelaj/metricheskiy_krepej/vinty/421320/
421321,"Винт М6x40 мм с внутренним шестигранником, нерж. сталь А2, DIN 912",6,krepej_i_takelaj/metricheskiy_krepej/vinty,https://optorg.ru/catalog/krepej_i_takelaj/metricheskiy_krepej/vinty/421321/
421327,"Винт М5x50 мм с потайной головой, нерж. сталь А2, DIN 965",930,krepej_i_takelaj/metricheskiy_krepej/vinty,https://optorg.ru/catalog/krepej_i_takelaj/metricheskiy_krepej/vinty/421327/
421329,"Винт М8x80 мм с внутренним шестигранником, нерж. сталь А2, DIN 912",15.4,krepej_i_takelaj/metricheskiy_krepej/vinty,https://optorg.ru/catalog/krepej_i_takelaj/metricheskiy_krepej/vinty/421329/
421330,"Винт М8x16 мм с внутренним шестигранником, нерж. сталь А2, DIN 912",6.2,krepej_i_takelaj/metricheskiy_krepej/vinty,https://optorg.ru/catalog/krepej_i_takelaj/metricheskiy_krepej/vinty/421330/
421331,"Винт М6x50 мм с внутренним шестигранником, нерж. сталь А2, DIN 912",7.8,krepej_i_takelaj/metricheskiy_krepej/vinty,https://optorg.ru/catalog/krepej_i_takelaj/metricheskiy_krepej/vinty/421331/
421333,"Винт М5x50 мм с полуцилиндрической головой, нерж. сталь А2, DIN 7985",915,krepej_i_takelaj/metricheskiy_krepej/vinty,https://optorg.ru/catalog/krepej_i_takelaj/metricheskiy_krepej/vinty/421333/
421334,"Винт М6x16 мм с внутренним шестигранником, нерж. сталь А2, DIN 912",3.4,krepej_i_takelaj/metricheskiy_krepej/vinty,https://optorg.ru/catalog/krepej_i_takelaj/metricheskiy_krepej/vinty/421334/
421339,"Винт М10x100 мм с внутренним шестигранником, нерж. сталь А2, DIN 912",37.3,krepej_i_takelaj/metricheskiy_krepej/vinty,https://optorg.ru/catalog/krepej_i_takelaj/metricheskiy_krepej/vinty/421339/
421340,"Винт М4x30 мм с потайной головой, нерж. сталь А2, DIN 965",960,krepej_i_takelaj/metricheskiy_krepej/vinty,https://optorg.ru/catalog/krepej_i_takelaj/metricheskiy_krepej/vinty/421340/
421342,"Винт М6x12 мм с потайной головой, нерж. сталь А2, DIN 965",915,krepej_i_takelaj/metricheskiy_krepej/vinty,https://optorg.ru/catalog/krepej_i_takelaj/metricheskiy_krepej/vinty/421342/
421343,"Винт М4x30 мм с внутренним шестигранником, нерж. сталь А2, DIN 912",6.4,krepej_i_takelaj/metricheskiy_krepej/vinty,https://optorg.ru/catalog/krepej_i_takelaj/metricheskiy_krepej/vinty/421343/
421346,"Винт М4x20 мм с внутренним шестигранником, нерж. сталь А2, DIN 912",3.2,krepej_i_takelaj/metricheskiy_krepej/vinty,https://optorg.ru/catalog/krepej_i_takelaj/metricheskiy_krepej/vinty/421346/
421347,"Винт М4x12 мм с потайной головой, нерж. сталь А2, DIN 965",960,krepej_i_takelaj/metricheskiy_krepej/vinty,https://optorg.ru/catalog/krepej_i_takelaj/metricheskiy_krepej/vinty/421347/
421348,"Винт М6x50 мм с потайной головой, нерж. сталь А2, DIN 965",915,krepej_i_takelaj/metricheskiy_krepej/vinty,https://optorg.ru/catalog/krepej_i_takelaj/metricheskiy_krepej/vinty/421348/
421350,"Винт М6x25 мм с внутренним шестигранником, нерж. сталь А2, DIN 912",3.8,krepej_i_takelaj/metricheskiy_krepej/vinty,https://optorg.ru/catalog/krepej_i_takelaj/metricheskiy_krepej/vinty/421350/
421351,"Винт М6x16 мм с полуцилиндрической головой, нерж. сталь А2, DIN 7985",900,krepej_i_takelaj/metricheskiy_krepej/vinty,https://optorg.ru/catalog/krepej_i_takelaj/metricheskiy_krepej/vinty/421351/
421355,"Винт М8x40 мм с внутренним шестигранником, нерж. сталь А2, DIN 912",12.6,krepej_i_takelaj/metricheskiy_krepej/vinty,https://optorg.ru/catalog/krepej_i_takelaj/metricheskiy_krepej/vinty/421355/
421356,"Винт М10x80 мм с внутренним шестигранником, нерж. сталь А2, DIN 912",24.9,krepej_i_takelaj/metricheskiy_krepej/vinty,https://optorg.ru/catalog/krepej_i_takelaj/metricheskiy_krepej/vinty/421356/
421357,"Винт М4x20 мм с полуцилиндрической головой, нерж. сталь А2, DIN 7985",945,krepej_i_takelaj/metricheskiy_krepej/vinty,https://optorg.ru/catalog/krepej_i_takelaj/metricheskiy_krepej/vinty/421357/
421363,"Винт М6x30 мм с потайной головой, нерж. сталь А2, DIN 965",915,krepej_i_takelaj/metricheskiy_krepej/vinty,https://optorg.ru/catalog/krepej_i_takelaj/metricheskiy_krepej/vinty/421363/
421368,"Винт М4x40 мм с потайной головой, нерж. сталь А2, DIN 965",960,krepej_i_takelaj/metricheskiy_krepej/vinty,https://optorg.ru/catalog/krepej_i_takelaj/metricheskiy_krepej/vinty/421368/
421369,"Винт М5x10 мм с внутренним шестигранником, нерж. сталь А2, DIN 912",2.1,krepej_i_takelaj/metricheskiy_krepej/vinty,https://optorg.ru/catalog/krepej_i_takelaj/metricheskiy_krepej/vinty/421369/
421373,"Винт М4x10 мм с потайной головой, нерж. сталь А2, DIN 965",1140,krepej_i_takelaj/metricheskiy_krepej/vinty,https://optorg.ru/catalog/krepej_i_takelaj/metricheskiy_krepej/vinty/421373/
421374,"Винт М10x60 мм с внутренним шестигранником, нерж. сталь А2, DIN 912",21.4,krepej_i_takelaj/metricheskiy_krepej/vinty,https://optorg.ru/catalog/krepej_i_takelaj/metricheskiy_krepej/vinty/421374/
421378,"Винт М4x16 мм с потайной головой, нерж. сталь А2, DIN 965",960,krepej_i_takelaj/metricheskiy_krepej/vinty,https://optorg.ru/catalog/krepej_i_takelaj/metricheskiy_krepej/vinty/421378/
421379,"Винт М4x20 мм с потайной головой, нерж. сталь А2, DIN 965",960,krepej_i_takelaj/metricheskiy_krepej/vinty,https://optorg.ru/catalog/krepej_i_takelaj/metricheskiy_krepej/vinty/421379/
421380,"Винт М5x40 мм с полуцилиндрической головой, нерж. сталь А2, DIN 7985",915,krepej_i_takelaj/metricheskiy_krepej/vinty,https://optorg.ru/catalog/krepej_i_takelaj/metricheskiy_krepej/vinty/421380/
421383,"Винт М6x60 мм с потайной головой, нерж. сталь А2, DIN 965",915,krepej_i_takelaj/metricheskiy_krepej/vinty,https://optorg.ru/catalog/krepej_i_takelaj/metricheskiy_krepej/vinty/421383/
421384,"Винт М6x50 мм с полуцилиндрической головой, нерж. сталь А2, DIN 7985",900,krepej_i_takelaj/metricheskiy_krepej/vinty,https://optorg.ru/catalog/krepej_i_takelaj/metricheskiy_krepej/vinty/421384/
421387,"Винт М5x40 мм с потайной головой, нерж. сталь А2, DIN 965",930,krepej_i_takelaj/metricheskiy_krepej/vinty,https://optorg.ru/catalog/krepej_i_takelaj/metricheskiy_krepej/vinty/421387/
421391,"Винт М5x20 мм с потайной головой, нерж. сталь А2, DIN 965",930,krepej_i_takelaj/metricheskiy_krepej/vinty,https://optorg.ru/catalog/krepej_i_takelaj/metricheskiy_krepej/vinty/421391/
421396,"Винт М5x40 мм с внутренним шестигранником, нерж. сталь А2, DIN 912",5.2,krepej_i_takelaj/metricheskiy_krepej/vinty,https://optorg.ru/catalog/krepej_i_takelaj/metricheskiy_krepej/vinty/421396/
421397,"Винт М4x30 мм с полуцилиндрической головой, нерж. сталь А2, DIN 7985",945,krepej_i_takelaj/metricheskiy_krepej/vinty,https://optorg.ru/catalog/krepej_i_takelaj/metricheskiy_krepej/vinty/421397/
421399,"Винт М8x25 мм с внутренним шестигранником, нерж. сталь А2, DIN 912",9,krepej_i_takelaj/metricheskiy_krepej/vinty,https://optorg.ru/catalog/krepej_i_takelaj/metricheskiy_krepej/vinty/421399/
421400,"Винт М6x20 мм с внутренним шестигранником, нерж. сталь А2, DIN 912",3.6,krepej_i_takelaj/metricheskiy_krepej/vinty,https://optorg.ru/catalog/krepej_i_takelaj/metricheskiy_krepej/vinty/421400/
421401,"Винт М10x20 мм с внутренним шестигранником, нерж. сталь А2, DIN 912",12.1,krepej_i_takelaj/metricheskiy_krepej/vinty,https://optorg.ru/catalog/krepej_i_takelaj/metricheskiy_krepej/vinty/421401/
421403,"Винт М6x20 мм с потайной головой, нерж. сталь А2, DIN 965",915,krepej_i_takelaj/metricheskiy_krepej/vinty,https://optorg.ru/catalog/krepej_i_takelaj/metricheskiy_krepej/vinty/421403/
421406,"Винт М5x30 мм с внутренним шестигранником, нерж. сталь А2, DIN 912",4.3,krepej_i_takelaj/metricheskiy_krepej/vinty,https://optorg.ru/catalog/krepej_i_takelaj/metricheskiy_krepej/vinty/421406/
421408,"Винт М6x16 мм с потайной головой, нерж. сталь А2, DIN 965",915,krepej_i_takelaj/metricheskiy_krepej/vinty,https://optorg.ru/catalog/krepej_i_takelaj/metricheskiy_krepej/vinty/421408/
421409,"Винт М4x10 мм с полуцилиндрической головой, нерж. сталь А2, DIN 7985",945,krepej_i_takelaj/metricheskiy_krepej/vinty,https://optorg.ru/catalog/krepej_i_takelaj/metricheskiy_krepej/vinty/421409/
421411,"Винт М4x16 мм с полуцилиндрической головой, нерж. сталь А2, DIN 7985",945,krepej_i_takelaj/metricheskiy_krepej/vinty,https://optorg.ru/catalog/krepej_i_takelaj/metricheskiy_krepej/vinty/421411/
421415,"Винт М4x16 мм с внутренним шестигранником, нерж. сталь А2, DIN 912",2.7,krepej_i_takelaj/metricheskiy_krepej/vinty,https://optorg.ru/catalog/krepej_i_takelaj/metricheskiy_krepej/vinty/421415/
421416,"Винт М4x10 мм с внутренним шестигранником, нерж. сталь А2, DIN 912",2.4,krepej_i_takelaj/metricheskiy_krepej/vinty,https://optorg.ru/catalog/krepej_i_takelaj/metricheskiy_krepej/vinty/421416/
421418,"Винт М6x30 мм с полуцилиндрической головой, нерж. сталь А2, DIN 7985",900,krepej_i_takelaj/metricheskiy_krepej/vinty,https://optorg.ru/catalog/krepej_i_takelaj/metricheskiy_krepej/vinty/421418/
421420,"Винт М4x40 мм с полуцилиндрической головой, нерж. сталь А2, DIN 7985",945,krepej_i_takelaj/metricheskiy_krepej/vinty,https://optorg.ru/catalog/krepej_i_takelaj/metricheskiy_krepej/vinty/421420/
421421,"Винт М6x12 мм с внутренним шестигранником, нерж. сталь А2, DIN 912",2.9,krepej_i_takelaj/metricheskiy_krepej/vinty,https://optorg.ru/catalog/krepej_i_takelaj/metricheskiy_krepej/vinty/421421/
421423,"Винт М5x12 мм с внутренним шестигранником, нерж. сталь А2, DIN 912",2.2,krepej_i_takelaj/metricheskiy_krepej/vinty,https://optorg.ru/catalog/krepej_i_takelaj/metricheskiy_krepej/vinty/421423/
421425,"Винт М5x30 мм с потайной головой, нерж. сталь А2, DIN 965",930,krepej_i_takelaj/metricheskiy_krepej/vinty,https://optorg.ru/catalog/krepej_i_takelaj/metricheskiy_krepej/vinty/421425/
421428,"Винт М8x70 мм с внутренним шестигранником, нерж. сталь А2, DIN 912",14.4,krepej_i_takelaj/metricheskiy_krepej/vinty,https://optorg.ru/catalog/krepej_i_takelaj/metricheskiy_krepej/vinty/421428/
421429,"Винт М8x50 мм с внутренним шестигранником, нерж. сталь А2, DIN 912",12.9,krepej_i_takelaj/metricheskiy_krepej/vinty,https://optorg.ru/catalog/krepej_i_takelaj/metricheskiy_krepej/vinty/421429/
421432,"Винт М6x40 мм с потайной головой, нерж. сталь А2, DIN 965",915,krepej_i_takelaj/metricheskiy_krepej/vinty,https://optorg.ru/catalog/krepej_i_takelaj/metricheskiy_krepej/vinty/421432/
421690,"Винт М5x20 мм с внутренним шестигранником, нерж. сталь А2, DIN 912",2.8,krepej_i_takelaj/metricheskiy_krepej/vinty,https://optorg.ru/catalog/krepej_i_takelaj/metricheskiy_krepej/vinty/421690/
421691,"Винт М5x16 мм с потайной головой, нерж. сталь А2, DIN 965",930,krepej_i_takelaj/metricheskiy_krepej/vinty,https://optorg.ru/catalog/krepej_i_takelaj/metricheskiy_krepej/vinty/421691/
421692,"Винт М6x20 мм с полуцилиндрической головой, нерж. сталь А2, DIN 7985",900,krepej_i_takelaj/metricheskiy_krepej/vinty,https://optorg.ru/catalog/krepej_i_takelaj/metricheskiy_krepej/vinty/421692/
421693,"Винт М6x60 мм с внутренним шестигранником, нерж. сталь А2, DIN 912",9.4,krepej_i_takelaj/metricheskiy_krepej/vinty,https://optorg.ru/catalog/krepej_i_takelaj/metricheskiy_krepej/vinty/421693/
421695,"Винт М5x16 мм с внутренним шестигранником, нерж. сталь А2, DIN 912",2.5,krepej_i_takelaj/metricheskiy_krepej/vinty,https://optorg.ru/catalog/krepej_i_takelaj/metricheskiy_krepej/vinty/421695/
421696,"Винт М5x20 мм с полуцилиндрической головой, нерж. сталь А2, DIN 7985",915,krepej_i_takelaj/metricheskiy_krepej/vinty,https://optorg.ru/catalog/krepej_i_takelaj/metricheskiy_krepej/vinty/421696/
421698,"Винт М10x70 мм с внутренним шестигранником, нерж. сталь А2, DIN 912",23.1,krepej_i_takelaj/metricheskiy_krepej/vinty,https://optorg.ru/catalog/krepej_i_takelaj/metricheskiy_krepej/vinty/421698/
421699,"Винт М10x40 мм с внутренним шестигранником, нерж. сталь А2, DIN 912",16.9,krepej_i_takelaj/metricheskiy_krepej/vinty,https://optorg.ru/catalog/krepej_i_takelaj/metricheskiy_krepej/vinty/421699/
421700,"Винт М6x40 мм с полуцилиндрической головой, нерж. сталь А2, DIN 7985",900,krepej_i_takelaj/metricheskiy_krepej/vinty,https://optorg.ru/catalog/krepej_i_takelaj/metricheskiy_krepej/vinty/421700/
421704,"Винт М8x35 мм с внутренним шестигранником, нерж. сталь А2, DIN 912",11.8,krepej_i_takelaj/metricheskiy_krepej/vinty,https://optorg.ru/catalog/krepej_i_takelaj/metricheskiy_krepej/vinty/421704/
421705,"Винт М4x12 мм с полуцилиндрической головой, нерж. сталь А2, DIN 7985",945,krepej_i_takelaj/metricheskiy_krepej/vinty,https://optorg.ru/catalog/krepej_i_takelaj/metricheskiy_krepej/vinty/421705/
421706,"Винт М5x12 мм с потайной головой, нерж. сталь А2, DIN 965",930,krepej_i_takelaj/metricheskiy_krepej/vinty,https://optorg.ru/catalog/krepej_i_takelaj/metricheskiy_krepej/vinty/421706/
421708,"Винт М10x50 мм с внутренним шестигранником, нерж. сталь А2, DIN 912",19.8,krepej_i_takelaj/metricheskiy_krepej/vinty,https://optorg.ru/catalog/krepej_i_takelaj/metricheskiy_krepej/vinty/421708/
421961,"Винт М6x12 мм с полуцилиндрической головой, нерж. сталь А2, DIN 7985",900,krepej_i_takelaj/metricheskiy_krepej/vinty,https://optorg.ru/catalog/krepej_i_takelaj/metricheskiy_krepej/vinty/421961/
421964,"Винт М5x50 мм с внутренним шестигранником, нерж. сталь А2, DIN 912",5.8,krepej_i_takelaj/metricheskiy_krepej/vinty,https://optorg.ru/catalog/krepej_i_takelaj/metricheskiy_krepej/vinty/421964/
424479,"Винт М5x12 мм с полуцилиндрической головой, нерж. сталь А2, DIN 7985",915,krepej_i_takelaj/metricheskiy_krepej/vinty,https://optorg.ru/catalog/krepej_i_takelaj/metricheskiy_krepej/vinty/424479/
470916,"Винт М6x25 мм с потайной головой, цинк, DIN 965",263,krepej_i_takelaj/metricheskiy_krepej/vinty,https://optorg.ru/catalog/krepej_i_takelaj/metricheskiy_krepej/vinty/470916/
473078,"Винт М10x35 мм с внутренним шестигранником, цинк, DIN 912",8.4,krepej_i_takelaj/metricheskiy_krepej/vinty,https://optorg.ru/catalog/krepej_i_takelaj/metricheskiy_krepej/vinty/473078/
251059,"Шайба D10 плоская, ГОСТ 11371-78 (DIN 125), Китай",153,krepej_i_takelaj/metricheskiy_krepej/shayby,https://optorg.ru/catalog/krepej_i_takelaj/metricheskiy_krepej/shayby/251059/
251060,"Шайба D6 плоская, цинк, ГОСТ 11371-78 (DIN 125), Китай",194,krepej_i_takelaj/metricheskiy_krepej/shayby,https://optorg.ru/catalog/krepej_i_takelaj/metricheskiy_krepej/shayby/251060/
251061,"Шайба D8 плоская, цинк, ГОСТ 11371-78 (DIN 125), Китай",194,krepej_i_takelaj/metricheskiy_krepej/shayby,https://optorg.ru/catalog/krepej_i_takelaj/metricheskiy_krepej/shayby/251061/
251097,"Шайба D12 плоская, ГОСТ 11371-78 (DIN 125), Китай",153,krepej_i_takelaj/metricheskiy_krepej/shayby,https://optorg.ru/catalog/krepej_i_takelaj/metricheskiy_krepej/shayby/251097/
251098,"Шайба D27 плоская, ГОСТ 11371-78 (DIN 125), Китай",188,krepej_i_takelaj/metricheskiy_krepej/shayby,https://optorg.ru/catalog/krepej_i_takelaj/metricheskiy_krepej/shayby/251098/
251099,"Шайба D42 плоская, ГОСТ 11371-78 (DIN 125), Китай",153,krepej_i_takelaj/metricheskiy_krepej/shayby,https://optorg.ru/catalog/krepej_i_takelaj/metricheskiy_krepej/shayby/251099/
251100,"Шайба D6 плоская, ГОСТ 11371-78 (DIN 125), Китай",173,krepej_i_takelaj/metricheskiy_krepej/shayby,https://optorg.ru/catalog/krepej_i_takelaj/metricheskiy_krepej/shayby/251100/
251101,"Шайба D8 плоская, ГОСТ 11371-78 (DIN 125), Китай",173,krepej_i_takelaj/metricheskiy_krepej/shayby,https://optorg.ru/catalog/krepej_i_takelaj/metricheskiy_krepej/shayby/251101/
251102,"Шайба D14 плоская, ГОСТ 11371-78 (DIN 125), Китай",153,krepej_i_takelaj/metricheskiy_krepej/shayby,https://optorg.ru/catalog/krepej_i_takelaj/metricheskiy_krepej/shayby/251102/
251111,"Шайба D24 плоская увеличенная, ГОСТ 6958-70 (DIN 9021), Китай",153,krepej_i_takelaj/metricheskiy_krepej/shayby,https://optorg.ru/catalog/krepej_i_takelaj/metricheskiy_krepej/shayby/251111/
251114,"Шайба D16 гроверная, цинк, ГОСТ 6402-70 (DIN 127), Китай",205,krepej_i_takelaj/metricheskiy_krepej/shayby,https://optorg.ru/catalog/krepej_i_takelaj/metricheskiy_krepej/shayby/251114/
251115,"Шайба D16 плоская, ГОСТ 11371-78 (DIN 125), Китай",153,krepej_i_takelaj/metricheskiy_krepej/shayby,https://optorg.ru/catalog/krepej_i_takelaj/metricheskiy_krepej/shayby/251115/
251116,"Шайба D24 плоская, ГОСТ 11371-78 (DIN 125), Китай",153,krepej_i_takelaj/metricheskiy_krepej/shayby,https://optorg.ru/catalog/krepej_i_takelaj/metricheskiy_krepej/shayby/251116/
251117,"Шайба D20 гроверная, цинк, ГОСТ 6402-70 (DIN 127), Китай",205,krepej_i_takelaj/metricheskiy_krepej/shayby,https://optorg.ru/catalog/krepej_i_takelaj/metricheskiy_krepej/shayby/251117/
251168,"Шайба D30 плоская, ГОСТ 11371-78 (DIN 125), Китай",153,krepej_i_takelaj/metricheskiy_krepej/shayby,https://optorg.ru/catalog/krepej_i_takelaj/metricheskiy_krepej/shayby/251168/
251207,"Шайба D36 плоская, ГОСТ 11371-78 (DIN 125), Китай",153,krepej_i_takelaj/metricheskiy_krepej/shayby,https://optorg.ru/catalog/krepej_i_takelaj/metricheskiy_krepej/shayby/251207/
251210,"Шайба D12 плоская увеличенная, ГОСТ 6958-70 (DIN 9021), Китай",153,krepej_i_takelaj/metricheskiy_krepej/shayby,https://optorg.ru/catalog/krepej_i_takelaj/metricheskiy_krepej/shayby/251210/
251211,"Шайба D18 плоская, ГОСТ 11371-78 (DIN 125), Китай",153,krepej_i_takelaj/metricheskiy_krepej/shayby,https://optorg.ru/catalog/krepej_i_takelaj/metricheskiy_krepej/shayby/251211/
251226,"Шайба D20 плоская, ГОСТ 11371-78 (DIN 125), Китай",153,krepej_i_takelaj/metricheskiy_krepej/shayby,https://optorg.ru/catalog/krepej_i_takelaj/metricheskiy_krepej/shayby/251226/
251227,"Шайба D22 плоская, ГОСТ 11371-78 (DIN 125), Китай",188,krepej_i_takelaj/metricheskiy_krepej/shayby,https://optorg.ru/catalog/krepej_i_takelaj/metricheskiy_krepej/shayby/251227/
251228,"Шайба D10 плоская, цинк, ГОСТ 11371-78 (DIN 125), Китай",174,krepej_i_takelaj/metricheskiy_krepej/shayby,https://optorg.ru/catalog/krepej_i_takelaj/metricheskiy_krepej/shayby/251228/
251229,"Шайба D16 плоская, цинк, ГОСТ 11371-78 (DIN 125), Китай",174,krepej_i_takelaj/metricheskiy_krepej/shayby,https://optorg.ru/catalog/krepej_i_takelaj/metricheskiy_krepej/shayby/251229/
251230,"Шайба D20 плоская, цинк, ГОСТ 11371-78 (DIN 125), Китай",174,krepej_i_takelaj/metricheskiy_krepej/shayby,https://optorg.ru/catalog/krepej_i_takelaj/metricheskiy_krepej/shayby/251230/
251231,"Шайба D12 плоская увеличенная, цинк, ГОСТ 6958-70 (DIN 9021), Китай",174,krepej_i_takelaj/metricheskiy_krepej/shayby,https://optorg.ru/catalog/krepej_i_takelaj/metricheskiy_krepej/shayby/251231/
251232,"Шайба D16 плоская увеличенная, цинк, ГОСТ 6958-70 (DIN 9021), Китай",174,krepej_i_takelaj/metricheskiy_krepej/shayby,https://optorg.ru/catalog/krepej_i_takelaj/metricheskiy_krepej/shayby/251232/
251233,"Шайба D12 гроверная, цинк, ГОСТ 6402-70 (DIN 127), Китай",205,krepej_i_takelaj/metricheskiy_krepej/shayby,https://optorg.ru/catalog/krepej_i_takelaj/metricheskiy_krepej/shayby/251233/
251289,"Шайба D10 гроверная, ГОСТ 6402-70 (DIN 127), Китай",183,krepej_i_takelaj/metricheskiy_krepej/shayby,https://optorg.ru/catalog/krepej_i_takelaj/metricheskiy_krepej/shayby/251289/
251290,"Шайба D22 гроверная, ГОСТ 6402-70 (DIN 127), Китай",198,krepej_i_takelaj/metricheskiy_krepej/shayby,https://optorg.ru/catalog/krepej_i_takelaj/metricheskiy_krepej/shayby/251290/
251291,"Шайба D6 плоская увеличенная, ГОСТ 6958-70 (DIN 9021), Китай",173,krepej_i_takelaj/metricheskiy_krepej/shayby,https://optorg.ru/catalog/krepej_i_takelaj/metricheskiy_krepej/shayby/251291/
251292,"Шайба D8 плоская увеличенная, ГОСТ 6958-70 (DIN 9021), Китай",173,krepej_i_takelaj/metricheskiy_krepej/shayby,https://optorg.ru/catalog/krepej_i_takelaj/metricheskiy_krepej/shayby/251292/
251293,"Шайба D10 плоская увеличенная, ГОСТ 6958-70 (DIN 9021), Китай",153,krepej_i_takelaj/metricheskiy_krepej/shayby,https://optorg.ru/catalog/krepej_i_takelaj/metricheskiy_krepej/shayby/251293/
251294,"Шайба D12 плоская, цинк, ГОСТ 11371-78 (DIN 125), Китай",174,krepej_i_takelaj/metricheskiy_krepej/shayby,https://optorg.ru/catalog/krepej_i_takelaj/metricheskiy_krepej/shayby/251294/
251300,"Шайба D16 плоская увеличенная, ГОСТ 6958-70 (DIN 9021), Китай",153,krepej_i_takelaj/metricheskiy_krepej/shayby,https://optorg.ru/catalog/krepej_i_takelaj/metricheskiy_krepej/shayby/251300/
251311,"Шайба D6 плоская увеличенная, цинк, ГОСТ 6958-70 (DIN 9021), Китай",194,krepej_i_takelaj/metricheskiy_krepej/shayby,https://optorg.ru/catalog/krepej_i_takelaj/metricheskiy_krepej/shayby/251311/
251312,"Шайба D10 плоская увеличенная, цинк, ГОСТ 6958-70 (DIN 9021), Китай",174,krepej_i_takelaj/metricheskiy_krepej/shayby,https://optorg.ru/catalog/krepej_i_takelaj/metricheskiy_krepej/shayby/251312/
251383,"Шайба D20 плоская увеличенная, ГОСТ 6958-70 (DIN 9021), Китай",153,krepej_i_takelaj/metricheskiy_krepej/shayby,https://optorg.ru/catalog/krepej_i_takelaj/metricheskiy_krepej/shayby/251383/
251398,"Шайба D30 гроверная, ГОСТ 6402-70 (DIN 127), Китай",198,krepej_i_takelaj/metricheskiy_krepej/shayby,https://optorg.ru/catalog/krepej_i_takelaj/metricheskiy_krepej/shayby/251398/
251399,"Шайба D8 гроверная, цинк, ГОСТ 6402-70 (DIN 127), Китай",219,krepej_i_takelaj/metricheskiy_krepej/shayby,https://optorg.ru/catalog/krepej_i_takelaj/metricheskiy_krepej/shayby/251399/
251400,"Шайба D8 плоская увеличенная, цинк, ГОСТ 6958-70 (DIN 9021), Китай",194,krepej_i_takelaj/metricheskiy_krepej/shayby,https://optorg.ru/catalog/krepej_i_takelaj/metricheskiy_krepej/shayby/251400/
251502,"Шайба D14 плоская, цинк, ГОСТ 11371-78 (DIN 125), Китай",174,krepej_i_takelaj/metricheskiy_krepej/shayby,https://optorg.ru/catalog/krepej_i_takelaj/metricheskiy_krepej/shayby/251502/
251503,"Шайба D24 плоская, цинк, ГОСТ 11371-78 (DIN 125), Китай",174,krepej_i_takelaj/metricheskiy_krepej/shayby,https://optorg.ru/catalog/krepej_i_takelaj/metricheskiy_krepej/shayby/251503/
251504,"Шайба D10 гроверная, цинк, ГОСТ 6402-70 (DIN 127), Китай",205,krepej_i_takelaj/metricheskiy_krepej/shayby,https://optorg.ru/catalog/krepej_i_takelaj/metricheskiy_krepej/shayby/251504/
251506,"Шайба D24 гроверная, цинк, ГОСТ 6402-70 (DIN 127), Китай",205,krepej_i_takelaj/metricheskiy_krepej/shayby,https://optorg.ru/catalog/krepej_i_takelaj/metricheskiy_krepej/shayby/251506/
251710,"Шайба D27 гроверная, ГОСТ 6402-70 (DIN 127), Китай",198,krepej_i_takelaj/metricheskiy_krepej/shayby,https://optorg.ru/catalog/krepej_i_takelaj/metricheskiy_krepej/shayby/251710/
251711,"Шайба D18 плоская увеличенная, ГОСТ 6958-70 (DIN 9021), Китай",153,krepej_i_takelaj/metricheskiy_krepej/shayby,https://optorg.ru/catalog/krepej_i_takelaj/metricheskiy_krepej/shayby/251711/
251794,"Шайба D8 гроверная, ГОСТ 6402-70 (DIN 127), Китай",198,krepej_i_takelaj/metricheskiy_krepej/shayby,https://optorg.ru/catalog/krepej_i_takelaj/metricheskiy_krepej/shayby/251794/
251795,"Шайба D12 гроверная, ГОСТ 6402-70 (DIN 127), Китай",183,krepej_i_takelaj/metricheskiy_krepej/shayby,https://optorg.ru/catalog/krepej_i_takelaj/metricheskiy_krepej/shayby/251795/
251796,"Шайба D16 гроверная, ГОСТ 6402-70 (DIN 127), Китай",183,krepej_i_takelaj/metricheskiy_krepej/shayby,https://optorg.ru/catalog/krepej_i_takelaj/metricheskiy_krepej/shayby/251796/
251797,"Шайба D20 гроверная, ГОСТ 6402-70 (DIN 127), Китай",183,krepej_i_takelaj/metricheskiy_krepej/shayby,https://optorg.ru/catalog/krepej_i_takelaj/metricheskiy_krepej/shayby/251797/
251798,"Шайба D24 гроверная, ГОСТ 6402-70 (DIN 127), Китай",183,krepej_i_takelaj/metricheskiy_krepej/shayby,https://optorg.ru/catalog/krepej_i_takelaj/metricheskiy_krepej/shayby/251798/
251917,"Шайба D22 плоская увеличенная, ГОСТ 6958-70 (DIN 9021), Китай",188,krepej_i_takelaj/metricheskiy_krepej/shayby,https://optorg.ru/catalog/krepej_i_takelaj/metricheskiy_krepej/shayby/251917/
251945,"Шайба D6 гроверная, ГОСТ 6402-70 (DIN 127), Китай",198,krepej_i_takelaj/metricheskiy_krepej/shayby,https://optorg.ru/catalog/krepej_i_takelaj/metricheskiy_krepej/shayby/251945/
251946,"Шайба D6 гроверная, цинк, ГОСТ 6402-70 (DIN 127), Китай",219,krepej_i_takelaj/metricheskiy_krepej/shayby,https://optorg.ru/catalog/krepej_i_takelaj/metricheskiy_krepej/shayby/251946/
252018,"Шайба D48 плоская, ГОСТ 11371-78 (DIN 125), Китай",153,krepej_i_takelaj/metricheskiy_krepej/shayby,https://optorg.ru/catalog/krepej_i_takelaj/metricheskiy_krepej/shayby/252018/
252020,"Шайба D18 плоская, цинк, ГОСТ 11371-78 (DIN 125), Китай",174,krepej_i_takelaj/metricheskiy_krepej/shayby,https://optorg.ru/catalog/krepej_i_takelaj/metricheskiy_krepej/shayby/252020/
252050,"Шайба D18 гроверная, ГОСТ 6402-70 (DIN 127), Китай",183,krepej_i_takelaj/metricheskiy_krepej/shayby,https://optorg.ru/catalog/krepej_i_takelaj/metricheskiy_krepej/shayby/252050/
252087,"Шайба D20 плоская увеличенная, цинк, ГОСТ 6958-70 (DIN 9021), Китай",174,krepej_i_takelaj/metricheskiy_krepej/shayby,https://optorg.ru/catalog/krepej_i_takelaj/metricheskiy_krepej/shayby/252087/
252337,"Шайба D18 гроверная, цинк, ГОСТ 6402-70 (DIN 127), Китай",205,krepej_i_takelaj/metricheskiy_krepej/shayby,https://optorg.ru/catalog/krepej_i_takelaj/metricheskiy_krepej/shayby/252337/
252445,"Шайба D36 гроверная, ГОСТ 6402-70 (DIN 127), Китай",198,krepej_i_takelaj/metricheskiy_krepej/shayby,https://optorg.ru/catalog/krepej_i_takelaj/metricheskiy_krepej/shayby/252445/
252500,"Шайба D14 гроверная, цинк, ГОСТ 6402-70 (DIN 127), Китай",205,krepej_i_takelaj/metricheskiy_krepej/shayby,https://optorg.ru/catalog/krepej_i_takelaj/metricheskiy_krepej/shayby/252500/
252588,"Шайба D14 гроверная, ГОСТ 6402-70 (DIN 127), Китай",183,krepej_i_takelaj/metricheskiy_krepej/shayby,https://optorg.ru/catalog/krepej_i_takelaj/metricheskiy_krepej/shayby/252588/
252817,"Шайба D5 плоская увеличенная, цинк, ГОСТ 6958-70 (DIN 9021)",210,krepej_i_takelaj/metricheskiy_krepej/shayby,https://optorg.ru/catalog/krepej_i_takelaj/metricheskiy_krepej/shayby/252817/
252860,"Шайба D18 плоская увеличенная, цинк, ГОСТ 6958-70 (DIN 9021), Китай",174,krepej_i_takelaj/metricheskiy_krepej/shayby,https://optorg.ru/catalog/krepej_i_takelaj/metricheskiy_krepej/shayby/252860/
252962,"Шайба D22 плоская увеличенная, цинк, ГОСТ 6958-70 (DIN 9021), Китай",209,krepej_i_takelaj/metricheskiy_krepej/shayby,https://optorg.ru/catalog/krepej_i_takelaj/metricheskiy_krepej/shayby/252962/
252990,"Шайба D5 плоская, цинк, ГОСТ 11371-78 (DIN 125), Китай",210,krepej_i_takelaj/metricheskiy_krepej/shayby,https://optorg.ru/catalog/krepej_i_takelaj/metricheskiy_krepej/shayby/252990/
253071,"Шайба D5 гроверная, цинк, ГОСТ 6402-70 (DIN 127), Китай",248,krepej_i_takelaj/metricheskiy_krepej/shayby,https://optorg.ru/catalog/krepej_i_takelaj/metricheskiy_krepej/shayby/253071/
253127,"Шайба D10 норийная (тарельчатая), Россия",620,krepej_i_takelaj/metricheskiy_krepej/shayby,https://optorg.ru/catalog/krepej_i_takelaj/metricheskiy_krepej/shayby/253127/
253487,"Шайба D27 плоская, цинк, ГОСТ 11371-78 (DIN 125), Китай",209,krepej_i_takelaj/metricheskiy_krepej/shayby,https://optorg.ru/catalog/krepej_i_takelaj/metricheskiy_krepej/shayby/253487/
253507,"Шайба D24 плоская увеличенная, цинк, ГОСТ 6958-70 (DIN 9021), Китай",174,krepej_i_takelaj/metricheskiy_krepej/shayby,https://optorg.ru/catalog/krepej_i_takelaj/metricheskiy_krepej/shayby/253507/
253655,"Шайба D30 плоская увеличенная, цинк, ГОСТ 6958-70 (DIN 9021), Китай",174,krepej_i_takelaj/metricheskiy_krepej/shayby,https://optorg.ru/catalog/krepej_i_takelaj/metricheskiy_krepej/shayby/253655/
253694,"Шайба D36 плоская, цинк, ГОСТ 11371-78 (DIN 125), Китай",174,krepej_i_takelaj/metricheskiy_krepej/shayby,https://optorg.ru/catalog/krepej_i_takelaj/metricheskiy_krepej/shayby/253694/
253785,"Шайба D22 плоская, цинк, ГОСТ 11371-78 (DIN 125), Китай",209,krepej_i_takelaj/metricheskiy_krepej/shayby,https://optorg.ru/catalog/krepej_i_takelaj/metricheskiy_krepej/shayby/253785/
254014,"Шайба D8 с внешними зубьями, DIN 6798",920,krepej_i_takelaj/metricheskiy_krepej/shayby,https://optorg.ru/catalog/krepej_i_takelaj/metricheskiy_krepej/shayby/254014/
254017,"Шайба D27 плоская увеличенная, цинк, ГОСТ 6958-70 (DIN 9021), Китай",209,krepej_i_takelaj/metricheskiy_krepej/shayby,https://optorg.ru/catalog/krepej_i_takelaj/metricheskiy_krepej/shayby/254017/
254099,"Шайба D30 плоская увеличенная, ГОСТ 6958-70 (DIN 9021), Китай",174,krepej_i_takelaj/metricheskiy_krepej/shayby,https://optorg.ru/catalog/krepej_i_takelaj/metricheskiy_krepej/shayby/254099/
296107,"Шайба D4 гроверная, цинк, ГОСТ 6402-70 (DIN 127)",294,krepej_i_takelaj/metricheskiy_krepej/shayby,https://optorg.ru/catalog/krepej_i_takelaj/metricheskiy_krepej/shayby/296107/
296111,"Шайба D4 плоская, цинк, ГОСТ 11371-78 (DIN 125)",220,krepej_i_takelaj/metricheskiy_krepej/shayby,https://optorg.ru/catalog/krepej_i_takelaj/metricheskiy_krepej/shayby/296111/
301227,"Шайба D30 плоская, цинк, ГОСТ 11371-78 (DIN 125), Китай",174,krepej_i_takelaj/metricheskiy_krepej/shayby,https://optorg.ru/catalog/krepej_i_takelaj/metricheskiy_krepej/shayby/301227/
312762,"Шайба D4 с внешними зубьями, DIN 6798",547,krepej_i_takelaj/metricheskiy_krepej/shayby,https://optorg.ru/catalog/krepej_i_takelaj/metricheskiy_krepej/shayby/312762/
312763,"Шайба D6 с внешними зубьями, DIN 6798",926,krepej_i_takelaj/metricheskiy_krepej/shayby,https://optorg.ru/catalog/krepej_i_takelaj/metricheskiy_krepej/shayby/312763/
343324,"Шайба D36 плоская увеличенная, цинк, ГОСТ 6958-70 (DIN 9021), Китай",174,krepej_i_takelaj/metricheskiy_krepej/shayby,https://optorg.ru/catalog/krepej_i_takelaj/metricheskiy_krepej/shayby/343324/
350934,"Шайба D14 плоская увеличенная, цинк, ГОСТ 6958-70 (DIN 9021), Китай",174,krepej_i_takelaj/metricheskiy_krepej/shayby,https://optorg.ru/catalog/krepej_i_takelaj/metricheskiy_krepej/shayby/350934/
421309,"Шайба D4 гроверная, нерж. сталь А2, DIN 127",1350,krepej_i_takelaj/metricheskiy_krepej/shayby,https://optorg.ru/catalog/krepej_i_takelaj/metricheskiy_krepej/shayby/421309/
421313,"Шайба D5 плоская, нерж. сталь А2, DIN 125",990,krepej_i_takelaj/metricheskiy_krepej/shayby,https://optorg.ru/catalog/krepej_i_takelaj/metricheskiy_krepej/shayby/421313/
421315,"Шайба D8 гроверная, нерж. сталь А2, DIN 127",780,krepej_i_takelaj/metricheskiy_krepej/shayby,https://optorg.ru/catalog/krepej_i_takelaj/metricheskiy_krepej/shayby/421315/
421358,"Шайба D4 плоская, нерж. сталь А2, DIN 125",1185,krepej_i_takelaj/metricheskiy_krepej/shayby,https://optorg.ru/catalog/krepej_i_takelaj/metricheskiy_krepej/shayby/421358/
421359,"Шайба D5 гроверная, нерж. сталь А2, DIN 127",1155,krepej_i_takelaj/metricheskiy_krepej/shayby,https://optorg.ru/catalog/krepej_i_takelaj/metricheskiy_krepej/shayby/421359/
421385,"Шайба D10 гроверная, нерж. сталь А2, DIN 127",630,krepej_i_takelaj/metricheskiy_krepej/shayby,https://optorg.ru/catalog/krepej_i_takelaj/metricheskiy_krepej/shayby/421385/
421388,"Шайба D8 плоская, нерж. сталь А2, DIN 125",780,krepej_i_takelaj/metricheskiy_krepej/shayby,https://optorg.ru/catalog/krepej_i_takelaj/metricheskiy_krepej/shayby/421388/
421392,"Шайба D6 плоская, нерж. сталь А2, DIN 125",975,krepej_i_takelaj/metricheskiy_krepej/shayby,https://optorg.ru/catalog/krepej_i_takelaj/metricheskiy_krepej/shayby/421392/
421398,"Шайба D6 гроверная, нерж. сталь А2, DIN 127",1005,krepej_i_takelaj/metricheskiy_krepej/shayby,https://optorg.ru/catalog/krepej_i_takelaj/metricheskiy_krepej/shayby/421398/
421404,"Шайба D10 плоская, нерж. сталь А2, DIN 125",705,krepej_i_takelaj/metricheskiy_krepej/shayby,https://optorg.ru/catalog/krepej_i_takelaj/metricheskiy_krepej/shayby/421404/
426061,"Шайба D27 плоская увеличенная, ГОСТ 6958-70 (DIN 9021), Китай",188,krepej_i_takelaj/metricheskiy_krepej/shayby,https://optorg.ru/catalog/krepej_i_takelaj/metricheskiy_krepej/shayby/426061/
431385,"Шайба D6 плоская увеличенная, нерж. сталь А2, DIN 9021",743,krepej_i_takelaj/metricheskiy_krepej/shayby,https://optorg.ru/catalog/krepej_i_takelaj/metricheskiy_krepej/shayby/431385/
431386,"Шайба D8 плоская увеличенная, нерж. сталь А2, DIN 9021",720,krepej_i_takelaj/metricheskiy_krepej/shayby,https://optorg.ru/catalog/krepej_i_takelaj/metricheskiy_krepej/shayby/431386/
431387,"Шайба D10 плоская увеличенная, нерж. сталь А2, DIN 9021",705,krepej_i_takelaj/metricheskiy_krepej/shayby,https://optorg.ru/catalog/krepej_i_takelaj/metricheskiy_krepej/shayby/431387/
431388,"Шайба D5 плоская увеличенная, нерж. сталь А2, DIN 9021",825,krepej_i_takelaj/metricheskiy_krepej/shayby,https://optorg.ru/catalog/krepej_i_takelaj/metricheskiy_krepej/shayby/431388/
431389,"Шайба D4 плоская увеличенная, нерж. сталь А2, DIN 9021",1200,krepej_i_takelaj/metricheskiy_krepej/shayby,https://optorg.ru/catalog/krepej_i_takelaj/metricheskiy_krepej/shayby/431389/
439438,"Шайба D4 плоская увеличенная, цинк, ГОСТ 6958-70 (DIN 9021)",220,krepej_i_takelaj/metricheskiy_krepej/shayby,https://optorg.ru/catalog/krepej_i_takelaj/metricheskiy_krepej/shayby/439438/
461693,"Шайба D22 плоская увеличенная, ГОСТ 6958-70 (DIN 9021), Россия",188,krepej_i_takelaj/metricheskiy_krepej/shayby,https://optorg.ru/catalog/krepej_i_takelaj/metricheskiy_krepej/shayby/461693/
461818,"Шайба D14 плоская увеличенная, ГОСТ 6958-70 (DIN 9021), Россия",153,krepej_i_takelaj/metricheskiy_krepej/shayby,https://optorg.ru/catalog/krepej_i_takelaj/metricheskiy_krepej/shayby/461818/
468273,"Шайба D36 гроверная, ГОСТ 6402-70 (DIN 127), Россия",198,krepej_i_takelaj/metricheskiy_krepej/shayby,https://optorg.ru/catalog/krepej_i_takelaj/metricheskiy_krepej/shayby/468273/
469858,"Шайба D30 гроверная, цинк, ГОСТ 6402-70 (DIN 127), Китай",219,krepej_i_takelaj/metricheskiy_krepej/shayby,https://optorg.ru/catalog/krepej_i_takelaj/metricheskiy_krepej/shayby/469858/
495083,"Шайба D6 гроверная, цинк, ГОСТ 6402-70 (DIN 127), Россия",219,krepej_i_takelaj/metricheskiy_krepej/shayby,https://optorg.ru/catalog/krepej_i_takelaj/metricheskiy_krepej/shayby/495083/
250521,"Шплинт 4x28 мм, ГОСТ 397-79, Россия",440,krepej_i_takelaj/metricheskiy_krepej/shplinty,https://optorg.ru/catalog/krepej_i_takelaj/metricheskiy_krepej/shplinty/250521/
250523,"Шплинт 5x28 мм, ГОСТ 397-79, Беларусь",410,krepej_i_takelaj/metricheskiy_krepej/shplinty,https://optorg.ru/catalog/krepej_i_takelaj/metricheskiy_krepej/shplinty/250523/
250524,"Шплинт 5x36 мм, ГОСТ 397-79, Россия",410,krepej_i_takelaj/metricheskiy_krepej/shplinty,https://optorg.ru/catalog/krepej_i_takelaj/metricheskiy_krepej/shplinty/250524/
250570,"Шплинт 3,2x20 мм, ГОСТ 397-79, Беларусь",446,krepej_i_takelaj/metricheskiy_krepej/shplinty,https://optorg.ru/catalog/krepej_i_takelaj/metricheskiy_krepej/shplinty/250570/
250572,"Шплинт 4x32 мм, ГОСТ 397-79, Россия",440,krepej_i_takelaj/metricheskiy_krepej/shplinty,https://optorg.ru/catalog/krepej_i_takelaj/metricheskiy_krepej/shplinty/250572/
250573,"Шплинт 5x32 мм, ГОСТ 397-79, Россия",410,krepej_i_takelaj/metricheskiy_krepej/shplinty,https://optorg.ru/catalog/krepej_i_takelaj/metricheskiy_krepej/shplinty/250573/
250574,"Шплинт 3,2x32 мм, ГОСТ 397-79, Россия",446,krepej_i_takelaj/metricheskiy_krepej/shplinty,https://optorg.ru/catalog/krepej_i_takelaj/metricheskiy_krepej/shplinty/250574/
250606,"Шплинт 6,3x40 мм, ГОСТ 397-79, Беларусь",410,krepej_i_takelaj/metricheskiy_krepej/shplinty,https://optorg.ru/catalog/krepej_i_takelaj/metricheskiy_krepej/shplinty/250606/
250774,"Шплинт 8x56 мм, ГОСТ 397-79, Россия",387,krepej_i_takelaj/metricheskiy_krepej/shplinty,https://optorg.ru/catalog/krepej_i_takelaj/metricheskiy_krepej/shplinty/250774/
250832,"Шплинт 6,3x80 мм, ГОСТ 397-79, Россия",410,krepej_i_takelaj/metricheskiy_krepej/shplinty,https://optorg.ru/catalog/krepej_i_takelaj/metricheskiy_krepej/shplinty/250832/
250922,"Шплинт 4x45 мм, ГОСТ 397-79, Беларусь",440,krepej_i_takelaj/metricheskiy_krepej/shplinty,https://optorg.ru/catalog/krepej_i_takelaj/metricheskiy_krepej/shplinty/250922/
250951,"Шплинт 5x45 мм, ГОСТ 397-79, Беларусь",410,krepej_i_takelaj/metricheskiy_krepej/shplinty,https://optorg.ru/catalog/krepej_i_takelaj/metricheskiy_krepej/shplinty/250951/
250966,"Шплинт 4x63 мм, ГОСТ 397-79, Россия",440,krepej_i_takelaj/metricheskiy_krepej/shplinty,https://optorg.ru/catalog/krepej_i_takelaj/metricheskiy_krepej/shplinty/250966/
251022,"Шплинт 5x40 мм, ГОСТ 397-79, Беларусь",410,krepej_i_takelaj/metricheskiy_krepej/shplinty,https://optorg.ru/catalog/krepej_i_takelaj/metricheskiy_krepej/shplinty/251022/
251134,"Шплинт 6,3x76 мм, ГОСТ 397-79, Россия",410,krepej_i_takelaj/metricheskiy_krepej/shplinty,https://optorg.ru/catalog/krepej_i_takelaj/metricheskiy_krepej/shplinty/251134/
251248,"Шплинт 4x22 мм, ГОСТ 397-79, Россия",440,krepej_i_takelaj/metricheskiy_krepej/shplinty,https://optorg.ru/catalog/krepej_i_takelaj/metricheskiy_krepej/shplinty/251248/
251490,"Шплинт 8x90 мм, ГОСТ 397-79, Россия",387,krepej_i_takelaj/metricheskiy_krepej/shplinty,https://optorg.ru/catalog/krepej_i_takelaj/metricheskiy_krepej/shplinty/251490/
251550,"Шплинт 8x50 мм, ГОСТ 397-79, Россия",387,krepej_i_takelaj/metricheskiy_krepej/shplinty,https://optorg.ru/catalog/krepej_i_takelaj/metricheskiy_krepej/shplinty/251550/
251708,"Шплинт 8x63 мм, ГОСТ 397-79, Россия",387,krepej_i_takelaj/metricheskiy_krepej/shplinty,https://optorg.ru/catalog/krepej_i_takelaj/metricheskiy_krepej/shplinty/251708/
251709,"Шплинт 8x80 мм, ГОСТ 397-79, Россия",387,krepej_i_takelaj/metricheskiy_krepej/shplinty,https://optorg.ru/catalog/krepej_i_takelaj/metricheskiy_krepej/shplinty/251709/
251913,"Шплинт 6,3x63 мм, ГОСТ 397-79, Россия",410,krepej_i_takelaj/metricheskiy_krepej/shplinty,https://optorg.ru/catalog/krepej_i_takelaj/metricheskiy_krepej/shplinty/251913/
252137,"Шплинт 3,2x45 мм, ГОСТ 397-79, Беларусь",446,krepej_i_takelaj/metricheskiy_krepej/shplinty,https://optorg.ru/catalog/krepej_i_takelaj/metricheskiy_krepej/shplinty/252137/
252253,"Шплинт 4x40 мм, ГОСТ 397-79, Беларусь",440,krepej_i_takelaj/metricheskiy_krepej/shplinty,https://optorg.ru/catalog/krepej_i_takelaj/metricheskiy_krepej/shplinty/252253/
252294,"Шплинт 6,3x90 мм, ГОСТ 397-79, Россия",410,krepej_i_takelaj/metricheskiy_krepej/shplinty,https://optorg.ru/catalog/krepej_i_takelaj/metricheskiy_krepej/shplinty/252294/
252340,"Шплинт 4x24 мм, ГОСТ 397-79, Россия",309,krepej_i_takelaj/metricheskiy_krepej/shplinty,https://optorg.ru/catalog/krepej_i_takelaj/metricheskiy_krepej/shplinty/252340/
252430,"Шплинт 4x71 мм, ГОСТ 397-79, Россия",440,krepej_i_takelaj/metricheskiy_krepej/shplinty,https://optorg.ru/catalog/krepej_i_takelaj/metricheskiy_krepej/shplinty/252430/
252431,"Шплинт 5x90 мм, ГОСТ 397-79, Россия",410,krepej_i_takelaj/metricheskiy_krepej/shplinty,https://optorg.ru/catalog/krepej_i_takelaj/metricheskiy_krepej/shplinty/252431/
252651,"Шплинт 5x32 мм, ГОСТ 397-79, Беларусь",410,krepej_i_takelaj/metricheskiy_krepej/shplinty,https://optorg.ru/catalog/krepej_i_takelaj/metricheskiy_krepej/shplinty/252651/
252678,"Шплинт 6,3x71 мм, ГОСТ 397-79, Россия",410,krepej_i_takelaj/metricheskiy_krepej/shplinty,https://optorg.ru/catalog/krepej_i_takelaj/metricheskiy_krepej/shplinty/252678/
252829,"Шплинт 2,5x18 мм, ГОСТ 397-79, Россия",446,krepej_i_takelaj/metricheskiy_krepej/shplinty,https://optorg.ru/catalog/krepej_i_takelaj/metricheskiy_krepej/shplinty/252829/
252830,"Шплинт 2,5x20 мм, ГОСТ 397-79, Россия",446,krepej_i_takelaj/metricheskiy_krepej/shplinty,https://optorg.ru/catalog/krepej_i_takelaj/metricheskiy_krepej/shplinty/252830/
252859,"Шплинт 5x56 мм, ГОСТ 397-79, Беларусь",410,krepej_i_takelaj/metricheskiy_krepej/shplinty,https://optorg.ru/catalog/krepej_i_takelaj/metricheskiy_krepej/shplinty/252859/
252942,"Шплинт 3,2x22 мм, ГОСТ 397-79, Беларусь",446,krepej_i_takelaj/metricheskiy_krepej/shplinty,https://optorg.ru/catalog/krepej_i_takelaj/metricheskiy_krepej/shplinty/252942/
252954,"Шплинт 2,5x16 мм, ГОСТ 397-79, Россия",446,krepej_i_takelaj/metricheskiy_krepej/shplinty,https://optorg.ru/catalog/krepej_i_takelaj/metricheskiy_krepej/shplinty/252954/
253019,"Шплинт 5x63 мм, ГОСТ 397-79, Беларусь",410,krepej_i_takelaj/metricheskiy_krepej/shplinty,https://optorg.ru/catalog/krepej_i_takelaj/metricheskiy_krepej/shplinty/253019/
253023,"Шплинт 3,2x36 мм, ГОСТ 397-79, Россия",446,krepej_i_takelaj/metricheskiy_krepej/shplinty,https://optorg.ru/catalog/krepej_i_takelaj/metricheskiy_krepej/shplinty/253023/
253105,"Шплинт 3,2x25 мм, ГОСТ 397-79, Россия",446,krepej_i_takelaj/metricheskiy_krepej/shplinty,https://optorg.ru/catalog/krepej_i_takelaj/metricheskiy_krepej/shplinty/253105/
253111,"Шплинт 3,2x32 мм, ГОСТ 397-79, Беларусь",446,krepej_i_takelaj/metricheskiy_krepej/shplinty,https://optorg.ru/catalog/krepej_i_takelaj/metricheskiy_krepej/shplinty/253111/
253150,"Шплинт 4x56 мм, ГОСТ 397-79, Беларусь",440,krepej_i_takelaj/metricheskiy_krepej/shplinty,https://optorg.ru/catalog/krepej_i_takelaj/metricheskiy_krepej/shplinty/253150/
253151,"Шплинт 6,3x63 мм, ГОСТ 397-79, Беларусь",410,krepej_i_takelaj/metricheskiy_krepej/shplinty,https://optorg.ru/catalog/krepej_i_takelaj/metricheskiy_krepej/shplinty/253151/
253243,"Шплинт 4x20 мм, ГОСТ 397-79, Беларусь",440,krepej_i_takelaj/metricheskiy_krepej/shplinty,https://optorg.ru/catalog/krepej_i_takelaj/metricheskiy_krepej/shplinty/253243/
253584,"Шплинт 4x25 мм, ГОСТ 397-79, Беларусь",440,krepej_i_takelaj/metricheskiy_krepej/shplinty,https://optorg.ru/catalog/krepej_i_takelaj/metricheskiy_krepej/shplinty/253584/
253738,"Шплинт 5x71 мм, ГОСТ 397-79, Россия",410,krepej_i_takelaj/metricheskiy_krepej/shplinty,https://optorg.ru/catalog/krepej_i_takelaj/metricheskiy_krepej/shplinty/253738/
253858,"Шплинт 6,3x50 мм, ГОСТ 397-79, Беларусь",410,krepej_i_takelaj/metricheskiy_krepej/shplinty,https://optorg.ru/catalog/krepej_i_takelaj/metricheskiy_krepej/shplinty/253858/
253950,"Шплинт 6,3x56 мм, ГОСТ 397-79, Беларусь",410,krepej_i_takelaj/metricheskiy_krepej/shplinty,https://optorg.ru/catalog/krepej_i_takelaj/metricheskiy_krepej/shplinty/253950/
254050,"Шплинт 6,3x36 мм, ГОСТ 397-79, Беларусь",410,krepej_i_takelaj/metricheskiy_krepej/shplinty,https://optorg.ru/catalog/krepej_i_takelaj/metricheskiy_krepej/shplinty/254050/
299607,"Шплинт 5x50 мм, ГОСТ 397-79, Беларусь",410,krepej_i_takelaj/metricheskiy_krepej/shplinty,https://optorg.ru/catalog/krepej_i_takelaj/metricheskiy_krepej/shplinty/299607/
302805,"Шплинт 8x100 мм, ГОСТ 397-79, Россия",387,krepej_i_takelaj/metricheskiy_krepej/shplinty,https://optorg.ru/catalog/krepej_i_takelaj/metricheskiy_krepej/shplinty/302805/
345693,"Шплинт 3,2x50 мм, ГОСТ 397-79, Россия",446,krepej_i_takelaj/metricheskiy_krepej/shplinty,https://optorg.ru/catalog/krepej_i_takelaj/metricheskiy_krepej/shplinty/345693/
356071,"Шплинт 3,2x40 мм, ГОСТ 397-79, Россия",446,krepej_i_takelaj/metricheskiy_krepej/shplinty,https://optorg.ru/catalog/krepej_i_takelaj/metricheskiy_krepej/shplinty/356071/
356075,"Шплинт 4x36 мм, ГОСТ 397-79, Россия",440,krepej_i_takelaj/metricheskiy_krepej/shplinty,https://optorg.ru/catalog/krepej_i_takelaj/metricheskiy_krepej/shplinty/356075/
447717,"Шплинт 6,3x80 мм, DIN 94, Китай",410,krepej_i_takelaj/metricheskiy_krepej/shplinty,https://optorg.ru/catalog/krepej_i_takelaj/metricheskiy_krepej/shplinty/447717/
459733,"Шплинт 8x50 мм, DIN 94, Китай",387,krepej_i_takelaj/metricheskiy_krepej/shplinty,https://optorg.ru/catalog/krepej_i_takelaj/metricheskiy_krepej/shplinty/459733/
459735,"Шплинт 8x56 мм, DIN 94, Китай",387,krepej_i_takelaj/metricheskiy_krepej/shplinty,https://optorg.ru/catalog/krepej_i_takelaj/metricheskiy_krepej/shplinty/459735/
461480,"Шплинт 3,2x18 мм, ГОСТ 397-79, Беларусь",446,krepej_i_takelaj/metricheskiy_krepej/shplinty,https://optorg.ru/catalog/krepej_i_takelaj/metricheskiy_krepej/shplinty/461480/
461639,"Шплинт 5x71 мм, DIN 94, Китай",410,krepej_i_takelaj/metricheskiy_krepej/shplinty,https://optorg.ru/catalog/krepej_i_takelaj/metricheskiy_krepej/shplinty/461639/
461702,"Шплинт 4x25 мм, ГОСТ 397-79, Россия",440,krepej_i_takelaj/metricheskiy_krepej/shplinty,https://optorg.ru/catalog/krepej_i_takelaj/metricheskiy_krepej/shplinty/461702/
461704,"Шплинт 4x32 мм, ГОСТ 397-79, Беларусь",440,krepej_i_takelaj/metricheskiy_krepej/shplinty,https://optorg.ru/catalog/krepej_i_takelaj/metricheskiy_krepej/shplinty/461704/
463027,"Шплинт 8x100 мм, DIN 94, Китай",387,krepej_i_takelaj/metricheskiy_krepej/shplinty,https://optorg.ru/catalog/krepej_i_takelaj/metricheskiy_krepej/shplinty/463027/
463029,"Шплинт 8x63 мм, DIN 94, Китай",387,krepej_i_takelaj/metricheskiy_krepej/shplinty,https://optorg.ru/catalog/krepej_i_takelaj/metricheskiy_krepej/shplinty/463029/
468264,"Шплинт 5x80 мм, DIN 94, Китай",410,krepej_i_takelaj/metricheskiy_krepej/shplinty,https://optorg.ru/catalog/krepej_i_takelaj/metricheskiy_krepej/shplinty/468264/
471092,"Шплинт 4x63 мм, DIN 94, Китай",440,krepej_i_takelaj/metricheskiy_krepej/shplinty,https://optorg.ru/catalog/krepej_i_takelaj/metricheskiy_krepej/shplinty/471092/
471231,"Шплинт 4x56 мм, DIN 94, Китай",440,krepej_i_takelaj/metricheskiy_krepej/shplinty,https://optorg.ru/catalog/krepej_i_takelaj/metricheskiy_krepej/shplinty/471231/
472638,"Шплинт 4x40 мм, DIN 94, Китай",440,krepej_i_takelaj/metricheskiy_krepej/shplinty,https://optorg.ru/catalog/krepej_i_takelaj/metricheskiy_krepej/shplinty/472638/
481929,"Шплинт 2,5x16 мм, DIN 94, Китай",446,krepej_i_takelaj/metricheskiy_krepej/shplinty,https://optorg.ru/catalog/krepej_i_takelaj/metricheskiy_krepej/shplinty/481929/
250777,"Шпилька резьбовая М6x1000 мм, цинк, DIN 975",22,krepej_i_takelaj/metricheskiy_krepej/shpilki_rezbovye,https://optorg.ru/catalog/krepej_i_takelaj/metricheskiy_krepej/shpilki_rezbovye/250777/
250778,"Шпилька резьбовая М6x2000 мм, цинк, DIN 975",44,krepej_i_takelaj/metricheskiy_krepej/shpilki_rezbovye,https://optorg.ru/catalog/krepej_i_takelaj/metricheskiy_krepej/shpilki_rezbovye/250778/
250779,"Шпилька резьбовая М10x2000 мм, цинк, DIN 975",114,krepej_i_takelaj/metricheskiy_krepej/shpilki_rezbovye,https://optorg.ru/catalog/krepej_i_takelaj/metricheskiy_krepej/shpilki_rezbovye/250779/
250780,"Шпилька резьбовая М12x2000 мм, цинк, DIN 975",164,krepej_i_takelaj/metricheskiy_krepej/shpilki_rezbovye,https://optorg.ru/catalog/krepej_i_takelaj/metricheskiy_krepej/shpilki_rezbovye/250780/
250781,"Шпилька резьбовая М16x2000 мм, цинк, DIN 975",340,krepej_i_takelaj/metricheskiy_krepej/shpilki_rezbovye,https://optorg.ru/catalog/krepej_i_takelaj/metricheskiy_krepej/shpilki_rezbovye/250781/
250786,"Шпилька резьбовая М8x1000 мм, цинк, DIN 975",33.5,krepej_i_takelaj/metricheskiy_krepej/shpilki_rezbovye,https://optorg.ru/catalog/krepej_i_takelaj/metricheskiy_krepej/shpilki_rezbovye/250786/
250787,"Шпилька резьбовая М8x2000 мм, цинк, DIN 975",67,krepej_i_takelaj/metricheskiy_krepej/shpilki_rezbovye,https://optorg.ru/catalog/krepej_i_takelaj/metricheskiy_krepej/shpilki_rezbovye/250787/
250788,"Шпилька резьбовая М10x1000 мм, цинк, DIN 975",57,krepej_i_takelaj/metricheskiy_krepej/shpilki_rezbovye,https://optorg.ru/catalog/krepej_i_takelaj/metricheskiy_krepej/shpilki_rezbovye/250788/
250789,"Шпилька резьбовая М12x1000 мм, цинк, DIN 975",82,krepej_i_takelaj/metricheskiy_krepej/shpilki_rezbovye,https://optorg.ru/catalog/krepej_i_takelaj/metricheskiy_krepej/shpilki_rezbovye/250789/
250790,"Шпилька резьбовая М20x1000 мм, цинк, DIN 975",259,krepej_i_takelaj/metricheskiy_krepej/shpilki_rezbovye,https://optorg.ru/catalog/krepej_i_takelaj/metricheskiy_krepej/shpilki_rezbovye/250790/
250791,"Шпилька резьбовая М24x1000 мм, цинк, DIN 975",425,krepej_i_takelaj/metricheskiy_krepej/shpilki_rezbovye,https://optorg.ru/catalog/krepej_i_takelaj/metricheskiy_krepej/shpilki_rezbovye/250791/
250799,"Шпилька резьбовая М20x2000 мм, цинк, DIN 975",542,krepej_i_takelaj/metricheskiy_krepej/shpilki_rezbovye,https://optorg.ru/catalog/krepej_i_takelaj/metricheskiy_krepej/shpilki_rezbovye/250799/
250841,"Шпилька резьбовая М16x1000 мм, цинк, DIN 975",215,krepej_i_takelaj/metricheskiy_krepej/shpilki_rezbovye,https://optorg.ru/catalog/krepej_i_takelaj/metricheskiy_krepej/shpilki_rezbovye/250841/
250842,"Шпилька резьбовая М14x2000 мм, цинк, DIN 975",232,krepej_i_takelaj/metricheskiy_krepej/shpilki_rezbovye,https://optorg.ru/catalog/krepej_i_takelaj/metricheskiy_krepej/shpilki_rezbovye/250842/
250860,"Шпилька резьбовая М24x2000 мм, цинк, DIN 975",850,krepej_i_takelaj/metricheskiy_krepej/shpilki_rezbovye,https://optorg.ru/catalog/krepej_i_takelaj/metricheskiy_krepej/shpilki_rezbovye/250860/
250926,"Шпилька резьбовая М14x1000 мм, цинк, DIN 975",116,krepej_i_takelaj/metricheskiy_krepej/shpilki_rezbovye,https://optorg.ru/catalog/krepej_i_takelaj/metricheskiy_krepej/shpilki_rezbovye/250926/
251198,"Шпилька резьбовая М18x2000 мм, цинк, DIN 975",430,krepej_i_takelaj/metricheskiy_krepej/shpilki_rezbovye,https://optorg.ru/catalog/krepej_i_takelaj/metricheskiy_krepej/shpilki_rezbovye/251198/
251202,"Шпилька резьбовая М18x1000 мм, цинк, DIN 975",202,krepej_i_takelaj/metricheskiy_krepej/shpilki_rezbovye,https://optorg.ru/catalog/krepej_i_takelaj/metricheskiy_krepej/shpilki_rezbovye/251202/
252012,"Шпилька резьбовая М30x1000 мм, цинк, DIN 975",643,krepej_i_takelaj/metricheskiy_krepej/shpilki_rezbovye,https://optorg.ru/catalog/krepej_i_takelaj/metricheskiy_krepej/shpilki_rezbovye/252012/
252152,"Шпилька резьбовая М22x1000 мм, цинк, DIN 975",369,krepej_i_takelaj/metricheskiy_krepej/shpilki_rezbovye,https://optorg.ru/catalog/krepej_i_takelaj/metricheskiy_krepej/shpilki_rezbovye/252152/
252342,"Шпилька резьбовая М36x1000 мм, цинк, DIN 975",984,krepej_i_takelaj/metricheskiy_krepej/shpilki_rezbovye,https://optorg.ru/catalog/krepej_i_takelaj/metricheskiy_krepej/shpilki_rezbovye/252342/
253542,"Шпилька резьбовая М27x1000 мм, цинк, DIN 975",495,krepej_i_takelaj/metricheskiy_krepej/shpilki_rezbovye,https://optorg.ru/catalog/krepej_i_takelaj/metricheskiy_krepej/shpilki_rezbovye/253542/
357687,"Шпилька резьбовая М5x1000 мм, цинк, DIN 975",25,krepej_i_takelaj/metricheskiy_krepej/shpilki_rezbovye,https://optorg.ru/catalog/krepej_i_takelaj/metricheskiy_krepej/shpilki_rezbovye/357687/
357688,"Шпилька резьбовая М5x2000 мм, цинк, DIN 975",50,krepej_i_takelaj/metricheskiy_krepej/shpilki_rezbovye,https://optorg.ru/catalog/krepej_i_takelaj/metricheskiy_krepej/shpilki_rezbovye/357688/
468440,"Шпилька резьбовая М8x1000 мм, цинк, кл.пр. 10,9, DIN 975",97,krepej_i_takelaj/metricheskiy_krepej/shpilki_rezbovye,https://optorg.ru/catalog/krepej_i_takelaj/metricheskiy_krepej/shpilki_rezbovye/468440/
468447,"Шпилька резьбовая М12x1000 мм, цинк, кл.пр. 10,9, DIN 975",205,krepej_i_takelaj/metricheskiy_krepej/shpilki_rezbovye,https://optorg.ru/catalog/krepej_i_takelaj/metricheskiy_krepej/shpilki_rezbovye/468447/
468449,"Шпилька резьбовая М16x1000 мм, цинк, кл.пр. 10,9, DIN 975",366,krepej_i_takelaj/metricheskiy_krepej/shpilki_rezbovye,https://optorg.ru/catalog/krepej_i_takelaj/metricheskiy_krepej/shpilki_rezbovye/468449/
468924,"Шпилька резьбовая М10x1000 мм, цинк, кл.пр. 10,9, DIN 975",153,krepej_i_takelaj/metricheskiy_krepej/shpilki_rezbovye,https://optorg.ru/catalog/krepej_i_takelaj/metricheskiy_krepej/shpilki_rezbovye/468924/
473989,"Шпилька резьбовая М27x1000 мм, цинк, кл.пр. 10,9, DIN 975",1140,krepej_i_takelaj/metricheskiy_krepej/shpilki_rezbovye,https://optorg.ru/catalog/krepej_i_takelaj/metricheskiy_krepej/shpilki_rezbovye/473989/
473990,"Шпилька резьбовая М20x1000 мм, цинк, кл.пр. 10,9, DIN 975",563,krepej_i_takelaj/metricheskiy_krepej/shpilki_rezbovye,https://optorg.ru/catalog/krepej_i_takelaj/metricheskiy_krepej/shpilki_rezbovye/473990/
473991,"Шпилька резьбовая М36x1000 мм, цинк, кл.пр. 10,9, DIN 975",1928,krepej_i_takelaj/metricheskiy_krepej/shpilki_rezbovye,https://optorg.ru/catalog/krepej_i_takelaj/metricheskiy_krepej/shpilki_rezbovye/473991/
473994,"Шпилька резьбовая М22x1000 мм, цинк, кл.пр. 10,9, DIN 975",685,krepej_i_takelaj/metricheskiy_krepej/shpilki_rezbovye,https://optorg.ru/catalog/krepej_i_takelaj/metricheskiy_krepej/shpilki_rezbovye/473994/
473995,"Шпилька резьбовая М30x1000 мм, цинк, кл.пр. 10,9, DIN 975",1328,krepej_i_takelaj/metricheskiy_krepej/shpilki_rezbovye,https://optorg.ru/catalog/krepej_i_takelaj/metricheskiy_krepej/shpilki_rezbovye/473995/
473996,"Шпилька резьбовая М24x1000 мм, цинк, кл.пр. 10,9, DIN 975",809,krepej_i_takelaj/metricheskiy_krepej/shpilki_rezbovye,https://optorg.ru/catalog/krepej_i_takelaj/metricheskiy_krepej/shpilki_rezbovye/473996/
481615,"Шпилька резьбовая М10x1000 мм, нерж. сталь А2, DIN 975",304,krepej_i_takelaj/metricheskiy_krepej/shpilki_rezbovye,https://optorg.ru/catalog/krepej_i_takelaj/metricheskiy_krepej/shpilki_rezbovye/481615/
481619,"Шпилька резьбовая М6x1000 мм, нерж. сталь А2, DIN 975",118,krepej_i_takelaj/metricheskiy_krepej/shpilki_rezbovye,https://optorg.ru/catalog/krepej_i_takelaj/metricheskiy_krepej/shpilki_rezbovye/481619/
481622,"Шпилька резьбовая М8x1000 мм, нерж. сталь А2, DIN 975",188,krepej_i_takelaj/metricheskiy_krepej/shpilki_rezbovye,https://optorg.ru/catalog/krepej_i_takelaj/metricheskiy_krepej/shpilki_rezbovye/481622/
250319,"Гвозди 25x1,4 мм, (25 кг), ГОСТ 4028-63, Россия",164,krepej_i_takelaj/gvozdi/stroitelnye_gvozdi,https://optorg.ru/catalog/krepej_i_takelaj/gvozdi/stroitelnye_gvozdi/250319/
250669,"Гвозди 16x1,2 мм, (5 кг), ГОСТ 4028-63, Россия",164,krepej_i_takelaj/gvozdi/stroitelnye_gvozdi,https://optorg.ru/catalog/krepej_i_takelaj/gvozdi/stroitelnye_gvozdi/250669/
251075,"Гвозди 60x2,5 мм, (5 кг), ГОСТ 4028-63, Россия",137,krepej_i_takelaj/gvozdi/stroitelnye_gvozdi,https://optorg.ru/catalog/krepej_i_takelaj/gvozdi/stroitelnye_gvozdi/251075/
251224,"Гвозди 70x3,0 мм, (5 кг), ГОСТ 4028-63, Россия",135,krepej_i_takelaj/gvozdi/stroitelnye_gvozdi,https://optorg.ru/catalog/krepej_i_takelaj/gvozdi/stroitelnye_gvozdi/251224/
251513,"Гвозди 25x1,2 мм, (5 кг), ГОСТ 4028-63, Россия",164,krepej_i_takelaj/gvozdi/stroitelnye_gvozdi,https://optorg.ru/catalog/krepej_i_takelaj/gvozdi/stroitelnye_gvozdi/251513/
251833,"Гвозди 32x1,8 мм, (5 кг), ГОСТ 4028-63, Россия",150,krepej_i_takelaj/gvozdi/stroitelnye_gvozdi,https://optorg.ru/catalog/krepej_i_takelaj/gvozdi/stroitelnye_gvozdi/251833/
251835,"Гвозди 80x3,0 мм, (5 кг), ГОСТ 4028-63, Россия",135,krepej_i_takelaj/gvozdi/stroitelnye_gvozdi,https://optorg.ru/catalog/krepej_i_takelaj/gvozdi/stroitelnye_gvozdi/251835/
251836,"Гвозди 100x4,0 мм, (5 кг), ГОСТ 4028-63, Россия",133,krepej_i_takelaj/gvozdi/stroitelnye_gvozdi,https://optorg.ru/catalog/krepej_i_takelaj/gvozdi/stroitelnye_gvozdi/251836/
251837,"Гвозди 120x4,0 мм, (5 кг), ГОСТ 4028-63, Россия",133,krepej_i_takelaj/gvozdi/stroitelnye_gvozdi,https://optorg.ru/catalog/krepej_i_takelaj/gvozdi/stroitelnye_gvozdi/251837/
251838,"Гвозди 150x5,0 мм, (5 кг), ГОСТ 4028-63, Россия",133,krepej_i_takelaj/gvozdi/stroitelnye_gvozdi,https://optorg.ru/catalog/krepej_i_takelaj/gvozdi/stroitelnye_gvozdi/251838/
251839,"Гвозди 90x3,5 мм, (5 кг), ГОСТ 4028-63, Россия",134,krepej_i_takelaj/gvozdi/stroitelnye_gvozdi,https://optorg.ru/catalog/krepej_i_takelaj/gvozdi/stroitelnye_gvozdi/251839/
251928,"Гвозди 20x1,2 мм, (5 кг), ГОСТ 4028-63, Россия",164,krepej_i_takelaj/gvozdi/stroitelnye_gvozdi,https://optorg.ru/catalog/krepej_i_takelaj/gvozdi/stroitelnye_gvozdi/251928/
251961,"Гвозди 40x2,0 мм, (5 кг), ГОСТ 4028-63, Россия",140,krepej_i_takelaj/gvozdi/stroitelnye_gvozdi,https://optorg.ru/catalog/krepej_i_takelaj/gvozdi/stroitelnye_gvozdi/251961/
252569,"Гвозди 200x6,0 мм, (5 кг), ГОСТ 4028-63, Россия",133,krepej_i_takelaj/gvozdi/stroitelnye_gvozdi,https://optorg.ru/catalog/krepej_i_takelaj/gvozdi/stroitelnye_gvozdi/252569/
252765,"Гвозди 50x2,5 мм, (5 кг), ГОСТ 4028-63, Россия",137,krepej_i_takelaj/gvozdi/stroitelnye_gvozdi,https://optorg.ru/catalog/krepej_i_takelaj/gvozdi/stroitelnye_gvozdi/252765/
253174,"Гвозди 80x3,0 мм, (5 кг), ГОСТ 4028-63, Беларусь",135,krepej_i_takelaj/gvozdi/stroitelnye_gvozdi,https://optorg.ru/catalog/krepej_i_takelaj/gvozdi/stroitelnye_gvozdi/253174/
253175,"Гвозди 20x1,2 мм, (5 кг), ГОСТ 4028-63, Беларусь",164,krepej_i_takelaj/gvozdi/stroitelnye_gvozdi,https://optorg.ru/catalog/krepej_i_takelaj/gvozdi/stroitelnye_gvozdi/253175/
253177,"Гвозди 25x1,4 мм, (5 кг), ГОСТ 4028-63, Россия",164,krepej_i_takelaj/gvozdi/stroitelnye_gvozdi,https://optorg.ru/catalog/krepej_i_takelaj/gvozdi/stroitelnye_gvozdi/253177/
253185,"Гвозди 20x1,4 мм, (5 кг), ГОСТ 4028-63, Россия",164,krepej_i_takelaj/gvozdi/stroitelnye_gvozdi,https://optorg.ru/catalog/krepej_i_takelaj/gvozdi/stroitelnye_gvozdi/253185/
253186,"Гвозди 25x2,0 мм, (5 кг), ГОСТ 4029-63, Россия",168,krepej_i_takelaj/gvozdi/stroitelnye_gvozdi,https://optorg.ru/catalog/krepej_i_takelaj/gvozdi/stroitelnye_gvozdi/253186/
253221,"Гвозди 20x2,0 мм, (5 кг), ГОСТ 4029-63, Россия",168,krepej_i_takelaj/gvozdi/stroitelnye_gvozdi,https://optorg.ru/catalog/krepej_i_takelaj/gvozdi/stroitelnye_gvozdi/253221/
356800,"Гвозди 200x6,0 мм, (5 кг), ГОСТ 4028-63, Беларусь",133,krepej_i_takelaj/gvozdi/stroitelnye_gvozdi,https://optorg.ru/catalog/krepej_i_takelaj/gvozdi/stroitelnye_gvozdi/356800/
252153,"Гвозди шиферные 120x5,0 мм, (15 кг), Россия",225,krepej_i_takelaj/gvozdi/shifernye_gvozdi,https://optorg.ru/catalog/krepej_i_takelaj/gvozdi/shifernye_gvozdi/252153/
496227,"Гвозди шиферные 120x5,0 мм, (10 кг), Россия",225,krepej_i_takelaj/gvozdi/shifernye_gvozdi,https://optorg.ru/catalog/krepej_i_takelaj/gvozdi/shifernye_gvozdi/496227/
251454,"Гвозди финишные 20x1,2 мм, (5 кг), бронза, Китай",380,krepej_i_takelaj/gvozdi/finishnye_gvozdi,https://optorg.ru/catalog/krepej_i_takelaj/gvozdi/finishnye_gvozdi/251454/
251458,"Гвозди финишные 20x1,4 мм, (5 кг), бронза, Китай",380,krepej_i_takelaj/gvozdi/finishnye_gvozdi,https://optorg.ru/catalog/krepej_i_takelaj/gvozdi/finishnye_gvozdi/251458/
251799,"Гвозди декоративные 32x1,8 мм, (100 шт), светло-коричневый, Россия",92,krepej_i_takelaj/gvozdi/dekorativnye_gvozdi,https://optorg.ru/catalog/krepej_i_takelaj/gvozdi/dekorativnye_gvozdi/251799/
251800,"Гвозди декоративные 32x1,8 мм, (100 шт), темно-коричневый, Россия",92,krepej_i_takelaj/gvozdi/dekorativnye_gvozdi,https://optorg.ru/catalog/krepej_i_takelaj/gvozdi/dekorativnye_gvozdi/251800/
251801,"Гвозди декоративные 32x1,8 мм, (100 шт), черный, Россия",92,krepej_i_takelaj/gvozdi/dekorativnye_gvozdi,https://optorg.ru/catalog/krepej_i_takelaj/gvozdi/dekorativnye_gvozdi/251801/
250736,Заклепка комб. (алюмин./сталь) 4*14мм  уп.-500шт.,324,krepej_i_takelaj/zaklepki/zaklepki_vytyajnye-kombinirovannye,https://optorg.ru/catalog/krepej_i_takelaj/zaklepki/zaklepki_vytyajnye-kombinirovannye/250736/
250737,"Заклепка комб. (алюмин./сталь) 4,8*12мм  уп.-500шт.",446,krepej_i_takelaj/zaklepki/zaklepki_vytyajnye-kombinirovannye,https://optorg.ru/catalog/krepej_i_takelaj/zaklepki/zaklepki_vytyajnye-kombinirovannye/250737/
250834,"Заклепка комб. (алюмин./сталь) 4,8*14мм   уп.-500 шт.",472,krepej_i_takelaj/zaklepki/zaklepki_vytyajnye-kombinirovannye,https://optorg.ru/catalog/krepej_i_takelaj/zaklepki/zaklepki_vytyajnye-kombinirovannye/250834/
250835,"Заклепка комб. (алюмин./сталь) 4,8*18мм  уп.-500 шт.",507,krepej_i_takelaj/zaklepki/zaklepki_vytyajnye-kombinirovannye,https://optorg.ru/catalog/krepej_i_takelaj/zaklepki/zaklepki_vytyajnye-kombinirovannye/250835/
250839,Заклепка комб. (алюмин./сталь) 4*16мм   уп.-500шт.,335,krepej_i_takelaj/zaklepki/zaklepki_vytyajnye-kombinirovannye,https://optorg.ru/catalog/krepej_i_takelaj/zaklepki/zaklepki_vytyajnye-kombinirovannye/250839/
250867,"Заклепка комб. (алюмин./сталь) 4,8*16мм   уп.-500шт.",499,krepej_i_takelaj/zaklepki/zaklepki_vytyajnye-kombinirovannye,https://optorg.ru/catalog/krepej_i_takelaj/zaklepki/zaklepki_vytyajnye-kombinirovannye/250867/
250900,"Заклепка комб. (алюмин./сталь) 4,8*10мм  уп.-500 шт.",427,krepej_i_takelaj/zaklepki/zaklepki_vytyajnye-kombinirovannye,https://optorg.ru/catalog/krepej_i_takelaj/zaklepki/zaklepki_vytyajnye-kombinirovannye/250900/
250901,"Заклепка комб. (алюмин./сталь) 4,8*8мм уп.-500 шт.",419,krepej_i_takelaj/zaklepki/zaklepki_vytyajnye-kombinirovannye,https://optorg.ru/catalog/krepej_i_takelaj/zaklepki/zaklepki_vytyajnye-kombinirovannye/250901/
250907,"Заклепка комб. (алюмин./сталь) 4,8*6мм  уп.-500 шт.",435,krepej_i_takelaj/zaklepki/zaklepki_vytyajnye-kombinirovannye,https://optorg.ru/catalog/krepej_i_takelaj/zaklepki/zaklepki_vytyajnye-kombinirovannye/250907/
250987,Заклепка комб. (алюмин./сталь) 4*10мм  уп.-1000шт.,558,krepej_i_takelaj/zaklepki/zaklepki_vytyajnye-kombinirovannye,https://optorg.ru/catalog/krepej_i_takelaj/zaklepki/zaklepki_vytyajnye-kombinirovannye/250987/
250988,Заклепка комб. (алюмин./сталь) 4*12мм  уп.-1000 шт.,606,krepej_i_takelaj/zaklepki/zaklepki_vytyajnye-kombinirovannye,https://optorg.ru/catalog/krepej_i_takelaj/zaklepki/zaklepki_vytyajnye-kombinirovannye/250988/
250998,"Заклепка комб. (алюмин./сталь) 3,2*8мм  уп.-1000шт",360,krepej_i_takelaj/zaklepki/zaklepki_vytyajnye-kombinirovannye,https://optorg.ru/catalog/krepej_i_takelaj/zaklepki/zaklepki_vytyajnye-kombinirovannye/250998/
250999,"Заклепка комб. (алюмин./сталь) 3,2*10мм  уп.-1000шт",400,krepej_i_takelaj/zaklepki/zaklepki_vytyajnye-kombinirovannye,https://optorg.ru/catalog/krepej_i_takelaj/zaklepki/zaklepki_vytyajnye-kombinirovannye/250999/
251126,"Заклепка комб. (алюмин./сталь) 3,2*12мм   уп.-1000 шт.",414,krepej_i_takelaj/zaklepki/zaklepki_vytyajnye-kombinirovannye,https://optorg.ru/catalog/krepej_i_takelaj/zaklepki/zaklepki_vytyajnye-kombinirovannye/251126/
251127,"Заклепка комб. (алюмин./сталь) 3,2*6мм  уп.-1000шт.",372,krepej_i_takelaj/zaklepki/zaklepki_vytyajnye-kombinirovannye,https://optorg.ru/catalog/krepej_i_takelaj/zaklepki/zaklepki_vytyajnye-kombinirovannye/251127/
251128,Заклепка комб. (алюмин./сталь) 4*8мм  уп.-1000 шт.,474,krepej_i_takelaj/zaklepki/zaklepki_vytyajnye-kombinirovannye,https://optorg.ru/catalog/krepej_i_takelaj/zaklepki/zaklepki_vytyajnye-kombinirovannye/251128/
251319,"Заклепка комб. (алюмин./сталь)   3,2*8,0   RAL 3011   уп.-1000шт.",488,krepej_i_takelaj/zaklepki/zaklepki_vytyajnye-kombinirovannye,https://optorg.ru/catalog/krepej_i_takelaj/zaklepki/zaklepki_vytyajnye-kombinirovannye/251319/
251320,"Заклепка комб. (алюмин./сталь)   3,2*8,0   RAL 3005   уп.-1000шт.",627,krepej_i_takelaj/zaklepki/zaklepki_vytyajnye-kombinirovannye,https://optorg.ru/catalog/krepej_i_takelaj/zaklepki/zaklepki_vytyajnye-kombinirovannye/251320/
251321,"Заклепка комб. (алюмин./сталь)   3,2*8,0   RAL 9003   уп.-1000шт.",627,krepej_i_takelaj/zaklepki/zaklepki_vytyajnye-kombinirovannye,https://optorg.ru/catalog/krepej_i_takelaj/zaklepki/zaklepki_vytyajnye-kombinirovannye/251321/
251322,"Заклепка комб. (алюмин./сталь)   3,2*8,0   RAL 5005   уп.-1000шт.",627,krepej_i_takelaj/zaklepki/zaklepki_vytyajnye-kombinirovannye,https://optorg.ru/catalog/krepej_i_takelaj/zaklepki/zaklepki_vytyajnye-kombinirovannye/251322/
251324,"Заклепка комб. (алюмин./сталь)   4,0*10    RAL 3005   уп.-1000шт.",963,krepej_i_takelaj/zaklepki/zaklepki_vytyajnye-kombinirovannye,https://optorg.ru/catalog/krepej_i_takelaj/zaklepki/zaklepki_vytyajnye-kombinirovannye/251324/
251326,"Заклепка комб. (алюмин./сталь)   4,0*10    RAL 5005   уп.-1000шт.",963,krepej_i_takelaj/zaklepki/zaklepki_vytyajnye-kombinirovannye,https://optorg.ru/catalog/krepej_i_takelaj/zaklepki/zaklepki_vytyajnye-kombinirovannye/251326/
251327,"Заклепка комб. (алюмин/сталь)   4,0*10     RAL 6005   уп.-1000шт.",963,krepej_i_takelaj/zaklepki/zaklepki_vytyajnye-kombinirovannye,https://optorg.ru/catalog/krepej_i_takelaj/zaklepki/zaklepki_vytyajnye-kombinirovannye/251327/
251331,"Заклепка комб. (алюмин./сталь)   4,0*10    RAL 9003   уп.-1000шт.",963,krepej_i_takelaj/zaklepki/zaklepki_vytyajnye-kombinirovannye,https://optorg.ru/catalog/krepej_i_takelaj/zaklepki/zaklepki_vytyajnye-kombinirovannye/251331/
251348,"Заклепка комб. (алюмин/сталь)   3,2*8,0    RAL 6005   уп.-1000 шт.",627,krepej_i_takelaj/zaklepki/zaklepki_vytyajnye-kombinirovannye,https://optorg.ru/catalog/krepej_i_takelaj/zaklepki/zaklepki_vytyajnye-kombinirovannye/251348/
251349,"Заклепка комб. (алюмин/сталь)   3,2*8,0   RAL 8017  уп.-1000 шт.",627,krepej_i_takelaj/zaklepki/zaklepki_vytyajnye-kombinirovannye,https://optorg.ru/catalog/krepej_i_takelaj/zaklepki/zaklepki_vytyajnye-kombinirovannye/251349/
251350,"Заклепка комб. (алюмин./сталь)   4,0*10   RAL 8017   уп.-1000шт.",963,krepej_i_takelaj/zaklepki/zaklepki_vytyajnye-kombinirovannye,https://optorg.ru/catalog/krepej_i_takelaj/zaklepki/zaklepki_vytyajnye-kombinirovannye/251350/
252295,Заклепка комб. (алюмин./сталь) 4*6мм   уп.-1000 шт.,444,krepej_i_takelaj/zaklepki/zaklepki_vytyajnye-kombinirovannye,https://optorg.ru/catalog/krepej_i_takelaj/zaklepki/zaklepki_vytyajnye-kombinirovannye/252295/
252380,"Заклепка комб. (алюмин./сталь) 3,2*10мм  упаковка-100шт",99,krepej_i_takelaj/zaklepki/zaklepki_vytyajnye-kombinirovannye,https://optorg.ru/catalog/krepej_i_takelaj/zaklepki/zaklepki_vytyajnye-kombinirovannye/252380/
252381,"Заклепка комб. (алюмин./сталь) 3,2*8мм  упаковка-100шт",97,krepej_i_takelaj/zaklepki/zaklepki_vytyajnye-kombinirovannye,https://optorg.ru/catalog/krepej_i_takelaj/zaklepki/zaklepki_vytyajnye-kombinirovannye/252381/
252382,"Заклепка комб. (алюмин./сталь) 4,8*16мм   упаковка-100шт.",248,krepej_i_takelaj/zaklepki/zaklepki_vytyajnye-kombinirovannye,https://optorg.ru/catalog/krepej_i_takelaj/zaklepki/zaklepki_vytyajnye-kombinirovannye/252382/
252383,Заклепка комб. (алюмин./сталь) 4*10мм  упаковка-100шт.,139,krepej_i_takelaj/zaklepki/zaklepki_vytyajnye-kombinirovannye,https://optorg.ru/catalog/krepej_i_takelaj/zaklepki/zaklepki_vytyajnye-kombinirovannye/252383/
252384,Заклепка комб. (алюмин./сталь) 4*12мм  упаковка-100 шт.,145,krepej_i_takelaj/zaklepki/zaklepki_vytyajnye-kombinirovannye,https://optorg.ru/catalog/krepej_i_takelaj/zaklepki/zaklepki_vytyajnye-kombinirovannye/252384/
252453,"Заклепка комб. (алюмин./сталь) 4,8*10мм   упаковка-100 шт.",192,krepej_i_takelaj/zaklepki/zaklepki_vytyajnye-kombinirovannye,https://optorg.ru/catalog/krepej_i_takelaj/zaklepki/zaklepki_vytyajnye-kombinirovannye/252453/
252454,"Заклепка комб. (алюмин./сталь) 4,8*12мм упаковка-100 шт.",211,krepej_i_takelaj/zaklepki/zaklepki_vytyajnye-kombinirovannye,https://optorg.ru/catalog/krepej_i_takelaj/zaklepki/zaklepki_vytyajnye-kombinirovannye/252454/
252472,"Заклепка комб. (алюмин./сталь)   3,2*8,0   RAL 3005   упаковка-100шт.",120,krepej_i_takelaj/zaklepki/zaklepki_vytyajnye-kombinirovannye,https://optorg.ru/catalog/krepej_i_takelaj/zaklepki/zaklepki_vytyajnye-kombinirovannye/252472/
252473,"Заклепка комб. (алюмин./сталь)   3,2*8,0   RAL 3011  упаковка-100шт.",120,krepej_i_takelaj/zaklepki/zaklepki_vytyajnye-kombinirovannye,https://optorg.ru/catalog/krepej_i_takelaj/zaklepki/zaklepki_vytyajnye-kombinirovannye/252473/
252474,"Заклепка комб. (алюмин./сталь)   3,2*8,0   RAL 5005   упаковка-100шт.",120,krepej_i_takelaj/zaklepki/zaklepki_vytyajnye-kombinirovannye,https://optorg.ru/catalog/krepej_i_takelaj/zaklepki/zaklepki_vytyajnye-kombinirovannye/252474/
252475,"Заклепка комб. (алюмин/сталь)   3,2*8,0    RAL 6005   упаковка-100 шт.",120,krepej_i_takelaj/zaklepki/zaklepki_vytyajnye-kombinirovannye,https://optorg.ru/catalog/krepej_i_takelaj/zaklepki/zaklepki_vytyajnye-kombinirovannye/252475/
252476,"Заклепка комб. (алюмин/сталь)   3,2*8,0   RAL 8017  упаковка-100 шт.",120,krepej_i_takelaj/zaklepki/zaklepki_vytyajnye-kombinirovannye,https://optorg.ru/catalog/krepej_i_takelaj/zaklepki/zaklepki_vytyajnye-kombinirovannye/252476/
252477,"Заклепка комб. (алюмин./сталь)   3,2*8,0   RAL 9003   упаковка-100шт.",120,krepej_i_takelaj/zaklepki/zaklepki_vytyajnye-kombinirovannye,https://optorg.ru/catalog/krepej_i_takelaj/zaklepki/zaklepki_vytyajnye-kombinirovannye/252477/
252479,"Заклепка комб. (алюмин./сталь)   4,0*10    RAL 3005   упаковка-100шт.",170,krepej_i_takelaj/zaklepki/zaklepki_vytyajnye-kombinirovannye,https://optorg.ru/catalog/krepej_i_takelaj/zaklepki/zaklepki_vytyajnye-kombinirovannye/252479/
252480,"Заклепка комб. (алюмин./сталь)   4,0*10    RAL 5005   упаковка-100шт.",170,krepej_i_takelaj/zaklepki/zaklepki_vytyajnye-kombinirovannye,https://optorg.ru/catalog/krepej_i_takelaj/zaklepki/zaklepki_vytyajnye-kombinirovannye/252480/
252481,"Заклепка комб. (алюмин/сталь)   4,0*10     RAL 6005   упаковка-100шт.",170,krepej_i_takelaj/zaklepki/zaklepki_vytyajnye-kombinirovannye,https://optorg.ru/catalog/krepej_i_takelaj/zaklepki/zaklepki_vytyajnye-kombinirovannye/252481/
252482,"Заклепка комб. (алюмин./сталь)   4,0*10   RAL 8017   упаковка-100шт.",170,krepej_i_takelaj/zaklepki/zaklepki_vytyajnye-kombinirovannye,https://optorg.ru/catalog/krepej_i_takelaj/zaklepki/zaklepki_vytyajnye-kombinirovannye/252482/
252483,"Заклепка комб. (алюмин./сталь)   4,0*10    RAL 9003   упаковка-100шт.",170,krepej_i_takelaj/zaklepki/zaklepki_vytyajnye-kombinirovannye,https://optorg.ru/catalog/krepej_i_takelaj/zaklepki/zaklepki_vytyajnye-kombinirovannye/252483/
252487,"Заклепка комб. (алюмин./сталь)   4,0*10    RAL 3011   упаковка-100шт.",170,krepej_i_takelaj/zaklepki/zaklepki_vytyajnye-kombinirovannye,https://optorg.ru/catalog/krepej_i_takelaj/zaklepki/zaklepki_vytyajnye-kombinirovannye/252487/
252496,"Заклепка комб. (алюмин./сталь) 4,8*18мм  упаковка-100 шт.",251,krepej_i_takelaj/zaklepki/zaklepki_vytyajnye-kombinirovannye,https://optorg.ru/catalog/krepej_i_takelaj/zaklepki/zaklepki_vytyajnye-kombinirovannye/252496/
252497,Заклепка комб. (алюмин./сталь) 4*18мм   упаковка-100шт.,177,krepej_i_takelaj/zaklepki/zaklepki_vytyajnye-kombinirovannye,https://optorg.ru/catalog/krepej_i_takelaj/zaklepki/zaklepki_vytyajnye-kombinirovannye/252497/
252498,Заклепка комб. (алюмин./сталь) 4*8мм  упаковка-100 шт.,122,krepej_i_takelaj/zaklepki/zaklepki_vytyajnye-kombinirovannye,https://optorg.ru/catalog/krepej_i_takelaj/zaklepki/zaklepki_vytyajnye-kombinirovannye/252498/
252499,"Заклепка комб. (алюмин./сталь) 4,8*14мм   упаковка-100 шт.",234,krepej_i_takelaj/zaklepki/zaklepki_vytyajnye-kombinirovannye,https://optorg.ru/catalog/krepej_i_takelaj/zaklepki/zaklepki_vytyajnye-kombinirovannye/252499/
252502,"Заклепка комб. (алюмин./сталь) 3,2*12мм   упаковка-100 шт.",100,krepej_i_takelaj/zaklepki/zaklepki_vytyajnye-kombinirovannye,https://optorg.ru/catalog/krepej_i_takelaj/zaklepki/zaklepki_vytyajnye-kombinirovannye/252502/
252503,Заклепка комб. (алюмин./сталь) 4*6мм   упаковка-100 шт.,117,krepej_i_takelaj/zaklepki/zaklepki_vytyajnye-kombinirovannye,https://optorg.ru/catalog/krepej_i_takelaj/zaklepki/zaklepki_vytyajnye-kombinirovannye/252503/
252510,"Заклепка комб. (алюмин./сталь) 3,2*6мм   упаковка-100 шт.",86,krepej_i_takelaj/zaklepki/zaklepki_vytyajnye-kombinirovannye,https://optorg.ru/catalog/krepej_i_takelaj/zaklepki/zaklepki_vytyajnye-kombinirovannye/252510/
252573,Заклепка комб. (алюмин./сталь) 4*14мм  упаковка-100 шт.,159,krepej_i_takelaj/zaklepki/zaklepki_vytyajnye-kombinirovannye,https://optorg.ru/catalog/krepej_i_takelaj/zaklepki/zaklepki_vytyajnye-kombinirovannye/252573/
252596,"Заклепка комб. (алюмин./сталь) 4,8*8мм упаковка-100шт.",180,krepej_i_takelaj/zaklepki/zaklepki_vytyajnye-kombinirovannye,https://optorg.ru/catalog/krepej_i_takelaj/zaklepki/zaklepki_vytyajnye-kombinirovannye/252596/
252673,Заклепка комб. (алюмин./сталь) 4*16мм   упаковка-100шт.,168,krepej_i_takelaj/zaklepki/zaklepki_vytyajnye-kombinirovannye,https://optorg.ru/catalog/krepej_i_takelaj/zaklepki/zaklepki_vytyajnye-kombinirovannye/252673/
252692,"Заклепка комб. (алюмин./сталь) 4,8*6мм упаковка-100 шт.",177,krepej_i_takelaj/zaklepki/zaklepki_vytyajnye-kombinirovannye,https://optorg.ru/catalog/krepej_i_takelaj/zaklepki/zaklepki_vytyajnye-kombinirovannye/252692/
253061,"Заклепка комб. (алюмин/сталь)   3,2*8,0   RAL 7004  уп.-1000 шт.",627,krepej_i_takelaj/zaklepki/zaklepki_vytyajnye-kombinirovannye,https://optorg.ru/catalog/krepej_i_takelaj/zaklepki/zaklepki_vytyajnye-kombinirovannye/253061/
253062,"Заклепка комб. (алюмин/сталь)   3,2*8,0   RAL 7004  упаковка-100 шт.",120,krepej_i_takelaj/zaklepki/zaklepki_vytyajnye-kombinirovannye,https://optorg.ru/catalog/krepej_i_takelaj/zaklepki/zaklepki_vytyajnye-kombinirovannye/253062/
253063,"Заклепка комб. (алюмин./сталь)   4,0*10   RAL 7004   уп.-1000шт.",963,krepej_i_takelaj/zaklepki/zaklepki_vytyajnye-kombinirovannye,https://optorg.ru/catalog/krepej_i_takelaj/zaklepki/zaklepki_vytyajnye-kombinirovannye/253063/
253064,"Заклепка комб. (алюмин./сталь)   4,0*10   RAL 7004   упаковка-100шт.",170,krepej_i_takelaj/zaklepki/zaklepki_vytyajnye-kombinirovannye,https://optorg.ru/catalog/krepej_i_takelaj/zaklepki/zaklepki_vytyajnye-kombinirovannye/253064/
446712,"Заклепка комб. (алюмин./сталь) 6,4*25мм  уп.-500 шт.",1363,krepej_i_takelaj/zaklepki/zaklepki_vytyajnye-kombinirovannye,https://optorg.ru/catalog/krepej_i_takelaj/zaklepki/zaklepki_vytyajnye-kombinirovannye/446712/
446713,"Заклепка комб. (алюмин./сталь) 6,4*16мм  уп.-500 шт.",1118,krepej_i_takelaj/zaklepki/zaklepki_vytyajnye-kombinirovannye,https://optorg.ru/catalog/krepej_i_takelaj/zaklepki/zaklepki_vytyajnye-kombinirovannye/446713/
446714,"Заклепка комб. (алюмин./сталь) 6,4*18мм  уп.-500 шт.",1285,krepej_i_takelaj/zaklepki/zaklepki_vytyajnye-kombinirovannye,https://optorg.ru/catalog/krepej_i_takelaj/zaklepki/zaklepki_vytyajnye-kombinirovannye/446714/
446715,"Заклепка комб. (алюмин./сталь) 6,4*12мм  уп.-500 шт.",1018,krepej_i_takelaj/zaklepki/zaklepki_vytyajnye-kombinirovannye,https://optorg.ru/catalog/krepej_i_takelaj/zaklepki/zaklepki_vytyajnye-kombinirovannye/446715/
446717,"Заклепка комб. (алюмин./сталь) 6,4*14мм  уп.-500 шт.",1039,krepej_i_takelaj/zaklepki/zaklepki_vytyajnye-kombinirovannye,https://optorg.ru/catalog/krepej_i_takelaj/zaklepki/zaklepki_vytyajnye-kombinirovannye/446717/
446718,"Заклепка комб. (алюмин./сталь) 6,4*20мм  уп.-500 шт.",1312,krepej_i_takelaj/zaklepki/zaklepki_vytyajnye-kombinirovannye,https://optorg.ru/catalog/krepej_i_takelaj/zaklepki/zaklepki_vytyajnye-kombinirovannye/446718/
468754,"Заклепка комб. (алюмин/сталь)   3,2*8,0   RAL 7024  уп.-1000 шт.",667,krepej_i_takelaj/zaklepki/zaklepki_vytyajnye-kombinirovannye,https://optorg.ru/catalog/krepej_i_takelaj/zaklepki/zaklepki_vytyajnye-kombinirovannye/468754/
468756,"Заклепка комб. (алюмин./сталь)   4,0*10   RAL 7024   уп.-1000шт.",1035,krepej_i_takelaj/zaklepki/zaklepki_vytyajnye-kombinirovannye,https://optorg.ru/catalog/krepej_i_takelaj/zaklepki/zaklepki_vytyajnye-kombinirovannye/468756/
471135,"Заклепка комб. (алюмин./сталь)   4,0*10   RAL 8019   уп.-1000шт.",1035,krepej_i_takelaj/zaklepki/zaklepki_vytyajnye-kombinirovannye,https://optorg.ru/catalog/krepej_i_takelaj/zaklepki/zaklepki_vytyajnye-kombinirovannye/471135/
471136,"Заклепка комб. (алюмин/сталь)   3,2*8,0   RAL 8019  уп.-1000 шт.",667,krepej_i_takelaj/zaklepki/zaklepki_vytyajnye-kombinirovannye,https://optorg.ru/catalog/krepej_i_takelaj/zaklepki/zaklepki_vytyajnye-kombinirovannye/471136/
472304,"Заклепка комб. (алюмин./сталь) 6,4*12мм  уп.-250 шт.",509,krepej_i_takelaj/zaklepki/zaklepki_vytyajnye-kombinirovannye,https://optorg.ru/catalog/krepej_i_takelaj/zaklepki/zaklepki_vytyajnye-kombinirovannye/472304/
492540,Заклепка вытяжная (алюмин./сталь) 4*8мм  уп.-1000 шт.  ДонКреп,600,krepej_i_takelaj/zaklepki/zaklepki_vytyajnye-kombinirovannye,https://optorg.ru/catalog/krepej_i_takelaj/zaklepki/zaklepki_vytyajnye-kombinirovannye/492540/
494296,"Заклепка комб. (алюмин./сталь) 6,4*14мм  уп.-250 шт.",519,krepej_i_takelaj/zaklepki/zaklepki_vytyajnye-kombinirovannye,https://optorg.ru/catalog/krepej_i_takelaj/zaklepki/zaklepki_vytyajnye-kombinirovannye/494296/
250525,"Заклепка 5x12 мм с полукруглой головой, ГОСТ 10299-80",375,krepej_i_takelaj/zaklepki/zaklepki_zabivnye_pod_molotok,https://optorg.ru/catalog/krepej_i_takelaj/zaklepki/zaklepki_zabivnye_pod_molotok/250525/
250526,"Заклепка 5x16 мм с полукруглой головой, ГОСТ 10299-80",375,krepej_i_takelaj/zaklepki/zaklepki_zabivnye_pod_molotok,https://optorg.ru/catalog/krepej_i_takelaj/zaklepki/zaklepki_zabivnye_pod_molotok/250526/
250527,"Заклепка 5x26 мм с полукруглой головой, ГОСТ 10299-80",375,krepej_i_takelaj/zaklepki/zaklepki_zabivnye_pod_molotok,https://optorg.ru/catalog/krepej_i_takelaj/zaklepki/zaklepki_zabivnye_pod_molotok/250527/
250528,"Заклепка 5x28 мм с полукруглой головой, ГОСТ 10299-80",375,krepej_i_takelaj/zaklepki/zaklepki_zabivnye_pod_molotok,https://optorg.ru/catalog/krepej_i_takelaj/zaklepki/zaklepki_zabivnye_pod_molotok/250528/
250529,"Заклепка 5x30 мм с полукруглой головой, ГОСТ 10299-80",375,krepej_i_takelaj/zaklepki/zaklepki_zabivnye_pod_molotok,https://optorg.ru/catalog/krepej_i_takelaj/zaklepki/zaklepki_zabivnye_pod_molotok/250529/
250530,"Заклепка 5x32 мм с полукруглой головой, ГОСТ 10299-80",375,krepej_i_takelaj/zaklepki/zaklepki_zabivnye_pod_molotok,https://optorg.ru/catalog/krepej_i_takelaj/zaklepki/zaklepki_zabivnye_pod_molotok/250530/
250532,"Заклепка 6x12 мм с полукруглой головой, ГОСТ 10299-80",375,krepej_i_takelaj/zaklepki/zaklepki_zabivnye_pod_molotok,https://optorg.ru/catalog/krepej_i_takelaj/zaklepki/zaklepki_zabivnye_pod_molotok/250532/
250533,"Заклепка 6x18 мм с полукруглой головой, ГОСТ 10299-80",375,krepej_i_takelaj/zaklepki/zaklepki_zabivnye_pod_molotok,https://optorg.ru/catalog/krepej_i_takelaj/zaklepki/zaklepki_zabivnye_pod_molotok/250533/
250534,"Заклепка 6x20 мм с полукруглой головой, ГОСТ 10299-80",375,krepej_i_takelaj/zaklepki/zaklepki_zabivnye_pod_molotok,https://optorg.ru/catalog/krepej_i_takelaj/zaklepki/zaklepki_zabivnye_pod_molotok/250534/
250535,"Заклепка 6x22 мм с полукруглой головой, ГОСТ 10299-80",375,krepej_i_takelaj/zaklepki/zaklepki_zabivnye_pod_molotok,https://optorg.ru/catalog/krepej_i_takelaj/zaklepki/zaklepki_zabivnye_pod_molotok/250535/
250536,"Заклепка 6x24 мм с полукруглой головой, ГОСТ 10299-80",375,krepej_i_takelaj/zaklepki/zaklepki_zabivnye_pod_molotok,https://optorg.ru/catalog/krepej_i_takelaj/zaklepki/zaklepki_zabivnye_pod_molotok/250536/
250537,"Заклепка 6x28 мм с полукруглой головой, ГОСТ 10299-80",375,krepej_i_takelaj/zaklepki/zaklepki_zabivnye_pod_molotok,https://optorg.ru/catalog/krepej_i_takelaj/zaklepki/zaklepki_zabivnye_pod_molotok/250537/
250538,"Заклепка 6x32 мм с полукруглой головой, ГОСТ 10299-80",375,krepej_i_takelaj/zaklepki/zaklepki_zabivnye_pod_molotok,https://optorg.ru/catalog/krepej_i_takelaj/zaklepki/zaklepki_zabivnye_pod_molotok/250538/
250540,"Заклепка 5x18 мм с потайной головой, ГОСТ 10300-80",375,krepej_i_takelaj/zaklepki/zaklepki_zabivnye_pod_molotok,https://optorg.ru/catalog/krepej_i_takelaj/zaklepki/zaklepki_zabivnye_pod_molotok/250540/
250541,"Заклепка 5x20 мм с потайной головой, ГОСТ 10300-80",375,krepej_i_takelaj/zaklepki/zaklepki_zabivnye_pod_molotok,https://optorg.ru/catalog/krepej_i_takelaj/zaklepki/zaklepki_zabivnye_pod_molotok/250541/
250542,"Заклепка 6x14 мм с потайной головой, ГОСТ 10300-80",375,krepej_i_takelaj/zaklepki/zaklepki_zabivnye_pod_molotok,https://optorg.ru/catalog/krepej_i_takelaj/zaklepki/zaklepki_zabivnye_pod_molotok/250542/
250543,"Заклепка 6x18 мм с потайной головой, ГОСТ 10300-80",375,krepej_i_takelaj/zaklepki/zaklepki_zabivnye_pod_molotok,https://optorg.ru/catalog/krepej_i_takelaj/zaklepki/zaklepki_zabivnye_pod_molotok/250543/
250544,"Заклепка 6x32 мм с потайной головой, ГОСТ 10300-80",375,krepej_i_takelaj/zaklepki/zaklepki_zabivnye_pod_molotok,https://optorg.ru/catalog/krepej_i_takelaj/zaklepki/zaklepki_zabivnye_pod_molotok/250544/
250545,"Заклепка 6x40 мм с потайной головой, ГОСТ 10300-80",375,krepej_i_takelaj/zaklepki/zaklepki_zabivnye_pod_molotok,https://optorg.ru/catalog/krepej_i_takelaj/zaklepki/zaklepki_zabivnye_pod_molotok/250545/
250571,"Заклепка 5x14 мм с полукруглой головой, ГОСТ 10299-80",375,krepej_i_takelaj/zaklepki/zaklepki_zabivnye_pod_molotok,https://optorg.ru/catalog/krepej_i_takelaj/zaklepki/zaklepki_zabivnye_pod_molotok/250571/
250578,"Заклепка 6x30 мм с полукруглой головой, ГОСТ 10299-80",375,krepej_i_takelaj/zaklepki/zaklepki_zabivnye_pod_molotok,https://optorg.ru/catalog/krepej_i_takelaj/zaklepki/zaklepki_zabivnye_pod_molotok/250578/
250579,"Заклепка 6x24 мм с потайной головой, ГОСТ 10300-80",375,krepej_i_takelaj/zaklepki/zaklepki_zabivnye_pod_molotok,https://optorg.ru/catalog/krepej_i_takelaj/zaklepki/zaklepki_zabivnye_pod_molotok/250579/
250588,"Заклепка 8x30 мм с полукруглой головой, ГОСТ 10299-80",375,krepej_i_takelaj/zaklepki/zaklepki_zabivnye_pod_molotok,https://optorg.ru/catalog/krepej_i_takelaj/zaklepki/zaklepki_zabivnye_pod_molotok/250588/
250589,"Заклепка 5x18 мм с полукруглой головой, ГОСТ 10299-80",375,krepej_i_takelaj/zaklepki/zaklepki_zabivnye_pod_molotok,https://optorg.ru/catalog/krepej_i_takelaj/zaklepki/zaklepki_zabivnye_pod_molotok/250589/
250608,"Заклепка 5x20 мм с полукруглой головой, ГОСТ 10299-80",375,krepej_i_takelaj/zaklepki/zaklepki_zabivnye_pod_molotok,https://optorg.ru/catalog/krepej_i_takelaj/zaklepki/zaklepki_zabivnye_pod_molotok/250608/
250765,"Заклепка 5x16 мм с потайной головой, ГОСТ 10300-80",375,krepej_i_takelaj/zaklepki/zaklepki_zabivnye_pod_molotok,https://optorg.ru/catalog/krepej_i_takelaj/zaklepki/zaklepki_zabivnye_pod_molotok/250765/
250783,"Заклепка 6x14 мм с полукруглой головой, ГОСТ 10299-80",375,krepej_i_takelaj/zaklepki/zaklepki_zabivnye_pod_molotok,https://optorg.ru/catalog/krepej_i_takelaj/zaklepki/zaklepki_zabivnye_pod_molotok/250783/
250833,"Заклепка 6x34 мм с потайной головой, ГОСТ 10300-80",375,krepej_i_takelaj/zaklepki/zaklepki_zabivnye_pod_molotok,https://optorg.ru/catalog/krepej_i_takelaj/zaklepki/zaklepki_zabivnye_pod_molotok/250833/
250853,"Заклепка 5x22 мм с полукруглой головой, ГОСТ 10299-80",375,krepej_i_takelaj/zaklepki/zaklepki_zabivnye_pod_molotok,https://optorg.ru/catalog/krepej_i_takelaj/zaklepki/zaklepki_zabivnye_pod_molotok/250853/
250854,"Заклепка 6x22 мм с потайной головой, ГОСТ 10300-80",375,krepej_i_takelaj/zaklepki/zaklepki_zabivnye_pod_molotok,https://optorg.ru/catalog/krepej_i_takelaj/zaklepki/zaklepki_zabivnye_pod_molotok/250854/
250992,"Заклепка 5x28 мм с потайной головой, ГОСТ 10300-80",375,krepej_i_takelaj/zaklepki/zaklepki_zabivnye_pod_molotok,https://optorg.ru/catalog/krepej_i_takelaj/zaklepki/zaklepki_zabivnye_pod_molotok/250992/
251003,"Заклепка 6x28 мм с потайной головой, ГОСТ 10300-80",375,krepej_i_takelaj/zaklepki/zaklepki_zabivnye_pod_molotok,https://optorg.ru/catalog/krepej_i_takelaj/zaklepki/zaklepki_zabivnye_pod_molotok/251003/
251038,"Заклепка 6x12 мм с потайной головой, ГОСТ 10300-80",375,krepej_i_takelaj/zaklepki/zaklepki_zabivnye_pod_molotok,https://optorg.ru/catalog/krepej_i_takelaj/zaklepki/zaklepki_zabivnye_pod_molotok/251038/
251044,"Заклепка 5x24 мм с полукруглой головой, ГОСТ 10299-80",375,krepej_i_takelaj/zaklepki/zaklepki_zabivnye_pod_molotok,https://optorg.ru/catalog/krepej_i_takelaj/zaklepki/zaklepki_zabivnye_pod_molotok/251044/
251182,"Заклепка 5x30 мм с потайной головой, ГОСТ 10300-80",375,krepej_i_takelaj/zaklepki/zaklepki_zabivnye_pod_molotok,https://optorg.ru/catalog/krepej_i_takelaj/zaklepki/zaklepki_zabivnye_pod_molotok/251182/
251191,"Заклепка 5x26 мм с потайной головой, ГОСТ 10300-80",375,krepej_i_takelaj/zaklepki/zaklepki_zabivnye_pod_molotok,https://optorg.ru/catalog/krepej_i_takelaj/zaklepki/zaklepki_zabivnye_pod_molotok/251191/
251212,"Заклепка 5x14 мм с потайной головой, ГОСТ 10300-80",375,krepej_i_takelaj/zaklepki/zaklepki_zabivnye_pod_molotok,https://optorg.ru/catalog/krepej_i_takelaj/zaklepki/zaklepki_zabivnye_pod_molotok/251212/
251241,"Заклепка 8x20 мм с полукруглой головой, ГОСТ 10299-80",375,krepej_i_takelaj/zaklepki/zaklepki_zabivnye_pod_molotok,https://optorg.ru/catalog/krepej_i_takelaj/zaklepki/zaklepki_zabivnye_pod_molotok/251241/
251259,"Заклепка 6x45 мм с полукруглой головой, ГОСТ 10299-80",375,krepej_i_takelaj/zaklepki/zaklepki_zabivnye_pod_molotok,https://optorg.ru/catalog/krepej_i_takelaj/zaklepki/zaklepki_zabivnye_pod_molotok/251259/
251284,"Заклепка 6x20 мм с потайной головой, ГОСТ 10300-80",375,krepej_i_takelaj/zaklepki/zaklepki_zabivnye_pod_molotok,https://optorg.ru/catalog/krepej_i_takelaj/zaklepki/zaklepki_zabivnye_pod_molotok/251284/
251285,"Заклепка 6x50 мм с потайной головой, ГОСТ 10300-80",230,krepej_i_takelaj/zaklepki/zaklepki_zabivnye_pod_molotok,https://optorg.ru/catalog/krepej_i_takelaj/zaklepki/zaklepki_zabivnye_pod_molotok/251285/
251313,"Заклепка 5x32 мм с потайной головой, ГОСТ 10300-80",375,krepej_i_takelaj/zaklepki/zaklepki_zabivnye_pod_molotok,https://optorg.ru/catalog/krepej_i_takelaj/zaklepki/zaklepki_zabivnye_pod_molotok/251313/
251329,"Заклепка 6x16 мм с потайной головой, ГОСТ 10300-80",375,krepej_i_takelaj/zaklepki/zaklepki_zabivnye_pod_molotok,https://optorg.ru/catalog/krepej_i_takelaj/zaklepki/zaklepki_zabivnye_pod_molotok/251329/
251330,"Заклепка 6x30 мм с потайной головой, ГОСТ 10300-80",375,krepej_i_takelaj/zaklepki/zaklepki_zabivnye_pod_molotok,https://optorg.ru/catalog/krepej_i_takelaj/zaklepki/zaklepki_zabivnye_pod_molotok/251330/
251401,"Заклепка 8x22 мм с полукруглой головой, ГОСТ 10299-80",375,krepej_i_takelaj/zaklepki/zaklepki_zabivnye_pod_molotok,https://optorg.ru/catalog/krepej_i_takelaj/zaklepki/zaklepki_zabivnye_pod_molotok/251401/
251435,"Заклепка 6x10 мм с полукруглой головой, ГОСТ 10299-80",375,krepej_i_takelaj/zaklepki/zaklepki_zabivnye_pod_molotok,https://optorg.ru/catalog/krepej_i_takelaj/zaklepki/zaklepki_zabivnye_pod_molotok/251435/
251436,"Заклепка 6x26 мм с потайной головой, ГОСТ 10300-80",375,krepej_i_takelaj/zaklepki/zaklepki_zabivnye_pod_molotok,https://optorg.ru/catalog/krepej_i_takelaj/zaklepki/zaklepki_zabivnye_pod_molotok/251436/
251448,"Заклепка 5x24 мм с потайной головой, ГОСТ 10300-80",375,krepej_i_takelaj/zaklepki/zaklepki_zabivnye_pod_molotok,https://optorg.ru/catalog/krepej_i_takelaj/zaklepki/zaklepki_zabivnye_pod_molotok/251448/
252122,"Заклепка 8x16 мм с полукруглой головой, ГОСТ 10299-80",375,krepej_i_takelaj/zaklepki/zaklepki_zabivnye_pod_molotok,https://optorg.ru/catalog/krepej_i_takelaj/zaklepki/zaklepki_zabivnye_pod_molotok/252122/
253371,"Заклепка 5x10 мм с полукруглой головой, ГОСТ 10299-80",375,krepej_i_takelaj/zaklepki/zaklepki_zabivnye_pod_molotok,https://optorg.ru/catalog/krepej_i_takelaj/zaklepki/zaklepki_zabivnye_pod_molotok/253371/
253372,"Заклепка 6x16 мм с полукруглой головой, ГОСТ 10299-80",400,krepej_i_takelaj/zaklepki/zaklepki_zabivnye_pod_molotok,https://optorg.ru/catalog/krepej_i_takelaj/zaklepki/zaklepki_zabivnye_pod_molotok/253372/
253436,"Заклепка 8x40 мм с полукруглой головой, ГОСТ 10299-80",375,krepej_i_takelaj/zaklepki/zaklepki_zabivnye_pod_molotok,https://optorg.ru/catalog/krepej_i_takelaj/zaklepki/zaklepki_zabivnye_pod_molotok/253436/
253607,"Заклепка 8x18 мм с потайной головой, ГОСТ 10300-80",375,krepej_i_takelaj/zaklepki/zaklepki_zabivnye_pod_molotok,https://optorg.ru/catalog/krepej_i_takelaj/zaklepki/zaklepki_zabivnye_pod_molotok/253607/
253646,"Заклепка 8x20 мм с потайной головой, ГОСТ 10300-80",375,krepej_i_takelaj/zaklepki/zaklepki_zabivnye_pod_molotok,https://optorg.ru/catalog/krepej_i_takelaj/zaklepki/zaklepki_zabivnye_pod_molotok/253646/
254005,"Заклепка 8x22 мм с потайной головой, ГОСТ 10300-80",375,krepej_i_takelaj/zaklepki/zaklepki_zabivnye_pod_molotok,https://optorg.ru/catalog/krepej_i_takelaj/zaklepki/zaklepki_zabivnye_pod_molotok/254005/
250639,Дюбель для окон и дверей М10*72   (анкер),6.3,krepej_i_takelaj/ankera/anker_ramnyy,https://optorg.ru/catalog/krepej_i_takelaj/ankera/anker_ramnyy/250639/
250640,Дюбель для окон и дверей М10*92   (анкер),6.7,krepej_i_takelaj/ankera/anker_ramnyy,https://optorg.ru/catalog/krepej_i_takelaj/ankera/anker_ramnyy/250640/
250641,Дюбель для окон и дверей М10*112  (анкер),8.1,krepej_i_takelaj/ankera/anker_ramnyy,https://optorg.ru/catalog/krepej_i_takelaj/ankera/anker_ramnyy/250641/
250642,Дюбель для окон и дверей М10*132  (анкер),9.8,krepej_i_takelaj/ankera/anker_ramnyy,https://optorg.ru/catalog/krepej_i_takelaj/ankera/anker_ramnyy/250642/
250643,Дюбель для окон и дверей М10*152  (анкер),10.8,krepej_i_takelaj/ankera/anker_ramnyy,https://optorg.ru/catalog/krepej_i_takelaj/ankera/anker_ramnyy/250643/
250725,Дюбель для окон и дверей М10*182  (анкер),13.4,krepej_i_takelaj/ankera/anker_ramnyy,https://optorg.ru/catalog/krepej_i_takelaj/ankera/anker_ramnyy/250725/
250726,Дюбель для окон и дверей М10*202  (анкер),14,krepej_i_takelaj/ankera/anker_ramnyy,https://optorg.ru/catalog/krepej_i_takelaj/ankera/anker_ramnyy/250726/
250802,Дюбель для окон и дверей М8*112  (анкер),6.4,krepej_i_takelaj/ankera/anker_ramnyy,https://optorg.ru/catalog/krepej_i_takelaj/ankera/anker_ramnyy/250802/
250803,Дюбель для окон и дверей М8*92   (анкер),5.7,krepej_i_takelaj/ankera/anker_ramnyy,https://optorg.ru/catalog/krepej_i_takelaj/ankera/anker_ramnyy/250803/
250819,Дюбель для окон и дверей М8*132   (анкер),7.6,krepej_i_takelaj/ankera/anker_ramnyy,https://optorg.ru/catalog/krepej_i_takelaj/ankera/anker_ramnyy/250819/
251380,Дюбель для окон и дверей М8*72   (анкер),4.7,krepej_i_takelaj/ankera/anker_ramnyy,https://optorg.ru/catalog/krepej_i_takelaj/ankera/anker_ramnyy/251380/
251381,Дюбель для окон и дверей М8*152   (анкер),8.7,krepej_i_takelaj/ankera/anker_ramnyy,https://optorg.ru/catalog/krepej_i_takelaj/ankera/anker_ramnyy/251381/
251388,Дюбель для окон и дверей М8*172   (анкер),9.8,krepej_i_takelaj/ankera/anker_ramnyy,https://optorg.ru/catalog/krepej_i_takelaj/ankera/anker_ramnyy/251388/
250720,Анкерный болт с гайкой  8*65,4.6,krepej_i_takelaj/ankera/ankernye_bolty,https://optorg.ru/catalog/krepej_i_takelaj/ankera/ankernye_bolty/250720/
250721,Анкерный болт с гайкой  8*85,6.4,krepej_i_takelaj/ankera/ankernye_bolty,https://optorg.ru/catalog/krepej_i_takelaj/ankera/ankernye_bolty/250721/
250722,Анкерный болт с гайкой  10*50,6.5,krepej_i_takelaj/ankera/ankernye_bolty,https://optorg.ru/catalog/krepej_i_takelaj/ankera/ankernye_bolty/250722/
250742,Анкерный болт с гайкой  12*120,18,krepej_i_takelaj/ankera/ankernye_bolty,https://optorg.ru/catalog/krepej_i_takelaj/ankera/ankernye_bolty/250742/
250792,Анкерный болт с гайкой  8*40,4.1,krepej_i_takelaj/ankera/ankernye_bolty,https://optorg.ru/catalog/krepej_i_takelaj/ankera/ankernye_bolty/250792/
250801,Анкерный болт с гайкой  10*75 (77),8.7,krepej_i_takelaj/ankera/ankernye_bolty,https://optorg.ru/catalog/krepej_i_takelaj/ankera/ankernye_bolty/250801/
250818,Анкерный болт с гайкой  12*99 (100),17.8,krepej_i_takelaj/ankera/ankernye_bolty,https://optorg.ru/catalog/krepej_i_takelaj/ankera/ankernye_bolty/250818/
250823,Анкерный болт с гайкой  10*95 (97),9.6,krepej_i_takelaj/ankera/ankernye_bolty,https://optorg.ru/catalog/krepej_i_takelaj/ankera/ankernye_bolty/250823/
250855,Анкерный болт с гайкой  12*129 (130),18.3,krepej_i_takelaj/ankera/ankernye_bolty,https://optorg.ru/catalog/krepej_i_takelaj/ankera/ankernye_bolty/250855/
250989,Анкерный болт с гайкой  16*147 (150),32,krepej_i_takelaj/ankera/ankernye_bolty,https://optorg.ru/catalog/krepej_i_takelaj/ankera/ankernye_bolty/250989/
251058,Анкерный болт с гайкой  10*130,14,krepej_i_takelaj/ankera/ankernye_bolty,https://optorg.ru/catalog/krepej_i_takelaj/ankera/ankernye_bolty/251058/
251112,Анкерный болт с гайкой  10*150,15,krepej_i_takelaj/ankera/ankernye_bolty,https://optorg.ru/catalog/krepej_i_takelaj/ankera/ankernye_bolty/251112/
251113,Анкерный болт с гайкой  20*107 (110),47,krepej_i_takelaj/ankera/ankernye_bolty,https://optorg.ru/catalog/krepej_i_takelaj/ankera/ankernye_bolty/251113/
251122,Анкерный болт с гайкой  10*125,13.2,krepej_i_takelaj/ankera/ankernye_bolty,https://optorg.ru/catalog/krepej_i_takelaj/ankera/ankernye_bolty/251122/
251194,Анкерный болт 8*60,5.7,krepej_i_takelaj/ankera/ankernye_bolty,https://optorg.ru/catalog/krepej_i_takelaj/ankera/ankernye_bolty/251194/
251195,Анкерный болт 10*55,7.6,krepej_i_takelaj/ankera/ankernye_bolty,https://optorg.ru/catalog/krepej_i_takelaj/ankera/ankernye_bolty/251195/
251196,Анкерный болт 10*80,9.8,krepej_i_takelaj/ankera/ankernye_bolty,https://optorg.ru/catalog/krepej_i_takelaj/ankera/ankernye_bolty/251196/
251197,Анкерный болт 10*100,11.7,krepej_i_takelaj/ankera/ankernye_bolty,https://optorg.ru/catalog/krepej_i_takelaj/ankera/ankernye_bolty/251197/
251296,Анкерный болт 10*130,14.3,krepej_i_takelaj/ankera/ankernye_bolty,https://optorg.ru/catalog/krepej_i_takelaj/ankera/ankernye_bolty/251296/
251301,Анкерный болт с гайкой  12*75,11.9,krepej_i_takelaj/ankera/ankernye_bolty,https://optorg.ru/catalog/krepej_i_takelaj/ankera/ankernye_bolty/251301/
251302,Анкерный болт с гайкой  12*150,23,krepej_i_takelaj/ankera/ankernye_bolty,https://optorg.ru/catalog/krepej_i_takelaj/ankera/ankernye_bolty/251302/
251337,Анкерный болт с гайкой  20*150 (151),68,krepej_i_takelaj/ankera/ankernye_bolty,https://optorg.ru/catalog/krepej_i_takelaj/ankera/ankernye_bolty/251337/
251339,Анкерный болт с гайкой  16*180,44,krepej_i_takelaj/ankera/ankernye_bolty,https://optorg.ru/catalog/krepej_i_takelaj/ankera/ankernye_bolty/251339/
251340,Анкерный болт с гайкой  10*180,15.5,krepej_i_takelaj/ankera/ankernye_bolty,https://optorg.ru/catalog/krepej_i_takelaj/ankera/ankernye_bolty/251340/
251341,Анкерный болт с гайкой  8*100,7.2,krepej_i_takelaj/ankera/ankernye_bolty,https://optorg.ru/catalog/krepej_i_takelaj/ankera/ankernye_bolty/251341/
251342,Анкерный болт с гайкой  20*200,88,krepej_i_takelaj/ankera/ankernye_bolty,https://optorg.ru/catalog/krepej_i_takelaj/ankera/ankernye_bolty/251342/
251343,Анкерный болт с гайкой  20*300,129,krepej_i_takelaj/ankera/ankernye_bolty,https://optorg.ru/catalog/krepej_i_takelaj/ankera/ankernye_bolty/251343/
251357,Анкерный болт с гайкой  8*120,9,krepej_i_takelaj/ankera/ankernye_bolty,https://optorg.ru/catalog/krepej_i_takelaj/ankera/ankernye_bolty/251357/
251358,Анкерный болт с гайкой  12*180,25.5,krepej_i_takelaj/ankera/ankernye_bolty,https://optorg.ru/catalog/krepej_i_takelaj/ankera/ankernye_bolty/251358/
251359,Анкерный болт с гайкой  16*220,52,krepej_i_takelaj/ankera/ankernye_bolty,https://optorg.ru/catalog/krepej_i_takelaj/ankera/ankernye_bolty/251359/
251372,Анкерный болт с гайкой  10*60,6.7,krepej_i_takelaj/ankera/ankernye_bolty,https://optorg.ru/catalog/krepej_i_takelaj/ankera/ankernye_bolty/251372/
251446,Анкерный болт   12*100,17.4,krepej_i_takelaj/ankera/ankernye_bolty,https://optorg.ru/catalog/krepej_i_takelaj/ankera/ankernye_bolty/251446/
251449,Анкерный болт 8*80,7,krepej_i_takelaj/ankera/ankernye_bolty,https://optorg.ru/catalog/krepej_i_takelaj/ankera/ankernye_bolty/251449/
251452,Анкерный болт   12*120,21.6,krepej_i_takelaj/ankera/ankernye_bolty,https://optorg.ru/catalog/krepej_i_takelaj/ankera/ankernye_bolty/251452/
251488,Анкерный болт 10*120,12.7,krepej_i_takelaj/ankera/ankernye_bolty,https://optorg.ru/catalog/krepej_i_takelaj/ankera/ankernye_bolty/251488/
251515,Анкерный болт 8*45,3.9,krepej_i_takelaj/ankera/ankernye_bolty,https://optorg.ru/catalog/krepej_i_takelaj/ankera/ankernye_bolty/251515/
251827,Анкерный болт 8*100,7.5,krepej_i_takelaj/ankera/ankernye_bolty,https://optorg.ru/catalog/krepej_i_takelaj/ankera/ankernye_bolty/251827/
251848,Анкерный болт  10*100  с крюком,16.5,krepej_i_takelaj/ankera/ankernye_bolty,https://optorg.ru/catalog/krepej_i_takelaj/ankera/ankernye_bolty/251848/
251849,Анкерный болт  10*120  с крюком,20.5,krepej_i_takelaj/ankera/ankernye_bolty,https://optorg.ru/catalog/krepej_i_takelaj/ankera/ankernye_bolty/251849/
251850,Анкерный болт  10*60  с крюком,13.8,krepej_i_takelaj/ankera/ankernye_bolty,https://optorg.ru/catalog/krepej_i_takelaj/ankera/ankernye_bolty/251850/
251851,Анкерный болт  10*80  с крюком,15.5,krepej_i_takelaj/ankera/ankernye_bolty,https://optorg.ru/catalog/krepej_i_takelaj/ankera/ankernye_bolty/251851/
251852,Анкерный болт  12*100  с крюком,27.5,krepej_i_takelaj/ankera/ankernye_bolty,https://optorg.ru/catalog/krepej_i_takelaj/ankera/ankernye_bolty/251852/
251853,Анкерный болт  12*130  с крюком,31.5,krepej_i_takelaj/ankera/ankernye_bolty,https://optorg.ru/catalog/krepej_i_takelaj/ankera/ankernye_bolty/251853/
251854,Анкерный болт  12*70  с крюком,23.5,krepej_i_takelaj/ankera/ankernye_bolty,https://optorg.ru/catalog/krepej_i_takelaj/ankera/ankernye_bolty/251854/
251855,Анкерный болт  8*40  с крюком,7.5,krepej_i_takelaj/ankera/ankernye_bolty,https://optorg.ru/catalog/krepej_i_takelaj/ankera/ankernye_bolty/251855/
251856,Анкерный болт  8*60  с крюком,8.4,krepej_i_takelaj/ankera/ankernye_bolty,https://optorg.ru/catalog/krepej_i_takelaj/ankera/ankernye_bolty/251856/
251857,Анкерный болт  10*100 с  кольцом,19,krepej_i_takelaj/ankera/ankernye_bolty,https://optorg.ru/catalog/krepej_i_takelaj/ankera/ankernye_bolty/251857/
251858,Анкерный болт  10*120 с  кольцом,20,krepej_i_takelaj/ankera/ankernye_bolty,https://optorg.ru/catalog/krepej_i_takelaj/ankera/ankernye_bolty/251858/
251859,Анкерный болт  12*70 с  кольцом,22.5,krepej_i_takelaj/ankera/ankernye_bolty,https://optorg.ru/catalog/krepej_i_takelaj/ankera/ankernye_bolty/251859/
251860,Анкерный болт  8*40 с  кольцом,9,krepej_i_takelaj/ankera/ankernye_bolty,https://optorg.ru/catalog/krepej_i_takelaj/ankera/ankernye_bolty/251860/
251861,Анкерный болт  8*60 с  кольцом,9.3,krepej_i_takelaj/ankera/ankernye_bolty,https://optorg.ru/catalog/krepej_i_takelaj/ankera/ankernye_bolty/251861/
251862,Анкерный болт  10*60  с Г-образным крюком,14.6,krepej_i_takelaj/ankera/ankernye_bolty,https://optorg.ru/catalog/krepej_i_takelaj/ankera/ankernye_bolty/251862/
251863,Анкерный болт  12*70  с Г-образным крюком,27.5,krepej_i_takelaj/ankera/ankernye_bolty,https://optorg.ru/catalog/krepej_i_takelaj/ankera/ankernye_bolty/251863/
251864,Анкерный болт  8*40  с Г-образным крюком,7.5,krepej_i_takelaj/ankera/ankernye_bolty,https://optorg.ru/catalog/krepej_i_takelaj/ankera/ankernye_bolty/251864/
251872,Анкерный болт  10*60 с  кольцом,14,krepej_i_takelaj/ankera/ankernye_bolty,https://optorg.ru/catalog/krepej_i_takelaj/ankera/ankernye_bolty/251872/
251873,Анкерный болт  10*80 с  кольцом,15,krepej_i_takelaj/ankera/ankernye_bolty,https://optorg.ru/catalog/krepej_i_takelaj/ankera/ankernye_bolty/251873/
251874,Анкерный болт  10*100  с Г-образным крюком,19.9,krepej_i_takelaj/ankera/ankernye_bolty,https://optorg.ru/catalog/krepej_i_takelaj/ankera/ankernye_bolty/251874/
251875,Анкерный болт  10*80  с Г-образным крюком,16.5,krepej_i_takelaj/ankera/ankernye_bolty,https://optorg.ru/catalog/krepej_i_takelaj/ankera/ankernye_bolty/251875/
251876,Анкерный болт  12*100  с Г-образным крюком,29,krepej_i_takelaj/ankera/ankernye_bolty,https://optorg.ru/catalog/krepej_i_takelaj/ankera/ankernye_bolty/251876/
251877,Анкерный болт  12*100 с  кольцом,31,krepej_i_takelaj/ankera/ankernye_bolty,https://optorg.ru/catalog/krepej_i_takelaj/ankera/ankernye_bolty/251877/
251878,Анкерный болт  8*60  с Г-образным крюком,9.4,krepej_i_takelaj/ankera/ankernye_bolty,https://optorg.ru/catalog/krepej_i_takelaj/ankera/ankernye_bolty/251878/
251921,Анкерный болт с гайкой  12*200,33,krepej_i_takelaj/ankera/ankernye_bolty,https://optorg.ru/catalog/krepej_i_takelaj/ankera/ankernye_bolty/251921/
251950,Анкерный болт  12*130 с  кольцом,34,krepej_i_takelaj/ankera/ankernye_bolty,https://optorg.ru/catalog/krepej_i_takelaj/ankera/ankernye_bolty/251950/
252011,Анкерный болт  10*50 с  кольцом,14,krepej_i_takelaj/ankera/ankernye_bolty,https://optorg.ru/catalog/krepej_i_takelaj/ankera/ankernye_bolty/252011/
252984,Анкерный болт  10*50  с крюком,11.5,krepej_i_takelaj/ankera/ankernye_bolty,https://optorg.ru/catalog/krepej_i_takelaj/ankera/ankernye_bolty/252984/
253585,Анкерный болт  10*120  с Г-образным крюком,22.5,krepej_i_takelaj/ankera/ankernye_bolty,https://optorg.ru/catalog/krepej_i_takelaj/ankera/ankernye_bolty/253585/
253815,Анкерный болт с гайкой  12*250,36,krepej_i_takelaj/ankera/ankernye_bolty,https://optorg.ru/catalog/krepej_i_takelaj/ankera/ankernye_bolty/253815/
253997,Анкерный болт с гайкой  16*110 (111),25.3,krepej_i_takelaj/ankera/ankernye_bolty,https://optorg.ru/catalog/krepej_i_takelaj/ankera/ankernye_bolty/253997/
304872,Анкерный болт с гайкой  20*250,94,krepej_i_takelaj/ankera/ankernye_bolty,https://optorg.ru/catalog/krepej_i_takelaj/ankera/ankernye_bolty/304872/
344700,Анкерный болт   12*150,24,krepej_i_takelaj/ankera/ankernye_bolty,https://optorg.ru/catalog/krepej_i_takelaj/ankera/ankernye_bolty/344700/
364797,Анкерный болт с гайкой  12*280,43.5,krepej_i_takelaj/ankera/ankernye_bolty,https://optorg.ru/catalog/krepej_i_takelaj/ankera/ankernye_bolty/364797/
397280,Анкерный болт с гайкой  10*200,20,krepej_i_takelaj/ankera/ankernye_bolty,https://optorg.ru/catalog/krepej_i_takelaj/ankera/ankernye_bolty/397280/
250903,ЗАБИВНОЙ  АНКЕР М6   8*25 уп.-100 шт.,166,krepej_i_takelaj/ankera/zabivnye_ankera,https://optorg.ru/catalog/krepej_i_takelaj/ankera/zabivnye_ankera/250903/
250904,ЗАБИВНОЙ  АНКЕР М8   10*30 уп.-100 шт.,225,krepej_i_takelaj/ankera/zabivnye_ankera,https://optorg.ru/catalog/krepej_i_takelaj/ankera/zabivnye_ankera/250904/
250905,ЗАБИВНОЙ  АНКЕР М10  12*40 уп.-50 шт.,198,krepej_i_takelaj/ankera/zabivnye_ankera,https://optorg.ru/catalog/krepej_i_takelaj/ankera/zabivnye_ankera/250905/
250906,ЗАБИВНОЙ  АНКЕР М12  16*50 уп.-50 шт,434,krepej_i_takelaj/ankera/zabivnye_ankera,https://optorg.ru/catalog/krepej_i_takelaj/ankera/zabivnye_ankera/250906/
252219,ЗАБИВНОЙ АНКЕР М16   20*65 уп.-25 шт.,446,krepej_i_takelaj/ankera/zabivnye_ankera,https://optorg.ru/catalog/krepej_i_takelaj/ankera/zabivnye_ankera/252219/
253273,Латунный анкер (цанга)  м6  8*25  уп.-100шт.,727,krepej_i_takelaj/ankera/zabivnye_ankera,https://optorg.ru/catalog/krepej_i_takelaj/ankera/zabivnye_ankera/253273/
253274,Латунный анкер (цанга)  м8  10*30  уп.-100шт.,1312,krepej_i_takelaj/ankera/zabivnye_ankera,https://optorg.ru/catalog/krepej_i_takelaj/ankera/zabivnye_ankera/253274/
253275,Латунный анкер (цанга)  м10  12*35  уп.-50шт.,1299,krepej_i_takelaj/ankera/zabivnye_ankera,https://optorg.ru/catalog/krepej_i_takelaj/ankera/zabivnye_ankera/253275/
253276,Латунный анкер (цанга)  м12  16*40  уп.-50шт.,2510,krepej_i_takelaj/ankera/zabivnye_ankera,https://optorg.ru/catalog/krepej_i_takelaj/ankera/zabivnye_ankera/253276/
392777,Латунный анкер (цанга)  м16  20*45 уп.-50шт.,3846,krepej_i_takelaj/ankera/zabivnye_ankera,https://optorg.ru/catalog/krepej_i_takelaj/ankera/zabivnye_ankera/392777/
436922,Латунный анкер (цанга)  м16  20*45 уп.-20шт.,1538,krepej_i_takelaj/ankera/zabivnye_ankera,https://optorg.ru/catalog/krepej_i_takelaj/ankera/zabivnye_ankera/436922/
250708,АНКЕР КЛИНОВОЙ 6*95,6.3,krepej_i_takelaj/ankera/klinovye_ankera,https://optorg.ru/catalog/krepej_i_takelaj/ankera/klinovye_ankera/250708/
250709,АНКЕР КЛИНОВОЙ 8*50,6,krepej_i_takelaj/ankera/klinovye_ankera,https://optorg.ru/catalog/krepej_i_takelaj/ankera/klinovye_ankera/250709/
250710,АНКЕР КЛИНОВОЙ 8*80,7.3,krepej_i_takelaj/ankera/klinovye_ankera,https://optorg.ru/catalog/krepej_i_takelaj/ankera/klinovye_ankera/250710/
250711,АНКЕР КЛИНОВОЙ 8*105,9,krepej_i_takelaj/ankera/klinovye_ankera,https://optorg.ru/catalog/krepej_i_takelaj/ankera/klinovye_ankera/250711/
250712,АНКЕР КЛИНОВОЙ 10*65,10.6,krepej_i_takelaj/ankera/klinovye_ankera,https://optorg.ru/catalog/krepej_i_takelaj/ankera/klinovye_ankera/250712/
250713,АНКЕР КЛИНОВОЙ 10*95,12.5,krepej_i_takelaj/ankera/klinovye_ankera,https://optorg.ru/catalog/krepej_i_takelaj/ankera/klinovye_ankera/250713/
250714,АНКЕР КЛИНОВОЙ 10*120,14.6,krepej_i_takelaj/ankera/klinovye_ankera,https://optorg.ru/catalog/krepej_i_takelaj/ankera/klinovye_ankera/250714/
250717,АНКЕР КЛИНОВОЙ 12*150,25.5,krepej_i_takelaj/ankera/klinovye_ankera,https://optorg.ru/catalog/krepej_i_takelaj/ankera/klinovye_ankera/250717/
250718,АНКЕР КЛИНОВОЙ 16*140,46,krepej_i_takelaj/ankera/klinovye_ankera,https://optorg.ru/catalog/krepej_i_takelaj/ankera/klinovye_ankera/250718/
250719,АНКЕР КЛИНОВОЙ 16*180,55,krepej_i_takelaj/ankera/klinovye_ankera,https://optorg.ru/catalog/krepej_i_takelaj/ankera/klinovye_ankera/250719/
250724,АНКЕР КЛИНОВОЙ 8*120,10.5,krepej_i_takelaj/ankera/klinovye_ankera,https://optorg.ru/catalog/krepej_i_takelaj/ankera/klinovye_ankera/250724/
252047,АНКЕР КЛИНОВОЙ 12*120,19.5,krepej_i_takelaj/ankera/klinovye_ankera,https://optorg.ru/catalog/krepej_i_takelaj/ankera/klinovye_ankera/252047/
252056,АНКЕР КЛИНОВОЙ 16*220,65,krepej_i_takelaj/ankera/klinovye_ankera,https://optorg.ru/catalog/krepej_i_takelaj/ankera/klinovye_ankera/252056/
252057,АНКЕР КЛИНОВОЙ 20*200,106,krepej_i_takelaj/ankera/klinovye_ankera,https://optorg.ru/catalog/krepej_i_takelaj/ankera/klinovye_ankera/252057/
252058,АНКЕР КЛИНОВОЙ 20*300,167,krepej_i_takelaj/ankera/klinovye_ankera,https://optorg.ru/catalog/krepej_i_takelaj/ankera/klinovye_ankera/252058/
252077,АНКЕР КЛИНОВОЙ 12*100,16.5,krepej_i_takelaj/ankera/klinovye_ankera,https://optorg.ru/catalog/krepej_i_takelaj/ankera/klinovye_ankera/252077/
253683,АНКЕР КЛИНОВОЙ 10*150,18.8,krepej_i_takelaj/ankera/klinovye_ankera,https://optorg.ru/catalog/krepej_i_takelaj/ankera/klinovye_ankera/253683/
253761,АНКЕР КЛИНОВОЙ 6*65,5,krepej_i_takelaj/ankera/klinovye_ankera,https://optorg.ru/catalog/krepej_i_takelaj/ankera/klinovye_ankera/253761/
425821,АНКЕР КЛИНОВОЙ 20*250,125,krepej_i_takelaj/ankera/klinovye_ankera,https://optorg.ru/catalog/krepej_i_takelaj/ankera/klinovye_ankera/425821/
250804,ДЮБЕЛЬ-ПРУЖИНА М 5*95,17.7,krepej_i_takelaj/ankera/potolochnye_ankera,https://optorg.ru/catalog/krepej_i_takelaj/ankera/potolochnye_ankera/250804/
253554,ДЮБЕЛЬ-ПРУЖИНА М 8*100,37,krepej_i_takelaj/ankera/potolochnye_ankera,https://optorg.ru/catalog/krepej_i_takelaj/ankera/potolochnye_ankera/253554/
253725,ДЮБЕЛЬ-ПРУЖИНА М 6*100,20.5,krepej_i_takelaj/ankera/potolochnye_ankera,https://optorg.ru/catalog/krepej_i_takelaj/ankera/potolochnye_ankera/253725/
250697,АНКЕР-КЛИН 6*40,2.7,krepej_i_takelaj/ankera/anker-klin,https://optorg.ru/catalog/krepej_i_takelaj/ankera/anker-klin/250697/
253838,АНКЕР-КЛИН 6*60,3.9,krepej_i_takelaj/ankera/anker-klin,https://optorg.ru/catalog/krepej_i_takelaj/ankera/anker-klin/253838/
251680,"LM 40  Лента монтажная перфорированая  40*2,0  (10м)",1290,krepej_i_takelaj/perforirovannyy_krepej/lenty_perforirovannye,https://optorg.ru/catalog/krepej_i_takelaj/perforirovannyy_krepej/lenty_perforirovannye/251680/
251681,"LM 60  Лента монтажная перфорированая  60*2,0  (10м)",1628,krepej_i_takelaj/perforirovannyy_krepej/lenty_perforirovannye,https://optorg.ru/catalog/krepej_i_takelaj/perforirovannyy_krepej/lenty_perforirovannye/251681/
251682,"LM 80  Лента монтажная перфорированая  80*2,0  (10м)",2150,krepej_i_takelaj/perforirovannyy_krepej/lenty_perforirovannye,https://optorg.ru/catalog/krepej_i_takelaj/perforirovannyy_krepej/lenty_perforirovannye/251682/
251683,"LM 100  Лента монтажная перфорированая  100*2,0  (10м)",3187,krepej_i_takelaj/perforirovannyy_krepej/lenty_perforirovannye,https://optorg.ru/catalog/krepej_i_takelaj/perforirovannyy_krepej/lenty_perforirovannye/251683/
251735,"Перфорированная лента прямая 20*0,5мм   рулон 25 м.",410,krepej_i_takelaj/perforirovannyy_krepej/lenty_perforirovannye,https://optorg.ru/catalog/krepej_i_takelaj/perforirovannyy_krepej/lenty_perforirovannye/251735/
252143,"Перфорированная лента прямая 20*1,00 мм   рулон 25 м.",1090,krepej_i_takelaj/perforirovannyy_krepej/lenty_perforirovannye,https://optorg.ru/catalog/krepej_i_takelaj/perforirovannyy_krepej/lenty_perforirovannye/252143/
252961,"Перфорированная лента   ВОЛНА   17*0,5мм   рулон 25м.",308,krepej_i_takelaj/perforirovannyy_krepej/lenty_perforirovannye,https://optorg.ru/catalog/krepej_i_takelaj/perforirovannyy_krepej/lenty_perforirovannye/252961/
253435,"Перфорированная лента прямая 20*0,80мм   рулон 25 м.",608,krepej_i_takelaj/perforirovannyy_krepej/lenty_perforirovannye,https://optorg.ru/catalog/krepej_i_takelaj/perforirovannyy_krepej/lenty_perforirovannye/253435/
350614,"Перфорированная лента прямая 12*0,5мм  рулон 25 м.",243,krepej_i_takelaj/perforirovannyy_krepej/lenty_perforirovannye,https://optorg.ru/catalog/krepej_i_takelaj/perforirovannyy_krepej/lenty_perforirovannye/350614/
426041,"ТАРНАЯ  лента,   БЕЗ  перфорации    20х0,5мм   рулон 25м",413,krepej_i_takelaj/perforirovannyy_krepej/lenty_perforirovannye,https://optorg.ru/catalog/krepej_i_takelaj/perforirovannyy_krepej/lenty_perforirovannye/426041/
462065,"Перфорированная лента   ВОЛНА   12*0,5мм   рулон 25м.",219,krepej_i_takelaj/perforirovannyy_krepej/lenty_perforirovannye,https://optorg.ru/catalog/krepej_i_takelaj/perforirovannyy_krepej/lenty_perforirovannye/462065/
251606,OBR R Опора бруса открытая 76*110*41,57,krepej_i_takelaj/perforirovannyy_krepej/opory_i_derjateli,https://optorg.ru/catalog/krepej_i_takelaj/perforirovannyy_krepej/opory_i_derjateli/251606/
251615,OBR R Опора бруса открытая 76*140*100,79,krepej_i_takelaj/perforirovannyy_krepej/opory_i_derjateli,https://optorg.ru/catalog/krepej_i_takelaj/perforirovannyy_krepej/opory_i_derjateli/251615/
251914,OBR R Опора бруса открытая  76*135*51,67,krepej_i_takelaj/perforirovannyy_krepej/opory_i_derjateli,https://optorg.ru/catalog/krepej_i_takelaj/perforirovannyy_krepej/opory_i_derjateli/251914/
253639,"Крепление для стропил 170*32*2,0   левое",23,krepej_i_takelaj/perforirovannyy_krepej/opory_i_derjateli,https://optorg.ru/catalog/krepej_i_takelaj/perforirovannyy_krepej/opory_i_derjateli/253639/
253640,"Крепление для стропил 170*32*2,0   правое",23,krepej_i_takelaj/perforirovannyy_krepej/opory_i_derjateli,https://optorg.ru/catalog/krepej_i_takelaj/perforirovannyy_krepej/opory_i_derjateli/253640/
305406,OBR R Опора бруса открытая 76*152*75,79,krepej_i_takelaj/perforirovannyy_krepej/opory_i_derjateli,https://optorg.ru/catalog/krepej_i_takelaj/perforirovannyy_krepej/opory_i_derjateli/305406/
488517,"Крепеление балки 75*105*25*2,0мм    правое",39,krepej_i_takelaj/perforirovannyy_krepej/opory_i_derjateli,https://optorg.ru/catalog/krepej_i_takelaj/perforirovannyy_krepej/opory_i_derjateli/488517/
488518,"Крепеление балки 75*105*25*2,0мм    левое",39,krepej_i_takelaj/perforirovannyy_krepej/opory_i_derjateli,https://optorg.ru/catalog/krepej_i_takelaj/perforirovannyy_krepej/opory_i_derjateli/488518/
251595,KP Крепежная пластина 100*35,12.8,krepej_i_takelaj/perforirovannyy_krepej/plastiny_perforirovannye,https://optorg.ru/catalog/krepej_i_takelaj/perforirovannyy_krepej/plastiny_perforirovannye/251595/
251596,KP Крепежная пластина 140*55,23.5,krepej_i_takelaj/perforirovannyy_krepej/plastiny_perforirovannye,https://optorg.ru/catalog/krepej_i_takelaj/perforirovannyy_krepej/plastiny_perforirovannye/251596/
251597,KP Крепежная пластина 180*65,31,krepej_i_takelaj/perforirovannyy_krepej/plastiny_perforirovannye,https://optorg.ru/catalog/krepej_i_takelaj/perforirovannyy_krepej/plastiny_perforirovannye/251597/
251598,KP Крепежная пластина 210*90,57,krepej_i_takelaj/perforirovannyy_krepej/plastiny_perforirovannye,https://optorg.ru/catalog/krepej_i_takelaj/perforirovannyy_krepej/plastiny_perforirovannye/251598/
251599,PS  Пластина соединительная 40*100,10.5,krepej_i_takelaj/perforirovannyy_krepej/plastiny_perforirovannye,https://optorg.ru/catalog/krepej_i_takelaj/perforirovannyy_krepej/plastiny_perforirovannye/251599/
251600,PS  Пластина соединительная 40*120,12.3,krepej_i_takelaj/perforirovannyy_krepej/plastiny_perforirovannye,https://optorg.ru/catalog/krepej_i_takelaj/perforirovannyy_krepej/plastiny_perforirovannye/251600/
251601,PS  Пластина соединительная 40*160,18.6,krepej_i_takelaj/perforirovannyy_krepej/plastiny_perforirovannye,https://optorg.ru/catalog/krepej_i_takelaj/perforirovannyy_krepej/plastiny_perforirovannye/251601/
251602,PS  Пластина соединительная 40*200,20,krepej_i_takelaj/perforirovannyy_krepej/plastiny_perforirovannye,https://optorg.ru/catalog/krepej_i_takelaj/perforirovannyy_krepej/plastiny_perforirovannye/251602/
251603,PS  Пластина соединительная 60*140,23,krepej_i_takelaj/perforirovannyy_krepej/plastiny_perforirovannye,https://optorg.ru/catalog/krepej_i_takelaj/perforirovannyy_krepej/plastiny_perforirovannye/251603/
251604,"PS  Пластина соединительная 60*200*2,0",33,krepej_i_takelaj/perforirovannyy_krepej/plastiny_perforirovannye,https://optorg.ru/catalog/krepej_i_takelaj/perforirovannyy_krepej/plastiny_perforirovannye/251604/
251605,PS  Пластина соединительная 60*300,52.5,krepej_i_takelaj/perforirovannyy_krepej/plastiny_perforirovannye,https://optorg.ru/catalog/krepej_i_takelaj/perforirovannyy_krepej/plastiny_perforirovannye/251605/
251613,PS  Пластина соединительная 80*240,53,krepej_i_takelaj/perforirovannyy_krepej/plastiny_perforirovannye,https://optorg.ru/catalog/krepej_i_takelaj/perforirovannyy_krepej/plastiny_perforirovannye/251613/
251665,KP Крепежная пластина 300*65,75,krepej_i_takelaj/perforirovannyy_krepej/plastiny_perforirovannye,https://optorg.ru/catalog/krepej_i_takelaj/perforirovannyy_krepej/plastiny_perforirovannye/251665/
251666,PS  Пластина соединительная 40*80,8.5,krepej_i_takelaj/perforirovannyy_krepej/plastiny_perforirovannye,https://optorg.ru/catalog/krepej_i_takelaj/perforirovannyy_krepej/plastiny_perforirovannye/251666/
251667,PS  Пластина соединительная 40*140,14.3,krepej_i_takelaj/perforirovannyy_krepej/plastiny_perforirovannye,https://optorg.ru/catalog/krepej_i_takelaj/perforirovannyy_krepej/plastiny_perforirovannye/251667/
251668,PS  Пластина соединительная 40*240,23.6,krepej_i_takelaj/perforirovannyy_krepej/plastiny_perforirovannye,https://optorg.ru/catalog/krepej_i_takelaj/perforirovannyy_krepej/plastiny_perforirovannye/251668/
251669,PS  Пластина соединительная 60*100,21.2,krepej_i_takelaj/perforirovannyy_krepej/plastiny_perforirovannye,https://optorg.ru/catalog/krepej_i_takelaj/perforirovannyy_krepej/plastiny_perforirovannye/251669/
251670,PS  Пластина соединительная 60*120,22,krepej_i_takelaj/perforirovannyy_krepej/plastiny_perforirovannye,https://optorg.ru/catalog/krepej_i_takelaj/perforirovannyy_krepej/plastiny_perforirovannye/251670/
251671,PS  Пластина соединительная 60*160,28.5,krepej_i_takelaj/perforirovannyy_krepej/plastiny_perforirovannye,https://optorg.ru/catalog/krepej_i_takelaj/perforirovannyy_krepej/plastiny_perforirovannye/251671/
251672,PS  Пластина соединительная 60*240,35,krepej_i_takelaj/perforirovannyy_krepej/plastiny_perforirovannye,https://optorg.ru/catalog/krepej_i_takelaj/perforirovannyy_krepej/plastiny_perforirovannye/251672/
251673,PS  Пластина соединительная 80*160,31,krepej_i_takelaj/perforirovannyy_krepej/plastiny_perforirovannye,https://optorg.ru/catalog/krepej_i_takelaj/perforirovannyy_krepej/plastiny_perforirovannye/251673/
251674,PS  Пластина соединительная 80*200,47,krepej_i_takelaj/perforirovannyy_krepej/plastiny_perforirovannye,https://optorg.ru/catalog/krepej_i_takelaj/perforirovannyy_krepej/plastiny_perforirovannye/251674/
251675,"PS  Пластина соединительная 80*300*2,0",61,krepej_i_takelaj/perforirovannyy_krepej/plastiny_perforirovannye,https://optorg.ru/catalog/krepej_i_takelaj/perforirovannyy_krepej/plastiny_perforirovannye/251675/
251676,PS  Пластина соединительная 100*200,47.5,krepej_i_takelaj/perforirovannyy_krepej/plastiny_perforirovannye,https://optorg.ru/catalog/krepej_i_takelaj/perforirovannyy_krepej/plastiny_perforirovannye/251676/
251677,PS  Пластина соединительная 100*240,58,krepej_i_takelaj/perforirovannyy_krepej/plastiny_perforirovannye,https://optorg.ru/catalog/krepej_i_takelaj/perforirovannyy_krepej/plastiny_perforirovannye/251677/
251678,PS  Пластина соединительная 100*300,71,krepej_i_takelaj/perforirovannyy_krepej/plastiny_perforirovannye,https://optorg.ru/catalog/krepej_i_takelaj/perforirovannyy_krepej/plastiny_perforirovannye/251678/
253638,KP Крепежная пластина 180*35,23.8,krepej_i_takelaj/perforirovannyy_krepej/plastiny_perforirovannye,https://optorg.ru/catalog/krepej_i_takelaj/perforirovannyy_krepej/plastiny_perforirovannye/253638/
251978,KW2  Угол мебельный 40*40*17,6.5,krepej_i_takelaj/perforirovannyy_krepej/ugolki_mebelnye,https://optorg.ru/catalog/krepej_i_takelaj/perforirovannyy_krepej/ugolki_mebelnye/251978/
251979,KW3  Угол мебельный 50*50*17,8.9,krepej_i_takelaj/perforirovannyy_krepej/ugolki_mebelnye,https://optorg.ru/catalog/krepej_i_takelaj/perforirovannyy_krepej/ugolki_mebelnye/251979/
251982,KS3  Угол мебельный 30*30*30,8.1,krepej_i_takelaj/perforirovannyy_krepej/ugolki_mebelnye,https://optorg.ru/catalog/krepej_i_takelaj/perforirovannyy_krepej/ugolki_mebelnye/251982/
251994,KW1  Угол мебельный 25*25*17,4.7,krepej_i_takelaj/perforirovannyy_krepej/ugolki_mebelnye,https://optorg.ru/catalog/krepej_i_takelaj/perforirovannyy_krepej/ugolki_mebelnye/251994/
252081,KS4  Угол мебельный 25*25*25,6.2,krepej_i_takelaj/perforirovannyy_krepej/ugolki_mebelnye,https://optorg.ru/catalog/krepej_i_takelaj/perforirovannyy_krepej/ugolki_mebelnye/252081/
252507,KW4  Угол мебельный 75*75*17,11.9,krepej_i_takelaj/perforirovannyy_krepej/ugolki_mebelnye,https://optorg.ru/catalog/krepej_i_takelaj/perforirovannyy_krepej/ugolki_mebelnye/252507/
252509,RKW6  Угол мебельный 125*125*22,22.4,krepej_i_takelaj/perforirovannyy_krepej/ugolki_mebelnye,https://optorg.ru/catalog/krepej_i_takelaj/perforirovannyy_krepej/ugolki_mebelnye/252509/
488516,RKW5  Угол мебельный 100*100*19,16,krepej_i_takelaj/perforirovannyy_krepej/ugolki_mebelnye,https://optorg.ru/catalog/krepej_i_takelaj/perforirovannyy_krepej/ugolki_mebelnye/488516/
489492,RKS2  Угол мебельный 40*40*40,26,krepej_i_takelaj/perforirovannyy_krepej/ugolki_mebelnye,https://optorg.ru/catalog/krepej_i_takelaj/perforirovannyy_krepej/ugolki_mebelnye/489492/
251554,KU-50х35   Крепежный уголок 50*50*35,10.1,krepej_i_takelaj/perforirovannyy_krepej/ugolki_krepejnye,https://optorg.ru/catalog/krepej_i_takelaj/perforirovannyy_krepej/ugolki_krepejnye/251554/
251555,KU-70х55   Крепежный уголок 70*70*55,19.8,krepej_i_takelaj/perforirovannyy_krepej/ugolki_krepejnye,https://optorg.ru/catalog/krepej_i_takelaj/perforirovannyy_krepej/ugolki_krepejnye/251555/
251557,"KU-90х65   Крепежный уголок 90*90*65*2,0",28.8,krepej_i_takelaj/perforirovannyy_krepej/ugolki_krepejnye,https://optorg.ru/catalog/krepej_i_takelaj/perforirovannyy_krepej/ugolki_krepejnye/251557/
251558,"KU-105х90   Крепежный уголок 105*105*90*2,0",45.5,krepej_i_takelaj/perforirovannyy_krepej/ugolki_krepejnye,https://optorg.ru/catalog/krepej_i_takelaj/perforirovannyy_krepej/ugolki_krepejnye/251558/
251617,"KUU-105х90  Крепежный уголок усиленный 105*105*90*2,0",45.5,krepej_i_takelaj/perforirovannyy_krepej/ugolki_krepejnye,https://optorg.ru/catalog/krepej_i_takelaj/perforirovannyy_krepej/ugolki_krepejnye/251617/
251619,KUU-70х55  Крепежный уголок усиленный 70*70*55,19.8,krepej_i_takelaj/perforirovannyy_krepej/ugolki_krepejnye,https://optorg.ru/catalog/krepej_i_takelaj/perforirovannyy_krepej/ugolki_krepejnye/251619/
251620,KUU-90х65  Крепежный уголок усиленный 90*90*65,28.8,krepej_i_takelaj/perforirovannyy_krepej/ugolki_krepejnye,https://optorg.ru/catalog/krepej_i_takelaj/perforirovannyy_krepej/ugolki_krepejnye/251620/
251639,"KUU-50х35  Крепежный уголок усиленный 50*50*35*2,0",10.1,krepej_i_takelaj/perforirovannyy_krepej/ugolki_krepejnye,https://optorg.ru/catalog/krepej_i_takelaj/perforirovannyy_krepej/ugolki_krepejnye/251639/
253634,KU-90х35   Крепежный уголок 90*90*35,19.2,krepej_i_takelaj/perforirovannyy_krepej/ugolki_krepejnye,https://optorg.ru/catalog/krepej_i_takelaj/perforirovannyy_krepej/ugolki_krepejnye/253634/
253635,KU-145х65   Крепежный уголок 145*145*65,53,krepej_i_takelaj/perforirovannyy_krepej/ugolki_krepejnye,https://optorg.ru/catalog/krepej_i_takelaj/perforirovannyy_krepej/ugolki_krepejnye/253635/
253636,KUU-90х35  Крепежный уголок усиленный 90*90*35,19.2,krepej_i_takelaj/perforirovannyy_krepej/ugolki_krepejnye,https://optorg.ru/catalog/krepej_i_takelaj/perforirovannyy_krepej/ugolki_krepejnye/253636/
253637,KUU-145х65  Крепежный уголок усиленный 145*145*65,53,krepej_i_takelaj/perforirovannyy_krepej/ugolki_krepejnye,https://optorg.ru/catalog/krepej_i_takelaj/perforirovannyy_krepej/ugolki_krepejnye/253637/
253879,KUU-60х45  Крепежный уголок усиленный 60*60*45,14.5,krepej_i_takelaj/perforirovannyy_krepej/ugolki_krepejnye,https://optorg.ru/catalog/krepej_i_takelaj/perforirovannyy_krepej/ugolki_krepejnye/253879/
367497,KU-60х45   Крепежный уголок 60*60*45,14.5,krepej_i_takelaj/perforirovannyy_krepej/ugolki_krepejnye,https://optorg.ru/catalog/krepej_i_takelaj/perforirovannyy_krepej/ugolki_krepejnye/367497/
251560,KUR-20х40  Уголок равносторонний 20*40*40,4.8,krepej_i_takelaj/perforirovannyy_krepej/ugolki_ravnostoronnie,https://optorg.ru/catalog/krepej_i_takelaj/perforirovannyy_krepej/ugolki_ravnostoronnie/251560/
251561,KUR-40х40  Уголок равносторонний 40*40*40,8,krepej_i_takelaj/perforirovannyy_krepej/ugolki_ravnostoronnie,https://optorg.ru/catalog/krepej_i_takelaj/perforirovannyy_krepej/ugolki_ravnostoronnie/251561/
251562,KUR-60х40  Уголок равносторонний 60*40*40,11.8,krepej_i_takelaj/perforirovannyy_krepej/ugolki_ravnostoronnie,https://optorg.ru/catalog/krepej_i_takelaj/perforirovannyy_krepej/ugolki_ravnostoronnie/251562/
251563,KUR-80х40  Уголок равносторонний 80*40*40,22.5,krepej_i_takelaj/perforirovannyy_krepej/ugolki_ravnostoronnie,https://optorg.ru/catalog/krepej_i_takelaj/perforirovannyy_krepej/ugolki_ravnostoronnie/251563/
251564,KUR-100х40  Уголок равносторонний 100*40*40,24,krepej_i_takelaj/perforirovannyy_krepej/ugolki_ravnostoronnie,https://optorg.ru/catalog/krepej_i_takelaj/perforirovannyy_krepej/ugolki_ravnostoronnie/251564/
251565,KUR-140х40  Уголок равносторонний 140*40*40,40,krepej_i_takelaj/perforirovannyy_krepej/ugolki_ravnostoronnie,https://optorg.ru/catalog/krepej_i_takelaj/perforirovannyy_krepej/ugolki_ravnostoronnie/251565/
251566,KUR-40х50  Уголок равносторонний 40*50*50,15,krepej_i_takelaj/perforirovannyy_krepej/ugolki_ravnostoronnie,https://optorg.ru/catalog/krepej_i_takelaj/perforirovannyy_krepej/ugolki_ravnostoronnie/251566/
251567,KUR-60х50  Уголок равносторонний 60*50*50,18.5,krepej_i_takelaj/perforirovannyy_krepej/ugolki_ravnostoronnie,https://optorg.ru/catalog/krepej_i_takelaj/perforirovannyy_krepej/ugolki_ravnostoronnie/251567/
251568,KUR-100х50  Уголок равносторонний 100*50*50,29.3,krepej_i_takelaj/perforirovannyy_krepej/ugolki_ravnostoronnie,https://optorg.ru/catalog/krepej_i_takelaj/perforirovannyy_krepej/ugolki_ravnostoronnie/251568/
251569,KUR-40х60  Уголок равносторонний 40*60*60,13.3,krepej_i_takelaj/perforirovannyy_krepej/ugolki_ravnostoronnie,https://optorg.ru/catalog/krepej_i_takelaj/perforirovannyy_krepej/ugolki_ravnostoronnie/251569/
251570,KUR-50х60  Уголок равносторонний 50*60*60,17.5,krepej_i_takelaj/perforirovannyy_krepej/ugolki_ravnostoronnie,https://optorg.ru/catalog/krepej_i_takelaj/perforirovannyy_krepej/ugolki_ravnostoronnie/251570/
251571,KUR-60х60  Уголок равносторонний 60*60*60,18,krepej_i_takelaj/perforirovannyy_krepej/ugolki_ravnostoronnie,https://optorg.ru/catalog/krepej_i_takelaj/perforirovannyy_krepej/ugolki_ravnostoronnie/251571/
251572,KUR-80х60  Уголок равносторонний 80*60*60,21.5,krepej_i_takelaj/perforirovannyy_krepej/ugolki_ravnostoronnie,https://optorg.ru/catalog/krepej_i_takelaj/perforirovannyy_krepej/ugolki_ravnostoronnie/251572/
251573,KUR-40х80  Уголок равносторонний 40*80*80,18,krepej_i_takelaj/perforirovannyy_krepej/ugolki_ravnostoronnie,https://optorg.ru/catalog/krepej_i_takelaj/perforirovannyy_krepej/ugolki_ravnostoronnie/251573/
251574,KUR-60х80  Уголок равносторонний 60*80*80,25.5,krepej_i_takelaj/perforirovannyy_krepej/ugolki_ravnostoronnie,https://optorg.ru/catalog/krepej_i_takelaj/perforirovannyy_krepej/ugolki_ravnostoronnie/251574/
251575,KUR-80х80  Уголок равносторонний 80*80*80,41,krepej_i_takelaj/perforirovannyy_krepej/ugolki_ravnostoronnie,https://optorg.ru/catalog/krepej_i_takelaj/perforirovannyy_krepej/ugolki_ravnostoronnie/251575/
251576,KUR-100х80  Уголок равносторонний 100*80*80,44,krepej_i_takelaj/perforirovannyy_krepej/ugolki_ravnostoronnie,https://optorg.ru/catalog/krepej_i_takelaj/perforirovannyy_krepej/ugolki_ravnostoronnie/251576/
251577,KUR-40х100  Уголок равносторонний 40*100*100,20.5,krepej_i_takelaj/perforirovannyy_krepej/ugolki_ravnostoronnie,https://optorg.ru/catalog/krepej_i_takelaj/perforirovannyy_krepej/ugolki_ravnostoronnie/251577/
251578,KUR-60х100  Уголок равносторонний 60*100*100,29,krepej_i_takelaj/perforirovannyy_krepej/ugolki_ravnostoronnie,https://optorg.ru/catalog/krepej_i_takelaj/perforirovannyy_krepej/ugolki_ravnostoronnie/251578/
251579,KUR-80х100  Уголок равносторонний 80*100*100,47,krepej_i_takelaj/perforirovannyy_krepej/ugolki_ravnostoronnie,https://optorg.ru/catalog/krepej_i_takelaj/perforirovannyy_krepej/ugolki_ravnostoronnie/251579/
251580,KUR-100х100  Уголок равносторонний 100*100*100,55,krepej_i_takelaj/perforirovannyy_krepej/ugolki_ravnostoronnie,https://optorg.ru/catalog/krepej_i_takelaj/perforirovannyy_krepej/ugolki_ravnostoronnie/251580/
251642,KUR-120х40  Уголок равносторонний 120*40*40,33.7,krepej_i_takelaj/perforirovannyy_krepej/ugolki_ravnostoronnie,https://optorg.ru/catalog/krepej_i_takelaj/perforirovannyy_krepej/ugolki_ravnostoronnie/251642/
251643,KUR-160х40  Уголок равносторонний 160*40*40,41.8,krepej_i_takelaj/perforirovannyy_krepej/ugolki_ravnostoronnie,https://optorg.ru/catalog/krepej_i_takelaj/perforirovannyy_krepej/ugolki_ravnostoronnie/251643/
251644,"KUR-80х50  Уголок равносторонний 80*50*50*2,0",29.3,krepej_i_takelaj/perforirovannyy_krepej/ugolki_ravnostoronnie,https://optorg.ru/catalog/krepej_i_takelaj/perforirovannyy_krepej/ugolki_ravnostoronnie/251644/
251645,KUR-100х60  Уголок равносторонний 100*60*60,35.3,krepej_i_takelaj/perforirovannyy_krepej/ugolki_ravnostoronnie,https://optorg.ru/catalog/krepej_i_takelaj/perforirovannyy_krepej/ugolki_ravnostoronnie/251645/
251649,KUR-120х80  Уголок равносторонний 120*80*80,47.8,krepej_i_takelaj/perforirovannyy_krepej/ugolki_ravnostoronnie,https://optorg.ru/catalog/krepej_i_takelaj/perforirovannyy_krepej/ugolki_ravnostoronnie/251649/
251881,KUR-240х40 Уголок равносторонний  240*40*40,47,krepej_i_takelaj/perforirovannyy_krepej/ugolki_ravnostoronnie,https://optorg.ru/catalog/krepej_i_takelaj/perforirovannyy_krepej/ugolki_ravnostoronnie/251881/
251975,KUR-200х40 Уголок равносторонний  200*40*40,43,krepej_i_takelaj/perforirovannyy_krepej/ugolki_ravnostoronnie,https://optorg.ru/catalog/krepej_i_takelaj/perforirovannyy_krepej/ugolki_ravnostoronnie/251975/
251581,KUL 40*80  Анкерный уголок 40*80*40,13.9,krepej_i_takelaj/perforirovannyy_krepej/ugolki_ankernye,https://optorg.ru/catalog/krepej_i_takelaj/perforirovannyy_krepej/ugolki_ankernye/251581/
251582,KUL 40*120  Анкерный уголок 40*120*40,22.5,krepej_i_takelaj/perforirovannyy_krepej/ugolki_ankernye,https://optorg.ru/catalog/krepej_i_takelaj/perforirovannyy_krepej/ugolki_ankernye/251582/
251583,"KUL 40*200  Анкерный уголок 40*200*40*2,0",26.5,krepej_i_takelaj/perforirovannyy_krepej/ugolki_ankernye,https://optorg.ru/catalog/krepej_i_takelaj/perforirovannyy_krepej/ugolki_ankernye/251583/
251584,KUL 80*120  Анкерный уголок 40*120*80,36,krepej_i_takelaj/perforirovannyy_krepej/ugolki_ankernye,https://optorg.ru/catalog/krepej_i_takelaj/perforirovannyy_krepej/ugolki_ankernye/251584/
251585,KUL 80*200  Анкерный уголок 40*200*80,59,krepej_i_takelaj/perforirovannyy_krepej/ugolki_ankernye,https://optorg.ru/catalog/krepej_i_takelaj/perforirovannyy_krepej/ugolki_ankernye/251585/
251656,KUL 40*60  Анкерный уголок 40*60*40,11.8,krepej_i_takelaj/perforirovannyy_krepej/ugolki_ankernye,https://optorg.ru/catalog/krepej_i_takelaj/perforirovannyy_krepej/ugolki_ankernye/251656/
251657,KUL 40*100  Анкерный уголок 40*100*40,15.3,krepej_i_takelaj/perforirovannyy_krepej/ugolki_ankernye,https://optorg.ru/catalog/krepej_i_takelaj/perforirovannyy_krepej/ugolki_ankernye/251657/
251658,KUL 40*160  Анкерный уголок 40*160*40,24.5,krepej_i_takelaj/perforirovannyy_krepej/ugolki_ankernye,https://optorg.ru/catalog/krepej_i_takelaj/perforirovannyy_krepej/ugolki_ankernye/251658/
251659,KUL 40*300  Анкерный уголок 40*300*40,45.2,krepej_i_takelaj/perforirovannyy_krepej/ugolki_ankernye,https://optorg.ru/catalog/krepej_i_takelaj/perforirovannyy_krepej/ugolki_ankernye/251659/
251660,KUL 80*80  Анкерный уголок 40*80*80,32.3,krepej_i_takelaj/perforirovannyy_krepej/ugolki_ankernye,https://optorg.ru/catalog/krepej_i_takelaj/perforirovannyy_krepej/ugolki_ankernye/251660/
253587,KUL 80*100  Анкерный уголок 40*100*80,35,krepej_i_takelaj/perforirovannyy_krepej/ugolki_ankernye,https://optorg.ru/catalog/krepej_i_takelaj/perforirovannyy_krepej/ugolki_ankernye/253587/
251586,KUAS 55  Уголок ассиметричный 90*50*55,26.5,krepej_i_takelaj/perforirovannyy_krepej/ugolki_assimetrichnye,https://optorg.ru/catalog/krepej_i_takelaj/perforirovannyy_krepej/ugolki_assimetrichnye/251586/
251587,KUAS 65  Уголок ассиметричный 130*50*65,38.8,krepej_i_takelaj/perforirovannyy_krepej/ugolki_assimetrichnye,https://optorg.ru/catalog/krepej_i_takelaj/perforirovannyy_krepej/ugolki_assimetrichnye/251587/
251588,KUAS 90  Уголок ассиметричный 150*60*90,46,krepej_i_takelaj/perforirovannyy_krepej/ugolki_assimetrichnye,https://optorg.ru/catalog/krepej_i_takelaj/perforirovannyy_krepej/ugolki_assimetrichnye/251588/
251614,KUAS 40 Уголок ассиметричный 140*40*40,30,krepej_i_takelaj/perforirovannyy_krepej/ugolki_assimetrichnye,https://optorg.ru/catalog/krepej_i_takelaj/perforirovannyy_krepej/ugolki_assimetrichnye/251614/
251589,KUS 70 Уголок под 135 градусов 70*70*55,25,krepej_i_takelaj/perforirovannyy_krepej/ugolki_pod_135_gradusov,https://optorg.ru/catalog/krepej_i_takelaj/perforirovannyy_krepej/ugolki_pod_135_gradusov/251589/
251590,KUS 90 Уголок под 135 градусов 90*90*65,38,krepej_i_takelaj/perforirovannyy_krepej/ugolki_pod_135_gradusov,https://optorg.ru/catalog/krepej_i_takelaj/perforirovannyy_krepej/ugolki_pod_135_gradusov/251590/
251591,KUS 105 Уголок под 135 градусов 105*105*90,41.3,krepej_i_takelaj/perforirovannyy_krepej/ugolki_pod_135_gradusov,https://optorg.ru/catalog/krepej_i_takelaj/perforirovannyy_krepej/ugolki_pod_135_gradusov/251591/
251661,KUS 50 Уголок под 135 градусов 50*50*35,12.2,krepej_i_takelaj/perforirovannyy_krepej/ugolki_pod_135_gradusov,https://optorg.ru/catalog/krepej_i_takelaj/perforirovannyy_krepej/ugolki_pod_135_gradusov/251661/
252567,"KG1 Складывающийся уголок 120*40*40*1,5мм",41.8,krepej_i_takelaj/perforirovannyy_krepej/ugolki_pod_135_gradusov,https://optorg.ru/catalog/krepej_i_takelaj/perforirovannyy_krepej/ugolki_pod_135_gradusov/252567/
251592,KUZ 70  Уголок Z-образный 35*70*55,28.5,krepej_i_takelaj/perforirovannyy_krepej/ugolki_z-obraznye_i_soedinitelnye,https://optorg.ru/catalog/krepej_i_takelaj/perforirovannyy_krepej/ugolki_z-obraznye_i_soedinitelnye/251592/
251593,KUZ 90 Уголок Z-образный 45*90*65,33,krepej_i_takelaj/perforirovannyy_krepej/ugolki_z-obraznye_i_soedinitelnye,https://optorg.ru/catalog/krepej_i_takelaj/perforirovannyy_krepej/ugolki_z-obraznye_i_soedinitelnye/251593/
251594,KUZ 105  Уголок Z-образный 55*105*90,51.5,krepej_i_takelaj/perforirovannyy_krepej/ugolki_z-obraznye_i_soedinitelnye,https://optorg.ru/catalog/krepej_i_takelaj/perforirovannyy_krepej/ugolki_z-obraznye_i_soedinitelnye/251594/
251976,US  Угловой соединитель  120*35,16,krepej_i_takelaj/perforirovannyy_krepej/ugolki_z-obraznye_i_soedinitelnye,https://optorg.ru/catalog/krepej_i_takelaj/perforirovannyy_krepej/ugolki_z-obraznye_i_soedinitelnye/251976/
251977,US  Угловой соединитель  145*35,17.3,krepej_i_takelaj/perforirovannyy_krepej/ugolki_z-obraznye_i_soedinitelnye,https://optorg.ru/catalog/krepej_i_takelaj/perforirovannyy_krepej/ugolki_z-obraznye_i_soedinitelnye/251977/
253303,"Шпилька запрессовочная М4x12 мм, TR-FH, цинк",1.7,krepej_i_takelaj/zapressovochnyy_krepej/shpilki_zapressovochnye,https://optorg.ru/catalog/krepej_i_takelaj/zapressovochnyy_krepej/shpilki_zapressovochnye/253303/
327283,"Шпилька запрессовочная М8x20 мм, TR-FH, цинк",11,krepej_i_takelaj/zapressovochnyy_krepej/shpilki_zapressovochnye,https://optorg.ru/catalog/krepej_i_takelaj/zapressovochnyy_krepej/shpilki_zapressovochnye/327283/
329621,"Шпилька запрессовочная М4x10 мм, TR-FH, цинк",1.6,krepej_i_takelaj/zapressovochnyy_krepej/shpilki_zapressovochnye,https://optorg.ru/catalog/krepej_i_takelaj/zapressovochnyy_krepej/shpilki_zapressovochnye/329621/
253822,"Втулка запрессовочная М3x6 мм, TR-BSO неполнопроходная, цинк",3,krepej_i_takelaj/zapressovochnyy_krepej/vtulki_zapressovochnye,https://optorg.ru/catalog/krepej_i_takelaj/zapressovochnyy_krepej/vtulki_zapressovochnye/253822/
315484,"Втулка запрессовочная М3x8 мм, TR-BSO неполнопроходная, цинк",6,krepej_i_takelaj/zapressovochnyy_krepej/vtulki_zapressovochnye,https://optorg.ru/catalog/krepej_i_takelaj/zapressovochnyy_krepej/vtulki_zapressovochnye/315484/
356884,"Втулка запрессовочная М3x6 мм, TR-BSO 3,5 неполнопроходная, цинк",3,krepej_i_takelaj/zapressovochnyy_krepej/vtulki_zapressovochnye,https://optorg.ru/catalog/krepej_i_takelaj/zapressovochnyy_krepej/vtulki_zapressovochnye/356884/
252038,"Картридж BIT-PE 300мл (пустотелый кирпич, поризованная керамика)",1360,krepej_i_takelaj/himicheskiy_krepej/kartridji,https://optorg.ru/catalog/krepej_i_takelaj/himicheskiy_krepej/kartridji/252038/
252039,"Картридж BIT-PESF 300мл (газобетон, пенобетон, бетон)",1741,krepej_i_takelaj/himicheskiy_krepej/kartridji,https://optorg.ru/catalog/krepej_i_takelaj/himicheskiy_krepej/kartridji/252039/
300565,"Картридж BIT-NORD 300мл (пустотелый кирпич, газо и пенобетон, бетон) для низких температур",2117,krepej_i_takelaj/himicheskiy_krepej/kartridji,https://optorg.ru/catalog/krepej_i_takelaj/himicheskiy_krepej/kartridji/300565/
474432,"Анкер химический двухкомпонентный TYTAN универсальный EV-I-300, 300 мл",930,krepej_i_takelaj/himicheskiy_krepej/kartridji,https://optorg.ru/catalog/krepej_i_takelaj/himicheskiy_krepej/kartridji/474432/
495478,"Анкер химический двухкомпонентный AKFIX C900, 300 мл",930,krepej_i_takelaj/himicheskiy_krepej/kartridji,https://optorg.ru/catalog/krepej_i_takelaj/himicheskiy_krepej/kartridji/495478/
277296,Дюбель-хомут 5-10мм нейлон белый (100шт) IEK (UHH35-5-10-100),313.4,krepej_i_takelaj/himicheskiy_krepej/dyubel,https://optorg.ru/catalog/krepej_i_takelaj/himicheskiy_krepej/dyubel/277296/
277297,Дюбель-хомут 11-18мм нейлон белый (100шт) IEK (UHH35-11-18-100),240.2,krepej_i_takelaj/himicheskiy_krepej/dyubel,https://optorg.ru/catalog/krepej_i_takelaj/himicheskiy_krepej/dyubel/277297/
277298,Дюбель-хомут 19-25мм нейлон белый (100шт) IEK (UHH35-19-25-100),280,krepej_i_takelaj/himicheskiy_krepej/dyubel,https://optorg.ru/catalog/krepej_i_takelaj/himicheskiy_krepej/dyubel/277298/
277600,Дюбель хомут 5-10мм нейлон черный (100шт) IEK (UHH36-5-10-100),218.1,krepej_i_takelaj/himicheskiy_krepej/dyubel,https://optorg.ru/catalog/krepej_i_takelaj/himicheskiy_krepej/dyubel/277600/
277601,Дюбель хомут 11-18мм нейлон черный (100шт) IEK (UHH36-11-18-100),267.3,krepej_i_takelaj/himicheskiy_krepej/dyubel,https://optorg.ru/catalog/krepej_i_takelaj/himicheskiy_krepej/dyubel/277601/
277602,Дюбель хомут 19-25мм нейлон черный (100шт) IEK (UHH36-19-25-100),308.8,krepej_i_takelaj/himicheskiy_krepej/dyubel,https://optorg.ru/catalog/krepej_i_takelaj/himicheskiy_krepej/dyubel/277602/
277948,Дюбель хомут 5-8мм нейлон черный (100шт) IEK (UHH36-5-8-100),283.3,krepej_i_takelaj/himicheskiy_krepej/dyubel,https://optorg.ru/catalog/krepej_i_takelaj/himicheskiy_krepej/dyubel/277948/
277949,Дюбель хомут 5-8мм нейлон белый (100шт) IEK (UHH35-5-8-100),270.4,krepej_i_takelaj/himicheskiy_krepej/dyubel,https://optorg.ru/catalog/krepej_i_takelaj/himicheskiy_krepej/dyubel/277949/
252158,Шнур 3 мм  уп. 20 м  (белый),56,krepej_i_takelaj/takelaj/kanaty_verevki_shnury,https://optorg.ru/catalog/krepej_i_takelaj/takelaj/kanaty_verevki_shnury/252158/
252159,Шнур 3 мм  уп. 20 м  (черный),58,krepej_i_takelaj/takelaj/kanaty_verevki_shnury,https://optorg.ru/catalog/krepej_i_takelaj/takelaj/kanaty_verevki_shnury/252159/
252160,Шнур 3 мм  уп. 50 м  (белый),145,krepej_i_takelaj/takelaj/kanaty_verevki_shnury,https://optorg.ru/catalog/krepej_i_takelaj/takelaj/kanaty_verevki_shnury/252160/
252161,Шнур 3 мм  уп. 50 м  (черный),152,krepej_i_takelaj/takelaj/kanaty_verevki_shnury,https://optorg.ru/catalog/krepej_i_takelaj/takelaj/kanaty_verevki_shnury/252161/
252162,Шнур 4 мм  уп. 20 м  (белый),76,krepej_i_takelaj/takelaj/kanaty_verevki_shnury,https://optorg.ru/catalog/krepej_i_takelaj/takelaj/kanaty_verevki_shnury/252162/
252163,Шнур 4 мм  уп. 20 м  (черный),80,krepej_i_takelaj/takelaj/kanaty_verevki_shnury,https://optorg.ru/catalog/krepej_i_takelaj/takelaj/kanaty_verevki_shnury/252163/
252166,Шнур 4 мм  уп. 50 м  (белый),192,krepej_i_takelaj/takelaj/kanaty_verevki_shnury,https://optorg.ru/catalog/krepej_i_takelaj/takelaj/kanaty_verevki_shnury/252166/
252167,Шнур 4 мм  уп. 50 м  (черный),206,krepej_i_takelaj/takelaj/kanaty_verevki_shnury,https://optorg.ru/catalog/krepej_i_takelaj/takelaj/kanaty_verevki_shnury/252167/
252168,Шнур 5 мм  уп. 20 м  (белый),101,krepej_i_takelaj/takelaj/kanaty_verevki_shnury,https://optorg.ru/catalog/krepej_i_takelaj/takelaj/kanaty_verevki_shnury/252168/
252169,Шнур 5 мм  уп. 20 м  (черный),107,krepej_i_takelaj/takelaj/kanaty_verevki_shnury,https://optorg.ru/catalog/krepej_i_takelaj/takelaj/kanaty_verevki_shnury/252169/
252170,Шнур 5 мм  уп. 50 м  (белый),253,krepej_i_takelaj/takelaj/kanaty_verevki_shnury,https://optorg.ru/catalog/krepej_i_takelaj/takelaj/kanaty_verevki_shnury/252170/
252171,Шнур 5 мм  уп. 50 м  (черный),265,krepej_i_takelaj/takelaj/kanaty_verevki_shnury,https://optorg.ru/catalog/krepej_i_takelaj/takelaj/kanaty_verevki_shnury/252171/
252172,Шнур 7 мм  уп. 20 м  (белый),212,krepej_i_takelaj/takelaj/kanaty_verevki_shnury,https://optorg.ru/catalog/krepej_i_takelaj/takelaj/kanaty_verevki_shnury/252172/
252173,Шнур 7 мм  уп. 20 м  (черный),223,krepej_i_takelaj/takelaj/kanaty_verevki_shnury,https://optorg.ru/catalog/krepej_i_takelaj/takelaj/kanaty_verevki_shnury/252173/
252174,Шнур 10 мм  уп. 10 м  (цветной),265,krepej_i_takelaj/takelaj/kanaty_verevki_shnury,https://optorg.ru/catalog/krepej_i_takelaj/takelaj/kanaty_verevki_shnury/252174/
252175,Шнур 10 мм  уп. 15 м  (цветной),397,krepej_i_takelaj/takelaj/kanaty_verevki_shnury,https://optorg.ru/catalog/krepej_i_takelaj/takelaj/kanaty_verevki_shnury/252175/
252176,Шнур 10 мм  уп. 20 м  (цветной),554,krepej_i_takelaj/takelaj/kanaty_verevki_shnury,https://optorg.ru/catalog/krepej_i_takelaj/takelaj/kanaty_verevki_shnury/252176/
252177,Шнур с сердечником 3 мм   уп. 20 м (белый),72,krepej_i_takelaj/takelaj/kanaty_verevki_shnury,https://optorg.ru/catalog/krepej_i_takelaj/takelaj/kanaty_verevki_shnury/252177/
252178,Шнур с сердечником 3 мм   уп. 50 м (белый),177,krepej_i_takelaj/takelaj/kanaty_verevki_shnury,https://optorg.ru/catalog/krepej_i_takelaj/takelaj/kanaty_verevki_shnury/252178/
252179,Шнур с сердечником 3 мм   уп. 20 м (черный),75,krepej_i_takelaj/takelaj/kanaty_verevki_shnury,https://optorg.ru/catalog/krepej_i_takelaj/takelaj/kanaty_verevki_shnury/252179/
252180,Шнур с сердечником 3 мм   уп. 50 м (черный),185,krepej_i_takelaj/takelaj/kanaty_verevki_shnury,https://optorg.ru/catalog/krepej_i_takelaj/takelaj/kanaty_verevki_shnury/252180/
252181,Шнур с сердечником 4 мм   уп. 20 м (белый),108,krepej_i_takelaj/takelaj/kanaty_verevki_shnury,https://optorg.ru/catalog/krepej_i_takelaj/takelaj/kanaty_verevki_shnury/252181/
252182,Шнур с сердечником 4 мм   уп. 20 м (черный),113,krepej_i_takelaj/takelaj/kanaty_verevki_shnury,https://optorg.ru/catalog/krepej_i_takelaj/takelaj/kanaty_verevki_shnury/252182/
252183,Шнур с сердечником 4 мм   уп. 50 м (белый),268,krepej_i_takelaj/takelaj/kanaty_verevki_shnury,https://optorg.ru/catalog/krepej_i_takelaj/takelaj/kanaty_verevki_shnury/252183/
252184,Шнур с сердечником 4 мм   уп. 50 м (черный),282,krepej_i_takelaj/takelaj/kanaty_verevki_shnury,https://optorg.ru/catalog/krepej_i_takelaj/takelaj/kanaty_verevki_shnury/252184/
252185,Шнур с сердечником 5 мм   уп. 20 м (белый),162,krepej_i_takelaj/takelaj/kanaty_verevki_shnury,https://optorg.ru/catalog/krepej_i_takelaj/takelaj/kanaty_verevki_shnury/252185/
252186,Шнур с сердечником 5 мм   уп. 20 м (черный),170,krepej_i_takelaj/takelaj/kanaty_verevki_shnury,https://optorg.ru/catalog/krepej_i_takelaj/takelaj/kanaty_verevki_shnury/252186/
252187,Шнур с сердечником 5 мм   уп. 50 м (белый),374,krepej_i_takelaj/takelaj/kanaty_verevki_shnury,https://optorg.ru/catalog/krepej_i_takelaj/takelaj/kanaty_verevki_shnury/252187/
252188,Шнур с сердечником 5 мм   уп. 50 м (черный),393,krepej_i_takelaj/takelaj/kanaty_verevki_shnury,https://optorg.ru/catalog/krepej_i_takelaj/takelaj/kanaty_verevki_shnury/252188/
252189,Шнур с сердечником 7 мм   уп. 20 м (белый),293,krepej_i_takelaj/takelaj/kanaty_verevki_shnury,https://optorg.ru/catalog/krepej_i_takelaj/takelaj/kanaty_verevki_shnury/252189/
252190,Шнур с сердечником 7 мм   уп. 20 м (черный),307,krepej_i_takelaj/takelaj/kanaty_verevki_shnury,https://optorg.ru/catalog/krepej_i_takelaj/takelaj/kanaty_verevki_shnury/252190/
252191,Шнур с сердечником 7 мм   уп. 50 м (белый),732,krepej_i_takelaj/takelaj/kanaty_verevki_shnury,https://optorg.ru/catalog/krepej_i_takelaj/takelaj/kanaty_verevki_shnury/252191/
252192,Шнур с сердечником 7 мм   уп. 50 м (черный),769,krepej_i_takelaj/takelaj/kanaty_verevki_shnury,https://optorg.ru/catalog/krepej_i_takelaj/takelaj/kanaty_verevki_shnury/252192/
252193,Шнур с сердечником 12 мм   уп. 10 м (цветной),353,krepej_i_takelaj/takelaj/kanaty_verevki_shnury,https://optorg.ru/catalog/krepej_i_takelaj/takelaj/kanaty_verevki_shnury/252193/
252194,Шнур с сердечником 12 мм   уп. 20 м (цветной),707,krepej_i_takelaj/takelaj/kanaty_verevki_shnury,https://optorg.ru/catalog/krepej_i_takelaj/takelaj/kanaty_verevki_shnury/252194/
252195,Шнур с сердечником 14 мм   уп. 10 м (цветной),468,krepej_i_takelaj/takelaj/kanaty_verevki_shnury,https://optorg.ru/catalog/krepej_i_takelaj/takelaj/kanaty_verevki_shnury/252195/
252196,Шнур с сердечником 14 мм   уп. 20 м (цветной),936,krepej_i_takelaj/takelaj/kanaty_verevki_shnury,https://optorg.ru/catalog/krepej_i_takelaj/takelaj/kanaty_verevki_shnury/252196/
252197,Шнур с сердечником 16 мм   уп. 10 м (цветной),568,krepej_i_takelaj/takelaj/kanaty_verevki_shnury,https://optorg.ru/catalog/krepej_i_takelaj/takelaj/kanaty_verevki_shnury/252197/
252198,Шнур с сердечником 16 мм   уп. 20 м (цветной),1136,krepej_i_takelaj/takelaj/kanaty_verevki_shnury,https://optorg.ru/catalog/krepej_i_takelaj/takelaj/kanaty_verevki_shnury/252198/
252199,Фал 10мм   уп. 10м (пёстрый),336,krepej_i_takelaj/takelaj/kanaty_verevki_shnury,https://optorg.ru/catalog/krepej_i_takelaj/takelaj/kanaty_verevki_shnury/252199/
252201,Фал 10мм   уп. 75м (бобина),2344,krepej_i_takelaj/takelaj/kanaty_verevki_shnury,https://optorg.ru/catalog/krepej_i_takelaj/takelaj/kanaty_verevki_shnury/252201/
252404,Шнур с сердечником 6 мм  уп.20 м (белый),223,krepej_i_takelaj/takelaj/kanaty_verevki_shnury,https://optorg.ru/catalog/krepej_i_takelaj/takelaj/kanaty_verevki_shnury/252404/
252405,Шнур с сердечником 6 мм  уп.20 м (черный),234,krepej_i_takelaj/takelaj/kanaty_verevki_shnury,https://optorg.ru/catalog/krepej_i_takelaj/takelaj/kanaty_verevki_shnury/252405/
252406,Шнур с сердечником 6 мм  уп.50 м (белый),560,krepej_i_takelaj/takelaj/kanaty_verevki_shnury,https://optorg.ru/catalog/krepej_i_takelaj/takelaj/kanaty_verevki_shnury/252406/
252407,Шнур с сердечником 6 мм  уп.50 м (черный),590,krepej_i_takelaj/takelaj/kanaty_verevki_shnury,https://optorg.ru/catalog/krepej_i_takelaj/takelaj/kanaty_verevki_shnury/252407/
252512,Веревка страховочно-спасательная 10мм (уп. 100м.),8317,krepej_i_takelaj/takelaj/kanaty_verevki_shnury,https://optorg.ru/catalog/krepej_i_takelaj/takelaj/kanaty_verevki_shnury/252512/
252513,Веревка страховочно-спасательная 11мм (уп. 100м.),9107,krepej_i_takelaj/takelaj/kanaty_verevki_shnury,https://optorg.ru/catalog/krepej_i_takelaj/takelaj/kanaty_verevki_shnury/252513/
252519,Шнур плетеный полиамид высокопрочный   16 мм (уп. 50м.),5757,krepej_i_takelaj/takelaj/kanaty_verevki_shnury,https://optorg.ru/catalog/krepej_i_takelaj/takelaj/kanaty_verevki_shnury/252519/
252759,Веревка страховочно-спасательная 12мм (уп. 100м.),10424,krepej_i_takelaj/takelaj/kanaty_verevki_shnury,https://optorg.ru/catalog/krepej_i_takelaj/takelaj/kanaty_verevki_shnury/252759/
253342,Канат джутовый 6мм 20м,429,krepej_i_takelaj/takelaj/kanaty_verevki_shnury,https://optorg.ru/catalog/krepej_i_takelaj/takelaj/kanaty_verevki_shnury/253342/
253349,Канат джутовый 12мм 50м,2644,krepej_i_takelaj/takelaj/kanaty_verevki_shnury,https://optorg.ru/catalog/krepej_i_takelaj/takelaj/kanaty_verevki_shnury/253349/
253440,Канат джутовый 12мм 100м,5287,krepej_i_takelaj/takelaj/kanaty_verevki_shnury,https://optorg.ru/catalog/krepej_i_takelaj/takelaj/kanaty_verevki_shnury/253440/
420395,Фал 4мм   уп. 25м (пёстрый),148,krepej_i_takelaj/takelaj/kanaty_verevki_shnury,https://optorg.ru/catalog/krepej_i_takelaj/takelaj/kanaty_verevki_shnury/420395/
420396,Фал 4мм   уп. 10м (пёстрый),69,krepej_i_takelaj/takelaj/kanaty_verevki_shnury,https://optorg.ru/catalog/krepej_i_takelaj/takelaj/kanaty_verevki_shnury/420396/
420397,Фал 8мм   уп. 10м (пёстрый),239,krepej_i_takelaj/takelaj/kanaty_verevki_shnury,https://optorg.ru/catalog/krepej_i_takelaj/takelaj/kanaty_verevki_shnury/420397/
420398,Фал 8мм   уп. 25м (пёстрый),598,krepej_i_takelaj/takelaj/kanaty_verevki_shnury,https://optorg.ru/catalog/krepej_i_takelaj/takelaj/kanaty_verevki_shnury/420398/
420399,Фал 6мм   уп. 10м (пёстрый),140,krepej_i_takelaj/takelaj/kanaty_verevki_shnury,https://optorg.ru/catalog/krepej_i_takelaj/takelaj/kanaty_verevki_shnury/420399/
420400,Фал 4мм   уп. 50м (пёстрый),296,krepej_i_takelaj/takelaj/kanaty_verevki_shnury,https://optorg.ru/catalog/krepej_i_takelaj/takelaj/kanaty_verevki_shnury/420400/
420401,Фал 8мм   уп. 50м (пёстрый),1195,krepej_i_takelaj/takelaj/kanaty_verevki_shnury,https://optorg.ru/catalog/krepej_i_takelaj/takelaj/kanaty_verevki_shnury/420401/
420402,Фал 10мм   уп. 25м (пёстрый),840,krepej_i_takelaj/takelaj/kanaty_verevki_shnury,https://optorg.ru/catalog/krepej_i_takelaj/takelaj/kanaty_verevki_shnury/420402/
420403,Фал 6мм   уп. 25м (пёстрый),350,krepej_i_takelaj/takelaj/kanaty_verevki_shnury,https://optorg.ru/catalog/krepej_i_takelaj/takelaj/kanaty_verevki_shnury/420403/
420404,Фал 6мм   уп. 50м (пёстрый),700,krepej_i_takelaj/takelaj/kanaty_verevki_shnury,https://optorg.ru/catalog/krepej_i_takelaj/takelaj/kanaty_verevki_shnury/420404/
474052,Фал 10мм   уп. 50м (пёстрый),1682,krepej_i_takelaj/takelaj/kanaty_verevki_shnury,https://optorg.ru/catalog/krepej_i_takelaj/takelaj/kanaty_verevki_shnury/474052/
495030,Шнур плетеный полиамид высокопрочный   10 мм (уп. 100м.),5000,krepej_i_takelaj/takelaj/kanaty_verevki_shnury,https://optorg.ru/catalog/krepej_i_takelaj/takelaj/kanaty_verevki_shnury/495030/
497079,Шнур плетеный полиамид высокопрочный   5 мм (уп. 250м.),3728,krepej_i_takelaj/takelaj/kanaty_verevki_shnury,https://optorg.ru/catalog/krepej_i_takelaj/takelaj/kanaty_verevki_shnury/497079/
251135,Трос для растяжки стальной цинк.  диам. 5мм   100м,5340,krepej_i_takelaj/takelaj/tros_stalnoy,https://optorg.ru/catalog/krepej_i_takelaj/takelaj/tros_stalnoy/251135/
251162,Трос для растяжки стальной цинк.  диам. 4мм   200м,3396,krepej_i_takelaj/takelaj/tros_stalnoy,https://optorg.ru/catalog/krepej_i_takelaj/takelaj/tros_stalnoy/251162/
251216,Трос для растяжки стальной цинк.  диам. 2мм   200м.,1280,krepej_i_takelaj/takelaj/tros_stalnoy,https://optorg.ru/catalog/krepej_i_takelaj/takelaj/tros_stalnoy/251216/
251217,Трос для растяжки стальной цинк.  диам. 3мм   200м.,2170,krepej_i_takelaj/takelaj/tros_stalnoy,https://optorg.ru/catalog/krepej_i_takelaj/takelaj/tros_stalnoy/251217/
251218,Трос для растяжки стальной цинк.  диам. 6мм   100м.,8203,krepej_i_takelaj/takelaj/tros_stalnoy,https://optorg.ru/catalog/krepej_i_takelaj/takelaj/tros_stalnoy/251218/
251829,Трос для растяжки стальной цинк.  диам. 10мм   100м.,24070,krepej_i_takelaj/takelaj/tros_stalnoy,https://optorg.ru/catalog/krepej_i_takelaj/takelaj/tros_stalnoy/251829/
251892,Трос для растяжки стальной цинк.  диам. 8мм   100м.,16057,krepej_i_takelaj/takelaj/tros_stalnoy,https://optorg.ru/catalog/krepej_i_takelaj/takelaj/tros_stalnoy/251892/
252317,Трос для растяжки стальной цинк.  диам. 10мм   50м.,12040,krepej_i_takelaj/takelaj/tros_stalnoy,https://optorg.ru/catalog/krepej_i_takelaj/takelaj/tros_stalnoy/252317/
252376,Трос для растяжки стальной цинк.  диам. 14мм   100м.,25485,krepej_i_takelaj/takelaj/tros_stalnoy,https://optorg.ru/catalog/krepej_i_takelaj/takelaj/tros_stalnoy/252376/
252644,Трос для растяжки стальной цинк.  в оплетке ПВХ диам. 6/8мм  бобина-100м,6100,krepej_i_takelaj/takelaj/tros_stalnoy,https://optorg.ru/catalog/krepej_i_takelaj/takelaj/tros_stalnoy/252644/
252645,Трос для растяжки стальной цинк.  в оплетке ПВХ диам. 8/10мм  бобина-100м,11060,krepej_i_takelaj/takelaj/tros_stalnoy,https://optorg.ru/catalog/krepej_i_takelaj/takelaj/tros_stalnoy/252645/
252646,Трос для растяжки стальной цинк.  в оплетке ПВХ диам. 10/12мм  бобина-100м,11290,krepej_i_takelaj/takelaj/tros_stalnoy,https://optorg.ru/catalog/krepej_i_takelaj/takelaj/tros_stalnoy/252646/
252657,Трос для растяжки стальной цинк.  в оплетке ПВХ диам. 2/3мм  бобина-200м,1732,krepej_i_takelaj/takelaj/tros_stalnoy,https://optorg.ru/catalog/krepej_i_takelaj/takelaj/tros_stalnoy/252657/
252704,Трос для растяжки стальной цинк.  в оплетке ПВХ диам. 4/5мм  бобина-200м,3885,krepej_i_takelaj/takelaj/tros_stalnoy,https://optorg.ru/catalog/krepej_i_takelaj/takelaj/tros_stalnoy/252704/
252789,Трос для растяжки стальной цинк.  в оплетке ПВХ диам. 3/4мм  бобина-200м,3537,krepej_i_takelaj/takelaj/tros_stalnoy,https://optorg.ru/catalog/krepej_i_takelaj/takelaj/tros_stalnoy/252789/
252964,Трос для растяжки стальной цинк.  диам. 12мм   100м.,25900,krepej_i_takelaj/takelaj/tros_stalnoy,https://optorg.ru/catalog/krepej_i_takelaj/takelaj/tros_stalnoy/252964/
253102,Трос для растяжки стальной цинк.  в оплетке ПВХ диам. 5/6мм  бобина-100м,2800,krepej_i_takelaj/takelaj/tros_stalnoy,https://optorg.ru/catalog/krepej_i_takelaj/takelaj/tros_stalnoy/253102/
253254,Трос для растяжки стальной цинк.  диам. 12мм   50м.,12960,krepej_i_takelaj/takelaj/tros_stalnoy,https://optorg.ru/catalog/krepej_i_takelaj/takelaj/tros_stalnoy/253254/
253362,Трос для растяжки стальной цинк.  диам. 1мм   300м.,644,krepej_i_takelaj/takelaj/tros_stalnoy,https://optorg.ru/catalog/krepej_i_takelaj/takelaj/tros_stalnoy/253362/
253604,Трос для растяжки стальной цинк.  в оплетке ПВХ диам. 3/4мм  бобина-250м,4420,krepej_i_takelaj/takelaj/tros_stalnoy,https://optorg.ru/catalog/krepej_i_takelaj/takelaj/tros_stalnoy/253604/
463563,Трос для растяжки стальной цинк.  диам. 16мм   50м.,13130,krepej_i_takelaj/takelaj/tros_stalnoy,https://optorg.ru/catalog/krepej_i_takelaj/takelaj/tros_stalnoy/463563/
251076,Цепь сварная длин. звено DIN 763 диам. 8мм   20м. цинк.,3730,krepej_i_takelaj/takelaj/cepi,https://optorg.ru/catalog/krepej_i_takelaj/takelaj/cepi/251076/
251077,Цепь сварная длин. звено DIN 763 диам. 10мм  10м. цинк.,3097,krepej_i_takelaj/takelaj/cepi,https://optorg.ru/catalog/krepej_i_takelaj/takelaj/cepi/251077/
251078,Цепь сварная кор. звено DIN 766 диам. 8мм  20м. цинк.,4517,krepej_i_takelaj/takelaj/cepi,https://optorg.ru/catalog/krepej_i_takelaj/takelaj/cepi/251078/
251079,Цепь сварная кор. звено DIN 766 диам.10мм 10м. цинк.,3360,krepej_i_takelaj/takelaj/cepi,https://optorg.ru/catalog/krepej_i_takelaj/takelaj/cepi/251079/
251161,Цепь сварная длин. звено DIN 763 диам. 8мм   10м цинк.,2042,krepej_i_takelaj/takelaj/cepi,https://optorg.ru/catalog/krepej_i_takelaj/takelaj/cepi/251161/
251384,Цепь сварная кор. звено DIN 766 диам. 8мм  10м. цинк.,2260,krepej_i_takelaj/takelaj/cepi,https://optorg.ru/catalog/krepej_i_takelaj/takelaj/cepi/251384/
251870,Цепь сварная длин. звено DIN 763 диам. 12мм  10м. цинк.,4812,krepej_i_takelaj/takelaj/cepi,https://optorg.ru/catalog/krepej_i_takelaj/takelaj/cepi/251870/
251891,Цепь сварная кор. звено DIN 766 диам.12мм  10м  цинк,5443,krepej_i_takelaj/takelaj/cepi,https://optorg.ru/catalog/krepej_i_takelaj/takelaj/cepi/251891/
251922,Цепь сварная кор. звено DIN 766 диам.10мм 15м. цинк.,5040,krepej_i_takelaj/takelaj/cepi,https://optorg.ru/catalog/krepej_i_takelaj/takelaj/cepi/251922/
252090,Цепь сварная длин. звено цинк. DIN 763 диам. 2мм,21.5,krepej_i_takelaj/takelaj/cepi,https://optorg.ru/catalog/krepej_i_takelaj/takelaj/cepi/252090/
252091,Цепь сварная длин. звено цинк. DIN 763 диам. 3мм,30,krepej_i_takelaj/takelaj/cepi,https://optorg.ru/catalog/krepej_i_takelaj/takelaj/cepi/252091/
252092,Цепь сварная длин. звено цинк. DIN 763 диам. 4мм,47,krepej_i_takelaj/takelaj/cepi,https://optorg.ru/catalog/krepej_i_takelaj/takelaj/cepi/252092/
252093,Цепь сварная длин. звено цинк. DIN 763 диам. 5мм,76,krepej_i_takelaj/takelaj/cepi,https://optorg.ru/catalog/krepej_i_takelaj/takelaj/cepi/252093/
252094,Цепь сварная длин. звено цинк. DIN 763 диам. 6мм,109,krepej_i_takelaj/takelaj/cepi,https://optorg.ru/catalog/krepej_i_takelaj/takelaj/cepi/252094/
252095,Цепь сварная кор. звено цинк. DIN 766 диам. 2мм,24,krepej_i_takelaj/takelaj/cepi,https://optorg.ru/catalog/krepej_i_takelaj/takelaj/cepi/252095/
252096,Цепь сварная кор. звено цинк. DIN 766 диам. 3мм,36.5,krepej_i_takelaj/takelaj/cepi,https://optorg.ru/catalog/krepej_i_takelaj/takelaj/cepi/252096/
252097,Цепь сварная кор. звено цинк. DIN 766 диам. 4мм,54,krepej_i_takelaj/takelaj/cepi,https://optorg.ru/catalog/krepej_i_takelaj/takelaj/cepi/252097/
252098,Цепь сварная кор. звено цинк. DIN 766 диам. 5мм,79,krepej_i_takelaj/takelaj/cepi,https://optorg.ru/catalog/krepej_i_takelaj/takelaj/cepi/252098/
252099,Цепь сварная кор. звено цинк. DIN 766 диам. 6мм,123,krepej_i_takelaj/takelaj/cepi,https://optorg.ru/catalog/krepej_i_takelaj/takelaj/cepi/252099/
252272,Цепь сварная длин. звено DIN 763 диам. 14мм  5м. цинк.,3780,krepej_i_takelaj/takelaj/cepi,https://optorg.ru/catalog/krepej_i_takelaj/takelaj/cepi/252272/
252284,Цепь сварная длин. звено DIN 763 диам. 16мм 5м. цинк.,4464,krepej_i_takelaj/takelaj/cepi,https://optorg.ru/catalog/krepej_i_takelaj/takelaj/cepi/252284/
252377,Соединитель цепей  открытый 8мм,39,krepej_i_takelaj/takelaj/cepi,https://optorg.ru/catalog/krepej_i_takelaj/takelaj/cepi/252377/
252389,Соединитель цепей  открытый 6мм,17,krepej_i_takelaj/takelaj/cepi,https://optorg.ru/catalog/krepej_i_takelaj/takelaj/cepi/252389/
252850,Цепь сварная длин. звено DIN 763 диам. 10мм  15м. цинк.,4646,krepej_i_takelaj/takelaj/cepi,https://optorg.ru/catalog/krepej_i_takelaj/takelaj/cepi/252850/
494112,Цепь сварная длин. звено DIN 763 диам. 10мм  18м. цинк.,5575,krepej_i_takelaj/takelaj/cepi,https://optorg.ru/catalog/krepej_i_takelaj/takelaj/cepi/494112/
250895,"СТРОП   УСК-1   3,2/4000",5230,krepej_i_takelaj/takelaj/stropy,https://optorg.ru/catalog/krepej_i_takelaj/takelaj/stropy/250895/
250897,"СТРОП   УСК-1   1,6/3000",2600,krepej_i_takelaj/takelaj/stropy,https://optorg.ru/catalog/krepej_i_takelaj/takelaj/stropy/250897/
250985,"СТРОП   УСК-1   0,5/3000",1150,krepej_i_takelaj/takelaj/stropy,https://optorg.ru/catalog/krepej_i_takelaj/takelaj/stropy/250985/
251023,"СТРОП   УСК-1   2,5/3000",3800,krepej_i_takelaj/takelaj/stropy,https://optorg.ru/catalog/krepej_i_takelaj/takelaj/stropy/251023/
251024,"СТРОП   УСК-1   1,6/2000",1900,krepej_i_takelaj/takelaj/stropy,https://optorg.ru/catalog/krepej_i_takelaj/takelaj/stropy/251024/
251713,"СТРОП СТП 1,0т / 2,0м текстильный ленточный",377,krepej_i_takelaj/takelaj/stropy,https://optorg.ru/catalog/krepej_i_takelaj/takelaj/stropy/251713/
251714,"СТРОП СТП 1,0т / 1,0м текстильный ленточный",232,krepej_i_takelaj/takelaj/stropy,https://optorg.ru/catalog/krepej_i_takelaj/takelaj/stropy/251714/
251715,"СТРОП СТП 2,0т / 2,0м текстильный ленточный",620,krepej_i_takelaj/takelaj/stropy,https://optorg.ru/catalog/krepej_i_takelaj/takelaj/stropy/251715/
251716,"СТРОП СТП 3,0т / 1,0м текстильный ленточный",530,krepej_i_takelaj/takelaj/stropy,https://optorg.ru/catalog/krepej_i_takelaj/takelaj/stropy/251716/
251717,"СТРОП СТП 3,0т / 2,0м текстильный ленточный",872,krepej_i_takelaj/takelaj/stropy,https://optorg.ru/catalog/krepej_i_takelaj/takelaj/stropy/251717/
251718,"СТРОП СТП 3,0т / 3,0м текстильный ленточный",1224,krepej_i_takelaj/takelaj/stropy,https://optorg.ru/catalog/krepej_i_takelaj/takelaj/stropy/251718/
251719,"СТРОП СТП 3,0т / 4,0м текстильный ленточный",1581,krepej_i_takelaj/takelaj/stropy,https://optorg.ru/catalog/krepej_i_takelaj/takelaj/stropy/251719/
251720,"СТРОП СТП 3,0т / 5,0м текстильный ленточный",1933,krepej_i_takelaj/takelaj/stropy,https://optorg.ru/catalog/krepej_i_takelaj/takelaj/stropy/251720/
251721,"СТРОП СТП 3,0т / 6,0м текстильный ленточный",2295,krepej_i_takelaj/takelaj/stropy,https://optorg.ru/catalog/krepej_i_takelaj/takelaj/stropy/251721/
251722,"СТРОП СТП 4,0т / 3,0м текстильный ленточный",1785,krepej_i_takelaj/takelaj/stropy,https://optorg.ru/catalog/krepej_i_takelaj/takelaj/stropy/251722/
251723,"СТРОП СТП 4,0т / 4,0м текстильный ленточный",2285,krepej_i_takelaj/takelaj/stropy,https://optorg.ru/catalog/krepej_i_takelaj/takelaj/stropy/251723/
251724,"СТРОП СТП 4,0т / 5,0м текстильный ленточный",2785,krepej_i_takelaj/takelaj/stropy,https://optorg.ru/catalog/krepej_i_takelaj/takelaj/stropy/251724/
251725,"СТРОП СТП 5,0т / 5,0м текстильный ленточный",3346,krepej_i_takelaj/takelaj/stropy,https://optorg.ru/catalog/krepej_i_takelaj/takelaj/stropy/251725/
251734,"СТРОП СТП 5,0т / 3,0м текстильный ленточный",2091,krepej_i_takelaj/takelaj/stropy,https://optorg.ru/catalog/krepej_i_takelaj/takelaj/stropy/251734/
251763,"СТРОП СТП 2,0т / 1,0м текстильный ленточный",377,krepej_i_takelaj/takelaj/stropy,https://optorg.ru/catalog/krepej_i_takelaj/takelaj/stropy/251763/
251764,"СТРОП СТП 2,0т / 3,0м текстильный ленточный",887,krepej_i_takelaj/takelaj/stropy,https://optorg.ru/catalog/krepej_i_takelaj/takelaj/stropy/251764/
251765,"СТРОП СТП 2,0т / 4,0м текстильный ленточный",1148,krepej_i_takelaj/takelaj/stropy,https://optorg.ru/catalog/krepej_i_takelaj/takelaj/stropy/251765/
251766,"СТРОП СТП 5,0т / 4,0м текстильный ленточный",2734,krepej_i_takelaj/takelaj/stropy,https://optorg.ru/catalog/krepej_i_takelaj/takelaj/stropy/251766/
251840,"СТРОП   УСК-1   0,5/1000",770,krepej_i_takelaj/takelaj/stropy,https://optorg.ru/catalog/krepej_i_takelaj/takelaj/stropy/251840/
251841,"СТРОП   УСК-1   0,5/2000",1140,krepej_i_takelaj/takelaj/stropy,https://optorg.ru/catalog/krepej_i_takelaj/takelaj/stropy/251841/
251842,"СТРОП   УСК-1   1,0/1000",1260,krepej_i_takelaj/takelaj/stropy,https://optorg.ru/catalog/krepej_i_takelaj/takelaj/stropy/251842/
251844,"СТРОП   УСК-1   1,6/1000",1490,krepej_i_takelaj/takelaj/stropy,https://optorg.ru/catalog/krepej_i_takelaj/takelaj/stropy/251844/
251845,"СТРОП   УСК-1   2,5/2000",2980,krepej_i_takelaj/takelaj/stropy,https://optorg.ru/catalog/krepej_i_takelaj/takelaj/stropy/251845/
251846,"СТРОП   УСК-1   2,5/4000",4050,krepej_i_takelaj/takelaj/stropy,https://optorg.ru/catalog/krepej_i_takelaj/takelaj/stropy/251846/
251847,"СТРОП   УСК-1   3,2/3000",4380,krepej_i_takelaj/takelaj/stropy,https://optorg.ru/catalog/krepej_i_takelaj/takelaj/stropy/251847/
251882,"СТРОП СТП 6,0т / 4,0м текстильный ленточный",3958,krepej_i_takelaj/takelaj/stropy,https://optorg.ru/catalog/krepej_i_takelaj/takelaj/stropy/251882/
251883,"СТРОП СТП 6,0т / 5,0м текстильный ленточный",4750,krepej_i_takelaj/takelaj/stropy,https://optorg.ru/catalog/krepej_i_takelaj/takelaj/stropy/251883/
251884,"СТРОП СТП 6,0т / 6,0м текстильный ленточный",5763,krepej_i_takelaj/takelaj/stropy,https://optorg.ru/catalog/krepej_i_takelaj/takelaj/stropy/251884/
251906,"СТРОП   УСК-1   1,25/3000",1850,krepej_i_takelaj/takelaj/stropy,https://optorg.ru/catalog/krepej_i_takelaj/takelaj/stropy/251906/
251949,"СТРОП   УСК-1   1,25/2000",1550,krepej_i_takelaj/takelaj/stropy,https://optorg.ru/catalog/krepej_i_takelaj/takelaj/stropy/251949/
252774,"СТРОП СТП 2,0т / 5,0м текстильный ленточный",1397,krepej_i_takelaj/takelaj/stropy,https://optorg.ru/catalog/krepej_i_takelaj/takelaj/stropy/252774/
253651,"СТРОП   УСК-1   3,2/1000",3400,krepej_i_takelaj/takelaj/stropy,https://optorg.ru/catalog/krepej_i_takelaj/takelaj/stropy/253651/
253770,"СТРОП СТП 5,0т / 6,0м текстильный ленточный",3968,krepej_i_takelaj/takelaj/stropy,https://optorg.ru/catalog/krepej_i_takelaj/takelaj/stropy/253770/
253791,"СТРОП СТП 4,0т / 2,0м текстильный ленточный",1275,krepej_i_takelaj/takelaj/stropy,https://optorg.ru/catalog/krepej_i_takelaj/takelaj/stropy/253791/
312830,"СТРОП   УСК-1   2,0/3000",2960,krepej_i_takelaj/takelaj/stropy,https://optorg.ru/catalog/krepej_i_takelaj/takelaj/stropy/312830/
327290,"СТРОП   УСК-1   2,0/2000",2350,krepej_i_takelaj/takelaj/stropy,https://optorg.ru/catalog/krepej_i_takelaj/takelaj/stropy/327290/
358029,"СТРОП СТП 2,0т / 6,0м текстильный ленточный",1652,krepej_i_takelaj/takelaj/stropy,https://optorg.ru/catalog/krepej_i_takelaj/takelaj/stropy/358029/
475580,"СТРОП СТП 6,0т / 3,0м текстильный ленточный",3120,krepej_i_takelaj/takelaj/stropy,https://optorg.ru/catalog/krepej_i_takelaj/takelaj/stropy/475580/
495228,"СТРОП   УСК-1   3,2/5000",5800,krepej_i_takelaj/takelaj/stropy,https://optorg.ru/catalog/krepej_i_takelaj/takelaj/stropy/495228/
250824,Трос металлополимерный ПР-2 мм (моток 1 шт-20м),138,krepej_i_takelaj/takelaj/trosy_metallopolimernye,https://optorg.ru/catalog/krepej_i_takelaj/takelaj/trosy_metallopolimernye/250824/
250825,Трос металлополимерный ПР-3 мм (моток 1 шт-20м),275,krepej_i_takelaj/takelaj/trosy_metallopolimernye,https://optorg.ru/catalog/krepej_i_takelaj/takelaj/trosy_metallopolimernye/250825/
250826,Трос металлополимерный ПР-4 мм (1 катушка -100м),2190,krepej_i_takelaj/takelaj/trosy_metallopolimernye,https://optorg.ru/catalog/krepej_i_takelaj/takelaj/trosy_metallopolimernye/250826/
251030,"Трос металлополимерный ПР-2,5 мм (моток 1 шт-20м)",170,krepej_i_takelaj/takelaj/trosy_metallopolimernye,https://optorg.ru/catalog/krepej_i_takelaj/takelaj/trosy_metallopolimernye/251030/
251092,Трос металлополимерный ПР-2 мм (моток 1 шт-100м),685,krepej_i_takelaj/takelaj/trosy_metallopolimernye,https://optorg.ru/catalog/krepej_i_takelaj/takelaj/trosy_metallopolimernye/251092/
251093,"Трос металлополимерный ПР-2,5 мм (моток 1 шт-100м)",855,krepej_i_takelaj/takelaj/trosy_metallopolimernye,https://optorg.ru/catalog/krepej_i_takelaj/takelaj/trosy_metallopolimernye/251093/
251094,Трос металлополимерный ПР-3 мм (моток 1 шт-100м),1370,krepej_i_takelaj/takelaj/trosy_metallopolimernye,https://optorg.ru/catalog/krepej_i_takelaj/takelaj/trosy_metallopolimernye/251094/
251095,"Трос металлополимерный ПР-3,5 мм (1 катушка -100 м)",1835,krepej_i_takelaj/takelaj/trosy_metallopolimernye,https://optorg.ru/catalog/krepej_i_takelaj/takelaj/trosy_metallopolimernye/251095/
251552,Трос металлополимерный ПР-6 мм (1 катушка -100м),4335,krepej_i_takelaj/takelaj/trosy_metallopolimernye,https://optorg.ru/catalog/krepej_i_takelaj/takelaj/trosy_metallopolimernye/251552/
251553,"Трос металлополимерный ПР-2,5 мм (моток 1 шт-200м)",1715,krepej_i_takelaj/takelaj/trosy_metallopolimernye,https://optorg.ru/catalog/krepej_i_takelaj/takelaj/trosy_metallopolimernye/251553/
252338,Трос металлополимерный ПР-3 мм (моток 1 шт-200м),2740,krepej_i_takelaj/takelaj/trosy_metallopolimernye,https://optorg.ru/catalog/krepej_i_takelaj/takelaj/trosy_metallopolimernye/252338/
252339,Трос металлополимерный ПР-5 мм (1 катушка -100м),3395,krepej_i_takelaj/takelaj/trosy_metallopolimernye,https://optorg.ru/catalog/krepej_i_takelaj/takelaj/trosy_metallopolimernye/252339/
386648,Трос металлополимерный ПР-2 мм (моток 1 шт-200м),1370,krepej_i_takelaj/takelaj/trosy_metallopolimernye,https://optorg.ru/catalog/krepej_i_takelaj/takelaj/trosy_metallopolimernye/386648/
494298,Трос металлополимерный ПР-2 мм (моток 1 шт-20м),7,krepej_i_takelaj/takelaj/trosy_metallopolimernye,https://optorg.ru/catalog/krepej_i_takelaj/takelaj/trosy_metallopolimernye/494298/
250953,Зажим для стал. канатов оц. 12мм   DIN 741,25.5,krepej_i_takelaj/takelaj/takelaj_obshchego_naznacheniya,https://optorg.ru/catalog/krepej_i_takelaj/takelaj/takelaj_obshchego_naznacheniya/250953/
250957,Зажим для стал. канатов оц. 8мм   DIN 741,7.3,krepej_i_takelaj/takelaj/takelaj_obshchego_naznacheniya,https://optorg.ru/catalog/krepej_i_takelaj/takelaj/takelaj_obshchego_naznacheniya/250957/
251067,Зажим для стал. канатов оц. 3мм   DIN 741,3.5,krepej_i_takelaj/takelaj/takelaj_obshchego_naznacheniya,https://optorg.ru/catalog/krepej_i_takelaj/takelaj/takelaj_obshchego_naznacheniya/251067/
251068,Зажим для стал. канатов оц. 5мм   DIN 741,4.4,krepej_i_takelaj/takelaj/takelaj_obshchego_naznacheniya,https://optorg.ru/catalog/krepej_i_takelaj/takelaj/takelaj_obshchego_naznacheniya/251068/
251069,Зажим для стал. канатов оц. 10мм   DIN 741,13.9,krepej_i_takelaj/takelaj/takelaj_obshchego_naznacheniya,https://optorg.ru/catalog/krepej_i_takelaj/takelaj/takelaj_obshchego_naznacheniya/251069/
251080,Скоба такелажная цинк. (прямой тип)  М 6,15.4,krepej_i_takelaj/takelaj/takelaj_obshchego_naznacheniya,https://optorg.ru/catalog/krepej_i_takelaj/takelaj/takelaj_obshchego_naznacheniya/251080/
251081,Скоба такелажная цинк. (прямой тип)  М 8,21.5,krepej_i_takelaj/takelaj/takelaj_obshchego_naznacheniya,https://optorg.ru/catalog/krepej_i_takelaj/takelaj/takelaj_obshchego_naznacheniya/251081/
251087,Талреп крюк-кольцо DIN 1480  М 6*110,37,krepej_i_takelaj/takelaj/takelaj_obshchego_naznacheniya,https://optorg.ru/catalog/krepej_i_takelaj/takelaj/takelaj_obshchego_naznacheniya/251087/
251088,Талреп крюк-кольцо DIN 1480  М 8*110,48,krepej_i_takelaj/takelaj/takelaj_obshchego_naznacheniya,https://optorg.ru/catalog/krepej_i_takelaj/takelaj/takelaj_obshchego_naznacheniya/251088/
251179,Зажим для стал. канатов оц. 6мм   DIN 741,5.1,krepej_i_takelaj/takelaj/takelaj_obshchego_naznacheniya,https://optorg.ru/catalog/krepej_i_takelaj/takelaj/takelaj_obshchego_naznacheniya/251179/
251185,Зажим для стал. канатов двойной оц. 3/35мм,7.2,krepej_i_takelaj/takelaj/takelaj_obshchego_naznacheniya,https://optorg.ru/catalog/krepej_i_takelaj/takelaj/takelaj_obshchego_naznacheniya/251185/
251186,Зажим для стал. канатов двойной оц. 4/40мм,11.3,krepej_i_takelaj/takelaj/takelaj_obshchego_naznacheniya,https://optorg.ru/catalog/krepej_i_takelaj/takelaj/takelaj_obshchego_naznacheniya/251186/
251187,Зажим для стал. канатов двойной оц. 5/50мм,14.2,krepej_i_takelaj/takelaj/takelaj_obshchego_naznacheniya,https://optorg.ru/catalog/krepej_i_takelaj/takelaj/takelaj_obshchego_naznacheniya/251187/
251188,Зажим для стал. канатов двойной оц. 6/60мм,23,krepej_i_takelaj/takelaj/takelaj_obshchego_naznacheniya,https://optorg.ru/catalog/krepej_i_takelaj/takelaj/takelaj_obshchego_naznacheniya/251188/
251355,Талреп крюк-кольцо DIN 1480  М 20*218,377,krepej_i_takelaj/takelaj/takelaj_obshchego_naznacheniya,https://optorg.ru/catalog/krepej_i_takelaj/takelaj/takelaj_obshchego_naznacheniya/251355/
251540,"Карабин пожарный   4,0   DIN 5299С",10,krepej_i_takelaj/takelaj/takelaj_obshchego_naznacheniya,https://optorg.ru/catalog/krepej_i_takelaj/takelaj/takelaj_obshchego_naznacheniya/251540/
251541,"Карабин пожарный   5,0   DIN 5299C",11.7,krepej_i_takelaj/takelaj/takelaj_obshchego_naznacheniya,https://optorg.ru/catalog/krepej_i_takelaj/takelaj/takelaj_obshchego_naznacheniya/251541/
251542,"Карабин пожарный   6,0   DIN 5299C",17,krepej_i_takelaj/takelaj/takelaj_obshchego_naznacheniya,https://optorg.ru/catalog/krepej_i_takelaj/takelaj/takelaj_obshchego_naznacheniya/251542/
251543,"Карабин пожарный с муфтой   4,0   DIN 5299D",14.1,krepej_i_takelaj/takelaj/takelaj_obshchego_naznacheniya,https://optorg.ru/catalog/krepej_i_takelaj/takelaj/takelaj_obshchego_naznacheniya/251543/
251544,"Карабин пожарный с муфтой   5,0   DIN 5299D",14.2,krepej_i_takelaj/takelaj/takelaj_obshchego_naznacheniya,https://optorg.ru/catalog/krepej_i_takelaj/takelaj/takelaj_obshchego_naznacheniya/251544/
251545,"Карабин пожарный с муфтой   6,0   DIN 5299D",16.5,krepej_i_takelaj/takelaj/takelaj_obshchego_naznacheniya,https://optorg.ru/catalog/krepej_i_takelaj/takelaj/takelaj_obshchego_naznacheniya/251545/
251548,Карабин   L-60   тип А с вертлюгом,25.5,krepej_i_takelaj/takelaj/takelaj_obshchego_naznacheniya,https://optorg.ru/catalog/krepej_i_takelaj/takelaj/takelaj_obshchego_naznacheniya/251548/
251631,"Карабин пожарный   10,0   DIN 5299C",41,krepej_i_takelaj/takelaj/takelaj_obshchego_naznacheniya,https://optorg.ru/catalog/krepej_i_takelaj/takelaj/takelaj_obshchego_naznacheniya/251631/
251632,"Карабин пожарный с муфтой   10,0   DIN 5299D",40,krepej_i_takelaj/takelaj/takelaj_obshchego_naznacheniya,https://optorg.ru/catalog/krepej_i_takelaj/takelaj/takelaj_obshchego_naznacheniya/251632/
251634,"Карабин пожарный с муфтой   8,0   DIN 5299D",25.5,krepej_i_takelaj/takelaj/takelaj_obshchego_naznacheniya,https://optorg.ru/catalog/krepej_i_takelaj/takelaj/takelaj_obshchego_naznacheniya/251634/
251635,"Карабин пожарный   8,0   DIN 5299C",23,krepej_i_takelaj/takelaj/takelaj_obshchego_naznacheniya,https://optorg.ru/catalog/krepej_i_takelaj/takelaj/takelaj_obshchego_naznacheniya/251635/
251737,Крюк S-образный   ф 3мм,2.6,krepej_i_takelaj/takelaj/takelaj_obshchego_naznacheniya,https://optorg.ru/catalog/krepej_i_takelaj/takelaj/takelaj_obshchego_naznacheniya/251737/
251738,Крюк S-образный   ф 4мм,3.6,krepej_i_takelaj/takelaj/takelaj_obshchego_naznacheniya,https://optorg.ru/catalog/krepej_i_takelaj/takelaj/takelaj_obshchego_naznacheniya/251738/
251739,Крюк S-образный   ф 5мм,6.1,krepej_i_takelaj/takelaj/takelaj_obshchego_naznacheniya,https://optorg.ru/catalog/krepej_i_takelaj/takelaj/takelaj_obshchego_naznacheniya/251739/
251767,Блок одинарный  d12 / D 50мм,132,krepej_i_takelaj/takelaj/takelaj_obshchego_naznacheniya,https://optorg.ru/catalog/krepej_i_takelaj/takelaj/takelaj_obshchego_naznacheniya/251767/
251768,Блок одинарный  d6 / D20мм,30,krepej_i_takelaj/takelaj/takelaj_obshchego_naznacheniya,https://optorg.ru/catalog/krepej_i_takelaj/takelaj/takelaj_obshchego_naznacheniya/251768/
251769,Блок одинарный  d7 / D 25мм,39,krepej_i_takelaj/takelaj/takelaj_obshchego_naznacheniya,https://optorg.ru/catalog/krepej_i_takelaj/takelaj/takelaj_obshchego_naznacheniya/251769/
251770,Блок одинарный  d8 / D 30мм,103,krepej_i_takelaj/takelaj/takelaj_obshchego_naznacheniya,https://optorg.ru/catalog/krepej_i_takelaj/takelaj/takelaj_obshchego_naznacheniya/251770/
251771,Блок одинарный  d9 / D 40мм,88,krepej_i_takelaj/takelaj/takelaj_obshchego_naznacheniya,https://optorg.ru/catalog/krepej_i_takelaj/takelaj/takelaj_obshchego_naznacheniya/251771/
251772,Скоба такелажная цинк. (прямой тип)  М 10,30,krepej_i_takelaj/takelaj/takelaj_obshchego_naznacheniya,https://optorg.ru/catalog/krepej_i_takelaj/takelaj/takelaj_obshchego_naznacheniya/251772/
251773,Скоба такелажная цинк. (прямой тип)  М 12,47.5,krepej_i_takelaj/takelaj/takelaj_obshchego_naznacheniya,https://optorg.ru/catalog/krepej_i_takelaj/takelaj/takelaj_obshchego_naznacheniya/251773/
251960,Талреп крюк-кольцо DIN 1480  М 10*133,69,krepej_i_takelaj/takelaj/takelaj_obshchego_naznacheniya,https://optorg.ru/catalog/krepej_i_takelaj/takelaj/takelaj_obshchego_naznacheniya/251960/
251987,Талреп крюк-кольцо DIN 1480  М 14*170,140,krepej_i_takelaj/takelaj/takelaj_obshchego_naznacheniya,https://optorg.ru/catalog/krepej_i_takelaj/takelaj/takelaj_obshchego_naznacheniya/251987/
251995,Талреп крюк-кольцо DIN 1480  М 12*140,97,krepej_i_takelaj/takelaj/takelaj_obshchego_naznacheniya,https://optorg.ru/catalog/krepej_i_takelaj/takelaj/takelaj_obshchego_naznacheniya/251995/
252059,"Карабин   винтовой оц.   5,0",14.7,krepej_i_takelaj/takelaj/takelaj_obshchego_naznacheniya,https://optorg.ru/catalog/krepej_i_takelaj/takelaj/takelaj_obshchego_naznacheniya/252059/
252060,"Карабин   винтовой оц.   6,0",17.5,krepej_i_takelaj/takelaj/takelaj_obshchego_naznacheniya,https://optorg.ru/catalog/krepej_i_takelaj/takelaj/takelaj_obshchego_naznacheniya/252060/
252061,"Карабин   винтовой оц.   8,0",28.5,krepej_i_takelaj/takelaj/takelaj_obshchego_naznacheniya,https://optorg.ru/catalog/krepej_i_takelaj/takelaj/takelaj_obshchego_naznacheniya/252061/
252062,"Карабин   винтовой оц.   10,0",52,krepej_i_takelaj/takelaj/takelaj_obshchego_naznacheniya,https://optorg.ru/catalog/krepej_i_takelaj/takelaj/takelaj_obshchego_naznacheniya/252062/
252063,"Карабин   винтовой оц.   12,0",97,krepej_i_takelaj/takelaj/takelaj_obshchego_naznacheniya,https://optorg.ru/catalog/krepej_i_takelaj/takelaj/takelaj_obshchego_naznacheniya/252063/
252064,"Коуш для стальных канатов оц.   3,0   DIN 6899",3.8,krepej_i_takelaj/takelaj/takelaj_obshchego_naznacheniya,https://optorg.ru/catalog/krepej_i_takelaj/takelaj/takelaj_obshchego_naznacheniya/252064/
252065,"Коуш для стальных канатов оц.   4,0   DIN 6899",4.2,krepej_i_takelaj/takelaj/takelaj_obshchego_naznacheniya,https://optorg.ru/catalog/krepej_i_takelaj/takelaj/takelaj_obshchego_naznacheniya/252065/
252066,"Коуш для стальных канатов оц.   5,0   DIN 6899",4.8,krepej_i_takelaj/takelaj/takelaj_obshchego_naznacheniya,https://optorg.ru/catalog/krepej_i_takelaj/takelaj/takelaj_obshchego_naznacheniya/252066/
252067,"Коуш для стальных канатов оц.   6,0   DIN 6899",6,krepej_i_takelaj/takelaj/takelaj_obshchego_naznacheniya,https://optorg.ru/catalog/krepej_i_takelaj/takelaj/takelaj_obshchego_naznacheniya/252067/
252068,"Коуш для стальных канатов оц.   8,0   DIN 6899",7.6,krepej_i_takelaj/takelaj/takelaj_obshchego_naznacheniya,https://optorg.ru/catalog/krepej_i_takelaj/takelaj/takelaj_obshchego_naznacheniya/252068/
252069,"Коуш для стальных канатов оц.   10,0   DIN 6899",11.7,krepej_i_takelaj/takelaj/takelaj_obshchego_naznacheniya,https://optorg.ru/catalog/krepej_i_takelaj/takelaj/takelaj_obshchego_naznacheniya/252069/
252108,Карабин   L-70   тип А с вертлюгом,32,krepej_i_takelaj/takelaj/takelaj_obshchego_naznacheniya,https://optorg.ru/catalog/krepej_i_takelaj/takelaj/takelaj_obshchego_naznacheniya/252108/
252109,Карабин   L-100   тип А с вертлюгом,75,krepej_i_takelaj/takelaj/takelaj_obshchego_naznacheniya,https://optorg.ru/catalog/krepej_i_takelaj/takelaj/takelaj_obshchego_naznacheniya/252109/
252115,Скоба такелажная цинк. (прямой тип)  М 14,71,krepej_i_takelaj/takelaj/takelaj_obshchego_naznacheniya,https://optorg.ru/catalog/krepej_i_takelaj/takelaj/takelaj_obshchego_naznacheniya/252115/
252116,Скоба такелажная цинк. (прямой тип)  М 16,87,krepej_i_takelaj/takelaj/takelaj_obshchego_naznacheniya,https://optorg.ru/catalog/krepej_i_takelaj/takelaj/takelaj_obshchego_naznacheniya/252116/
252117,"Карабин пожарный    12,0  DIN 5299C",77,krepej_i_takelaj/takelaj/takelaj_obshchego_naznacheniya,https://optorg.ru/catalog/krepej_i_takelaj/takelaj/takelaj_obshchego_naznacheniya/252117/
252118,"Карабин пожарный с муфтой    12,0    DIN 5299D",82,krepej_i_takelaj/takelaj/takelaj_obshchego_naznacheniya,https://optorg.ru/catalog/krepej_i_takelaj/takelaj/takelaj_obshchego_naznacheniya/252118/
252119,Крюк S-образный   ф 6мм,9,krepej_i_takelaj/takelaj/takelaj_obshchego_naznacheniya,https://optorg.ru/catalog/krepej_i_takelaj/takelaj/takelaj_obshchego_naznacheniya/252119/
252120,Крюк S-образный   ф 8 мм,21,krepej_i_takelaj/takelaj/takelaj_obshchego_naznacheniya,https://optorg.ru/catalog/krepej_i_takelaj/takelaj/takelaj_obshchego_naznacheniya/252120/
252124,Крюк S-образный   ф 10 мм,42,krepej_i_takelaj/takelaj/takelaj_obshchego_naznacheniya,https://optorg.ru/catalog/krepej_i_takelaj/takelaj/takelaj_obshchego_naznacheniya/252124/
252154,Талреп крюк-кольцо DIN 1480  М 16*190,222,krepej_i_takelaj/takelaj/takelaj_obshchego_naznacheniya,https://optorg.ru/catalog/krepej_i_takelaj/takelaj/takelaj_obshchego_naznacheniya/252154/
252255,"Коуш для стальных канатов оц.   12,0   DIN 6899",15,krepej_i_takelaj/takelaj/takelaj_obshchego_naznacheniya,https://optorg.ru/catalog/krepej_i_takelaj/takelaj/takelaj_obshchego_naznacheniya/252255/
252270,Зажим для стал. канатов оц. 14мм   DIN 741,28.5,krepej_i_takelaj/takelaj/takelaj_obshchego_naznacheniya,https://optorg.ru/catalog/krepej_i_takelaj/takelaj/takelaj_obshchego_naznacheniya/252270/
252392,Талреп крюк-кольцо DIN 1480  М 5*75,33,krepej_i_takelaj/takelaj/takelaj_obshchego_naznacheniya,https://optorg.ru/catalog/krepej_i_takelaj/takelaj/takelaj_obshchego_naznacheniya/252392/
252700,"Вертлюг 3,8мм",62,krepej_i_takelaj/takelaj/takelaj_obshchego_naznacheniya,https://optorg.ru/catalog/krepej_i_takelaj/takelaj/takelaj_obshchego_naznacheniya/252700/
252701,"Вертлюг 6,0мм",96,krepej_i_takelaj/takelaj/takelaj_obshchego_naznacheniya,https://optorg.ru/catalog/krepej_i_takelaj/takelaj/takelaj_obshchego_naznacheniya/252701/
252846,"Вертлюг 4,5мм",75,krepej_i_takelaj/takelaj/takelaj_obshchego_naznacheniya,https://optorg.ru/catalog/krepej_i_takelaj/takelaj/takelaj_obshchego_naznacheniya/252846/
252981,"Карабин бытовой, никелированный 53мм",45,krepej_i_takelaj/takelaj/takelaj_obshchego_naznacheniya,https://optorg.ru/catalog/krepej_i_takelaj/takelaj/takelaj_obshchego_naznacheniya/252981/
252982,"Карабин бытовой, никелированный 67мм",54,krepej_i_takelaj/takelaj/takelaj_obshchego_naznacheniya,https://optorg.ru/catalog/krepej_i_takelaj/takelaj/takelaj_obshchego_naznacheniya/252982/
252983,"Карабин бытовой, никелированный 76мм",86,krepej_i_takelaj/takelaj/takelaj_obshchego_naznacheniya,https://optorg.ru/catalog/krepej_i_takelaj/takelaj/takelaj_obshchego_naznacheniya/252983/
252995,Зажим для троса алюминиевый  2мм,1.7,krepej_i_takelaj/takelaj/takelaj_obshchego_naznacheniya,https://optorg.ru/catalog/krepej_i_takelaj/takelaj/takelaj_obshchego_naznacheniya/252995/
253065,Зажим для троса алюминиевый  3мм,3,krepej_i_takelaj/takelaj/takelaj_obshchego_naznacheniya,https://optorg.ru/catalog/krepej_i_takelaj/takelaj/takelaj_obshchego_naznacheniya/253065/
253066,Зажим для троса алюминиевый  4мм,4.3,krepej_i_takelaj/takelaj/takelaj_obshchego_naznacheniya,https://optorg.ru/catalog/krepej_i_takelaj/takelaj/takelaj_obshchego_naznacheniya/253066/
253067,Зажим для троса алюминиевый  5мм,6.6,krepej_i_takelaj/takelaj/takelaj_obshchego_naznacheniya,https://optorg.ru/catalog/krepej_i_takelaj/takelaj/takelaj_obshchego_naznacheniya/253067/
253068,Зажим для троса алюминиевый  6мм,7.7,krepej_i_takelaj/takelaj/takelaj_obshchego_naznacheniya,https://optorg.ru/catalog/krepej_i_takelaj/takelaj/takelaj_obshchego_naznacheniya/253068/
253368,Зажим для стал. канатов оц. 16мм   DIN 741,40,krepej_i_takelaj/takelaj/takelaj_obshchego_naznacheniya,https://optorg.ru/catalog/krepej_i_takelaj/takelaj/takelaj_obshchego_naznacheniya/253368/
253369,"Коуш для стальных канатов оц.   16,0   DIN 6899",49,krepej_i_takelaj/takelaj/takelaj_obshchego_naznacheniya,https://optorg.ru/catalog/krepej_i_takelaj/takelaj/takelaj_obshchego_naznacheniya/253369/
296114,"Коуш для стальных канатов оц.   14,0   DIN 6899",24.5,krepej_i_takelaj/takelaj/takelaj_obshchego_naznacheniya,https://optorg.ru/catalog/krepej_i_takelaj/takelaj/takelaj_obshchego_naznacheniya/296114/
308968,Зажим для стал. канатов одинарный (SIMPLEX) оц. 4мм,6.2,krepej_i_takelaj/takelaj/takelaj_obshchego_naznacheniya,https://optorg.ru/catalog/krepej_i_takelaj/takelaj/takelaj_obshchego_naznacheniya/308968/
342910,Зажим для стал. канатов одинарный (SIMPLEX) оц. 5мм,8.9,krepej_i_takelaj/takelaj/takelaj_obshchego_naznacheniya,https://optorg.ru/catalog/krepej_i_takelaj/takelaj/takelaj_obshchego_naznacheniya/342910/
392778,Крюк грузовой 1600кг,612,krepej_i_takelaj/takelaj/takelaj_obshchego_naznacheniya,https://optorg.ru/catalog/krepej_i_takelaj/takelaj/takelaj_obshchego_naznacheniya/392778/
392779,Крюк грузовой 2500кг,1160,krepej_i_takelaj/takelaj/takelaj_obshchego_naznacheniya,https://optorg.ru/catalog/krepej_i_takelaj/takelaj/takelaj_obshchego_naznacheniya/392779/
392780,Крюк грузовой 1000кг,383,krepej_i_takelaj/takelaj/takelaj_obshchego_naznacheniya,https://optorg.ru/catalog/krepej_i_takelaj/takelaj/takelaj_obshchego_naznacheniya/392780/
397156,Крюк грузовой 500кг,214,krepej_i_takelaj/takelaj/takelaj_obshchego_naznacheniya,https://optorg.ru/catalog/krepej_i_takelaj/takelaj/takelaj_obshchego_naznacheniya/397156/
397158,Крюк грузовой 250кг,133,krepej_i_takelaj/takelaj/takelaj_obshchego_naznacheniya,https://optorg.ru/catalog/krepej_i_takelaj/takelaj/takelaj_obshchego_naznacheniya/397158/
401668,Хомут алюминиевый  80/21  упак - 100шт,133,krepej_i_takelaj/takelaj/takelaj_obshchego_naznacheniya,https://optorg.ru/catalog/krepej_i_takelaj/takelaj/takelaj_obshchego_naznacheniya/401668/
401675,Хомут алюминиевый  50/11  упак - 100шт,99,krepej_i_takelaj/takelaj/takelaj_obshchego_naznacheniya,https://optorg.ru/catalog/krepej_i_takelaj/takelaj/takelaj_obshchego_naznacheniya/401675/
419341,Кольцо с вертлюгом  10мм,164,krepej_i_takelaj/takelaj/takelaj_obshchego_naznacheniya,https://optorg.ru/catalog/krepej_i_takelaj/takelaj/takelaj_obshchego_naznacheniya/419341/
419342,Кольцо с вертлюгом  6мм,91,krepej_i_takelaj/takelaj/takelaj_obshchego_naznacheniya,https://optorg.ru/catalog/krepej_i_takelaj/takelaj/takelaj_obshchego_naznacheniya/419342/
419346,Кольцо с вертлюгом  5мм,84,krepej_i_takelaj/takelaj/takelaj_obshchego_naznacheniya,https://optorg.ru/catalog/krepej_i_takelaj/takelaj/takelaj_obshchego_naznacheniya/419346/
419347,Кольцо с вертлюгом  8мм,135,krepej_i_takelaj/takelaj/takelaj_obshchego_naznacheniya,https://optorg.ru/catalog/krepej_i_takelaj/takelaj/takelaj_obshchego_naznacheniya/419347/
438710,Зажим для стал. канатов двойной оц. 8/72мм,36,krepej_i_takelaj/takelaj/takelaj_obshchego_naznacheniya,https://optorg.ru/catalog/krepej_i_takelaj/takelaj/takelaj_obshchego_naznacheniya/438710/
442706,Вертлюг петля-кольцо ф8х40,176,krepej_i_takelaj/takelaj/takelaj_obshchego_naznacheniya,https://optorg.ru/catalog/krepej_i_takelaj/takelaj/takelaj_obshchego_naznacheniya/442706/
442707,Вертлюг петля-кольцо ф6х30,110,krepej_i_takelaj/takelaj/takelaj_obshchego_naznacheniya,https://optorg.ru/catalog/krepej_i_takelaj/takelaj/takelaj_obshchego_naznacheniya/442707/
442708,Вертлюг петля-кольцо ф5х25,94,krepej_i_takelaj/takelaj/takelaj_obshchego_naznacheniya,https://optorg.ru/catalog/krepej_i_takelaj/takelaj/takelaj_obshchego_naznacheniya/442708/
442710,Вертлюг петля-кольцо ф3х20,59.5,krepej_i_takelaj/takelaj/takelaj_obshchego_naznacheniya,https://optorg.ru/catalog/krepej_i_takelaj/takelaj/takelaj_obshchego_naznacheniya/442710/
442712,Вертлюг петля-кольцо ф6х40,112,krepej_i_takelaj/takelaj/takelaj_obshchego_naznacheniya,https://optorg.ru/catalog/krepej_i_takelaj/takelaj/takelaj_obshchego_naznacheniya/442712/
442713,Вертлюг петля-кольцо ф5х30,95,krepej_i_takelaj/takelaj/takelaj_obshchego_naznacheniya,https://optorg.ru/catalog/krepej_i_takelaj/takelaj/takelaj_obshchego_naznacheniya/442713/
442715,Вертлюг петля-кольцо ф4х25,60,krepej_i_takelaj/takelaj/takelaj_obshchego_naznacheniya,https://optorg.ru/catalog/krepej_i_takelaj/takelaj/takelaj_obshchego_naznacheniya/442715/
495812,Зажим для троса алюминиевый  10мм,35,krepej_i_takelaj/takelaj/takelaj_obshchego_naznacheniya,https://optorg.ru/catalog/krepej_i_takelaj/takelaj/takelaj_obshchego_naznacheniya/495812/
495813,Зажим для троса алюминиевый  8мм,15.5,krepej_i_takelaj/takelaj/takelaj_obshchego_naznacheniya,https://optorg.ru/catalog/krepej_i_takelaj/takelaj/takelaj_obshchego_naznacheniya/495813/
252436,"Фиксатор арматуры ""звездочка 20""",1.3,krepej_i_takelaj/fiksatory_armatury/zvezdochki_i_stulchiki,https://optorg.ru/catalog/krepej_i_takelaj/fiksatory_armatury/zvezdochki_i_stulchiki/252436/
252437,"Фиксатор арматуры ""звездочка 25""",1.6,krepej_i_takelaj/fiksatory_armatury/zvezdochki_i_stulchiki,https://optorg.ru/catalog/krepej_i_takelaj/fiksatory_armatury/zvezdochki_i_stulchiki/252437/
252438,"Фиксатор арматуры ""звездочка 30""",2.3,krepej_i_takelaj/fiksatory_armatury/zvezdochki_i_stulchiki,https://optorg.ru/catalog/krepej_i_takelaj/fiksatory_armatury/zvezdochki_i_stulchiki/252438/
252439,"Фиксатор арматуры ""звездочка 35""",2.9,krepej_i_takelaj/fiksatory_armatury/zvezdochki_i_stulchiki,https://optorg.ru/catalog/krepej_i_takelaj/fiksatory_armatury/zvezdochki_i_stulchiki/252439/
252440,"Фиксатор арматуры ""звездочка 40""",3.4,krepej_i_takelaj/fiksatory_armatury/zvezdochki_i_stulchiki,https://optorg.ru/catalog/krepej_i_takelaj/fiksatory_armatury/zvezdochki_i_stulchiki/252440/
252441,"Фиксатор арматуры ""стульчик 20""",1.6,krepej_i_takelaj/fiksatory_armatury/zvezdochki_i_stulchiki,https://optorg.ru/catalog/krepej_i_takelaj/fiksatory_armatury/zvezdochki_i_stulchiki/252441/
252442,"Фиксатор арматуры ""стульчик 25""",1.8,krepej_i_takelaj/fiksatory_armatury/zvezdochki_i_stulchiki,https://optorg.ru/catalog/krepej_i_takelaj/fiksatory_armatury/zvezdochki_i_stulchiki/252442/
252443,"Фиксатор арматуры ""стульчик 30""",1.9,krepej_i_takelaj/fiksatory_armatury/zvezdochki_i_stulchiki,https://optorg.ru/catalog/krepej_i_takelaj/fiksatory_armatury/zvezdochki_i_stulchiki/252443/
252444,"Фиксатор арматуры ""стульчик 35""",2,krepej_i_takelaj/fiksatory_armatury/zvezdochki_i_stulchiki,https://optorg.ru/catalog/krepej_i_takelaj/fiksatory_armatury/zvezdochki_i_stulchiki/252444/
252760,Опора для сыпучих грунтов  (для фиксатора),3.2,krepej_i_takelaj/fiksatory_armatury/zvezdochki_i_stulchiki,https://optorg.ru/catalog/krepej_i_takelaj/fiksatory_armatury/zvezdochki_i_stulchiki/252760/
252761,"Фиксатор ""Опора"" (защитный слой 35/40/45/50мм)",4.4,krepej_i_takelaj/fiksatory_armatury/zvezdochki_i_stulchiki,https://optorg.ru/catalog/krepej_i_takelaj/fiksatory_armatury/zvezdochki_i_stulchiki/252761/
252822,"Фиксатор арматуры ""звездочка 50""",5.4,krepej_i_takelaj/fiksatory_armatury/zvezdochki_i_stulchiki,https://optorg.ru/catalog/krepej_i_takelaj/fiksatory_armatury/zvezdochki_i_stulchiki/252822/
253373,"Фиксатор ""Стойка 10-15-20-25 """,1.9,krepej_i_takelaj/fiksatory_armatury/zvezdochki_i_stulchiki,https://optorg.ru/catalog/krepej_i_takelaj/fiksatory_armatury/zvezdochki_i_stulchiki/253373/
253374,"Фиксатор ""Стойка 25-30-35-40 """,2.6,krepej_i_takelaj/fiksatory_armatury/zvezdochki_i_stulchiki,https://optorg.ru/catalog/krepej_i_takelaj/fiksatory_armatury/zvezdochki_i_stulchiki/253374/
253484,Зажим пружинный   H+,133,krepej_i_takelaj/fiksatory_armatury/zvezdochki_i_stulchiki,https://optorg.ru/catalog/krepej_i_takelaj/fiksatory_armatury/zvezdochki_i_stulchiki/253484/
253485,Ключ для пружинного зажима,3900,krepej_i_takelaj/fiksatory_armatury/zvezdochki_i_stulchiki,https://optorg.ru/catalog/krepej_i_takelaj/fiksatory_armatury/zvezdochki_i_stulchiki/253485/
253531,Зажим пружинный  H,118,krepej_i_takelaj/fiksatory_armatury/zvezdochki_i_stulchiki,https://optorg.ru/catalog/krepej_i_takelaj/fiksatory_armatury/zvezdochki_i_stulchiki/253531/
253784,Зажим пружинный   ST+,128,krepej_i_takelaj/fiksatory_armatury/zvezdochki_i_stulchiki,https://optorg.ru/catalog/krepej_i_takelaj/fiksatory_armatury/zvezdochki_i_stulchiki/253784/
253980,"Фиксатор арматуры ""стульчик 40""",2.2,krepej_i_takelaj/fiksatory_armatury/zvezdochki_i_stulchiki,https://optorg.ru/catalog/krepej_i_takelaj/fiksatory_armatury/zvezdochki_i_stulchiki/253980/
354384,"Фиксатор ""Опора"" (защитный слой 20/25/30/35мм)",3.5,krepej_i_takelaj/fiksatory_armatury/zvezdochki_i_stulchiki,https://optorg.ru/catalog/krepej_i_takelaj/fiksatory_armatury/zvezdochki_i_stulchiki/354384/
440339,Зажим пружинный   ST,110,krepej_i_takelaj/fiksatory_armatury/zvezdochki_i_stulchiki,https://optorg.ru/catalog/krepej_i_takelaj/fiksatory_armatury/zvezdochki_i_stulchiki/440339/
470111,"Фиксатор ""Опора"" (защитный слой 60/70/80мм)",8.8,krepej_i_takelaj/fiksatory_armatury/zvezdochki_i_stulchiki,https://optorg.ru/catalog/krepej_i_takelaj/fiksatory_armatury/zvezdochki_i_stulchiki/470111/
495098,Фиксатор арматуры КРЕПЫ  150х150мм,92,krepej_i_takelaj/fiksatory_armatury/zvezdochki_i_stulchiki,https://optorg.ru/catalog/krepej_i_takelaj/fiksatory_armatury/zvezdochki_i_stulchiki/495098/
495877,Фиксатор арматуры КРЕПЫ  80х80мм,29.5,krepej_i_takelaj/fiksatory_armatury/zvezdochki_i_stulchiki,https://optorg.ru/catalog/krepej_i_takelaj/fiksatory_armatury/zvezdochki_i_stulchiki/495877/
495879,Фиксатор арматуры КРЕПЫ  200х200мм,103,krepej_i_takelaj/fiksatory_armatury/zvezdochki_i_stulchiki,https://optorg.ru/catalog/krepej_i_takelaj/fiksatory_armatury/zvezdochki_i_stulchiki/495879/
252523,Кронштейн белый 100*75мм   5011,19.5,krepej_i_takelaj/kronshteyny/kronshteyny_universalnye,https://optorg.ru/catalog/krepej_i_takelaj/kronshteyny/kronshteyny_universalnye/252523/
252524,Кронштейн белый 125*100мм   5021,25.5,krepej_i_takelaj/kronshteyny/kronshteyny_universalnye,https://optorg.ru/catalog/krepej_i_takelaj/kronshteyny/kronshteyny_universalnye/252524/
252525,Кронштейн белый 150*125мм   5031,29.5,krepej_i_takelaj/kronshteyny/kronshteyny_universalnye,https://optorg.ru/catalog/krepej_i_takelaj/kronshteyny/kronshteyny_universalnye/252525/
252526,Кронштейн белый 175*150мм   5041,42,krepej_i_takelaj/kronshteyny/kronshteyny_universalnye,https://optorg.ru/catalog/krepej_i_takelaj/kronshteyny/kronshteyny_universalnye/252526/
252527,Кронштейн белый 200*150мм   5051,44.5,krepej_i_takelaj/kronshteyny/kronshteyny_universalnye,https://optorg.ru/catalog/krepej_i_takelaj/kronshteyny/kronshteyny_universalnye/252527/
252528,Кронштейн белый 225*175мм   5055,57,krepej_i_takelaj/kronshteyny/kronshteyny_universalnye,https://optorg.ru/catalog/krepej_i_takelaj/kronshteyny/kronshteyny_universalnye/252528/
252529,Кронштейн белый 250*200мм   5071,68,krepej_i_takelaj/kronshteyny/kronshteyny_universalnye,https://optorg.ru/catalog/krepej_i_takelaj/kronshteyny/kronshteyny_universalnye/252529/
252530,Кронштейн белый 300*250мм   5081,99,krepej_i_takelaj/kronshteyny/kronshteyny_universalnye,https://optorg.ru/catalog/krepej_i_takelaj/kronshteyny/kronshteyny_universalnye/252530/
252531,Кронштейн белый 350*300мм   5091,129,krepej_i_takelaj/kronshteyny/kronshteyny_universalnye,https://optorg.ru/catalog/krepej_i_takelaj/kronshteyny/kronshteyny_universalnye/252531/
252532,Кронштейн коричневый 100*75мм   5012,19.5,krepej_i_takelaj/kronshteyny/kronshteyny_universalnye,https://optorg.ru/catalog/krepej_i_takelaj/kronshteyny/kronshteyny_universalnye/252532/
252533,Кронштейн коричневый 125*100мм   5022,25.5,krepej_i_takelaj/kronshteyny/kronshteyny_universalnye,https://optorg.ru/catalog/krepej_i_takelaj/kronshteyny/kronshteyny_universalnye/252533/
252534,Кронштейн коричневый 150*125мм   5032,29.5,krepej_i_takelaj/kronshteyny/kronshteyny_universalnye,https://optorg.ru/catalog/krepej_i_takelaj/kronshteyny/kronshteyny_universalnye/252534/
252535,Кронштейн коричневый 175*150мм   5042,42,krepej_i_takelaj/kronshteyny/kronshteyny_universalnye,https://optorg.ru/catalog/krepej_i_takelaj/kronshteyny/kronshteyny_universalnye/252535/
252536,Кронштейн коричневый 200*150мм   5052,44.5,krepej_i_takelaj/kronshteyny/kronshteyny_universalnye,https://optorg.ru/catalog/krepej_i_takelaj/kronshteyny/kronshteyny_universalnye/252536/
252537,Кронштейн коричневый 225*175мм   5056,57,krepej_i_takelaj/kronshteyny/kronshteyny_universalnye,https://optorg.ru/catalog/krepej_i_takelaj/kronshteyny/kronshteyny_universalnye/252537/
252538,Кронштейн коричневый 225*200мм   5062,63,krepej_i_takelaj/kronshteyny/kronshteyny_universalnye,https://optorg.ru/catalog/krepej_i_takelaj/kronshteyny/kronshteyny_universalnye/252538/
252539,Кронштейн белый 225*200мм   5061,63,krepej_i_takelaj/kronshteyny/kronshteyny_universalnye,https://optorg.ru/catalog/krepej_i_takelaj/kronshteyny/kronshteyny_universalnye/252539/
252540,Кронштейн коричневый 250*200мм   5072,68,krepej_i_takelaj/kronshteyny/kronshteyny_universalnye,https://optorg.ru/catalog/krepej_i_takelaj/kronshteyny/kronshteyny_universalnye/252540/
252541,Кронштейн коричневый 300*250мм   5082,99,krepej_i_takelaj/kronshteyny/kronshteyny_universalnye,https://optorg.ru/catalog/krepej_i_takelaj/kronshteyny/kronshteyny_universalnye/252541/
252542,Кронштейн коричневый 350*300мм   5092,129,krepej_i_takelaj/kronshteyny/kronshteyny_universalnye,https://optorg.ru/catalog/krepej_i_takelaj/kronshteyny/kronshteyny_universalnye/252542/
253338,*Кронштейн для полок 125х150 белый г. Кунгур,18,krepej_i_takelaj/kronshteyny/kronshteyny_universalnye,https://optorg.ru/catalog/krepej_i_takelaj/kronshteyny/kronshteyny_universalnye/253338/
481641,Кронштейн стальной 200*250мм  белый   5141,140,krepej_i_takelaj/kronshteyny/kronshteyny_universalnye,https://optorg.ru/catalog/krepej_i_takelaj/kronshteyny/kronshteyny_universalnye/481641/
481654,Кронштейн стальной 150*200мм  черный   5132,115,krepej_i_takelaj/kronshteyny/kronshteyny_universalnye,https://optorg.ru/catalog/krepej_i_takelaj/kronshteyny/kronshteyny_universalnye/481654/
481659,Кронштейн стальной 125*150мм  белый   5121,70,krepej_i_takelaj/kronshteyny/kronshteyny_universalnye,https://optorg.ru/catalog/krepej_i_takelaj/kronshteyny/kronshteyny_universalnye/481659/
481664,Кронштейн стальной 250*300мм  черный   5152,187,krepej_i_takelaj/kronshteyny/kronshteyny_universalnye,https://optorg.ru/catalog/krepej_i_takelaj/kronshteyny/kronshteyny_universalnye/481664/
481677,Кронштейн стальной 125*150мм  черный   5122,70,krepej_i_takelaj/kronshteyny/kronshteyny_universalnye,https://optorg.ru/catalog/krepej_i_takelaj/kronshteyny/kronshteyny_universalnye/481677/
481679,Кронштейн стальной 250*300мм  белый   5151,187,krepej_i_takelaj/kronshteyny/kronshteyny_universalnye,https://optorg.ru/catalog/krepej_i_takelaj/kronshteyny/kronshteyny_universalnye/481679/
481680,Кронштейн стальной 150*200мм  белый   5131,115,krepej_i_takelaj/kronshteyny/kronshteyny_universalnye,https://optorg.ru/catalog/krepej_i_takelaj/kronshteyny/kronshteyny_universalnye/481680/
481683,Кронштейн стальной 200*250мм  черный   5142,140,krepej_i_takelaj/kronshteyny/kronshteyny_universalnye,https://optorg.ru/catalog/krepej_i_takelaj/kronshteyny/kronshteyny_universalnye/481683/
495381,Кронштейн серый 225*200мм   5064,63,krepej_i_takelaj/kronshteyny/kronshteyny_universalnye,https://optorg.ru/catalog/krepej_i_takelaj/kronshteyny/kronshteyny_universalnye/495381/
495383,Кронштейн серый 150*125мм   5034,29.5,krepej_i_takelaj/kronshteyny/kronshteyny_universalnye,https://optorg.ru/catalog/krepej_i_takelaj/kronshteyny/kronshteyny_universalnye/495383/
495384,Кронштейн серый 225*175мм   5058,57,krepej_i_takelaj/kronshteyny/kronshteyny_universalnye,https://optorg.ru/catalog/krepej_i_takelaj/kronshteyny/kronshteyny_universalnye/495384/
495385,Кронштейн серый 200*150мм   5054,44.5,krepej_i_takelaj/kronshteyny/kronshteyny_universalnye,https://optorg.ru/catalog/krepej_i_takelaj/kronshteyny/kronshteyny_universalnye/495385/
495386,Кронштейн серый 300*250мм   5084,99,krepej_i_takelaj/kronshteyny/kronshteyny_universalnye,https://optorg.ru/catalog/krepej_i_takelaj/kronshteyny/kronshteyny_universalnye/495386/
495387,Кронштейн серый 125*100мм   5024,25.5,krepej_i_takelaj/kronshteyny/kronshteyny_universalnye,https://optorg.ru/catalog/krepej_i_takelaj/kronshteyny/kronshteyny_universalnye/495387/
495388,Кронштейн серый 350*300мм   5094,129,krepej_i_takelaj/kronshteyny/kronshteyny_universalnye,https://optorg.ru/catalog/krepej_i_takelaj/kronshteyny/kronshteyny_universalnye/495388/
495389,Кронштейн серый 175*150мм   5044,42,krepej_i_takelaj/kronshteyny/kronshteyny_universalnye,https://optorg.ru/catalog/krepej_i_takelaj/kronshteyny/kronshteyny_universalnye/495389/
495390,Кронштейн серый 250*200мм   5074,68,krepej_i_takelaj/kronshteyny/kronshteyny_universalnye,https://optorg.ru/catalog/krepej_i_takelaj/kronshteyny/kronshteyny_universalnye/495390/
252551,Кронштейн стальной усиленный (плоский) 200*300мм белый 5194,350,krepej_i_takelaj/kronshteyny/kronshteyny_stalnye_usilennye,https://optorg.ru/catalog/krepej_i_takelaj/kronshteyny/kronshteyny_stalnye_usilennye/252551/
252552,Кронштейн стальной усиленный (плоский) 250*400мм белый 5196,462,krepej_i_takelaj/kronshteyny/kronshteyny_stalnye_usilennye,https://optorg.ru/catalog/krepej_i_takelaj/kronshteyny/kronshteyny_stalnye_usilennye/252552/
252554,Кронштейн стальной усиленный (плоский) 250*400мм серый 5351,462,krepej_i_takelaj/kronshteyny/kronshteyny_stalnye_usilennye,https://optorg.ru/catalog/krepej_i_takelaj/kronshteyny/kronshteyny_stalnye_usilennye/252554/
252555,Кронштейн стальной усиленный (плоский) 200*300мм коричневый 5356,350,krepej_i_takelaj/kronshteyny/kronshteyny_stalnye_usilennye,https://optorg.ru/catalog/krepej_i_takelaj/kronshteyny/kronshteyny_stalnye_usilennye/252555/
252556,Кронштейн стальной усиленный (плоский) 250*400мм коричневый 5354,462,krepej_i_takelaj/kronshteyny/kronshteyny_stalnye_usilennye,https://optorg.ru/catalog/krepej_i_takelaj/kronshteyny/kronshteyny_stalnye_usilennye/252556/
252559,Кронштейн стальной усиленный (плоский) 200*300мм оцинкованный 5195,411,krepej_i_takelaj/kronshteyny/kronshteyny_stalnye_usilennye,https://optorg.ru/catalog/krepej_i_takelaj/kronshteyny/kronshteyny_stalnye_usilennye/252559/
252560,Кронштейн стальной усиленный (плоский) 250*400мм оцинкованный 5197,546,krepej_i_takelaj/kronshteyny/kronshteyny_stalnye_usilennye,https://optorg.ru/catalog/krepej_i_takelaj/kronshteyny/kronshteyny_stalnye_usilennye/252560/
461921,Кронштейн стальной усиленный (плоский) 200*300мм серый 5350,350,krepej_i_takelaj/kronshteyny/kronshteyny_stalnye_usilennye,https://optorg.ru/catalog/krepej_i_takelaj/kronshteyny/kronshteyny_stalnye_usilennye/461921/
253361,Шпилька резьбовая стальная омедненная CD М6х16,3.3,krepej_i_takelaj/privarnoy_krepej/shpilka,https://optorg.ru/catalog/krepej_i_takelaj/privarnoy_krepej/shpilka/253361/
253377,Шпилька резьбовая стальная омедненная CD М6х25,4.7,krepej_i_takelaj/privarnoy_krepej/shpilka,https://optorg.ru/catalog/krepej_i_takelaj/privarnoy_krepej/shpilka/253377/
252708,Заглушка для труб квадр. 15*15мм,3.2,krepej_i_takelaj/zaglushki_dlya_trub,https://optorg.ru/catalog/krepej_i_takelaj/zaglushki_dlya_trub/252708/
252709,Заглушка для труб квадр. 20*20мм,3.3,krepej_i_takelaj/zaglushki_dlya_trub,https://optorg.ru/catalog/krepej_i_takelaj/zaglushki_dlya_trub/252709/
252710,Заглушка для труб квадр. 25*25мм,4.1,krepej_i_takelaj/zaglushki_dlya_trub,https://optorg.ru/catalog/krepej_i_takelaj/zaglushki_dlya_trub/252710/
252711,Заглушка для труб квадр. 30*30мм,4.4,krepej_i_takelaj/zaglushki_dlya_trub,https://optorg.ru/catalog/krepej_i_takelaj/zaglushki_dlya_trub/252711/
252712,Заглушка для труб квадр. 60*60мм,10.8,krepej_i_takelaj/zaglushki_dlya_trub,https://optorg.ru/catalog/krepej_i_takelaj/zaglushki_dlya_trub/252712/
252713,Заглушка для труб квадр. 80*80мм,17.6,krepej_i_takelaj/zaglushki_dlya_trub,https://optorg.ru/catalog/krepej_i_takelaj/zaglushki_dlya_trub/252713/
252714,Заглушка для труб квадр. 100*100мм,38.5,krepej_i_takelaj/zaglushki_dlya_trub,https://optorg.ru/catalog/krepej_i_takelaj/zaglushki_dlya_trub/252714/
252715,Заглушка для труб кругл. диам. 18мм,3,krepej_i_takelaj/zaglushki_dlya_trub,https://optorg.ru/catalog/krepej_i_takelaj/zaglushki_dlya_trub/252715/
252716,Заглушка для труб кругл. диам. 20мм,3.2,krepej_i_takelaj/zaglushki_dlya_trub,https://optorg.ru/catalog/krepej_i_takelaj/zaglushki_dlya_trub/252716/
252717,Заглушка для труб кругл. диам. 22мм,3.4,krepej_i_takelaj/zaglushki_dlya_trub,https://optorg.ru/catalog/krepej_i_takelaj/zaglushki_dlya_trub/252717/
252718,Заглушка для труб кругл. диам. 25мм,3.6,krepej_i_takelaj/zaglushki_dlya_trub,https://optorg.ru/catalog/krepej_i_takelaj/zaglushki_dlya_trub/252718/
252720,Заглушка для труб кругл. диам. 30мм,4,krepej_i_takelaj/zaglushki_dlya_trub,https://optorg.ru/catalog/krepej_i_takelaj/zaglushki_dlya_trub/252720/
252721,Заглушка для труб кругл. диам. 32мм,4.2,krepej_i_takelaj/zaglushki_dlya_trub,https://optorg.ru/catalog/krepej_i_takelaj/zaglushki_dlya_trub/252721/
252722,Заглушка для труб кругл. диам. 38мм,6.4,krepej_i_takelaj/zaglushki_dlya_trub,https://optorg.ru/catalog/krepej_i_takelaj/zaglushki_dlya_trub/252722/
252723,Заглушка для труб кругл. диам. 40мм,6.7,krepej_i_takelaj/zaglushki_dlya_trub,https://optorg.ru/catalog/krepej_i_takelaj/zaglushki_dlya_trub/252723/
252724,Заглушка для труб кругл. диам. 42мм,6.9,krepej_i_takelaj/zaglushki_dlya_trub,https://optorg.ru/catalog/krepej_i_takelaj/zaglushki_dlya_trub/252724/
252725,Заглушка для труб кругл. диам. 45мм,7.8,krepej_i_takelaj/zaglushki_dlya_trub,https://optorg.ru/catalog/krepej_i_takelaj/zaglushki_dlya_trub/252725/
252726,Заглушка для труб кругл. диам. 50мм,10.1,krepej_i_takelaj/zaglushki_dlya_trub,https://optorg.ru/catalog/krepej_i_takelaj/zaglushki_dlya_trub/252726/
252727,Заглушка для труб кругл. диам. 60мм,10.9,krepej_i_takelaj/zaglushki_dlya_trub,https://optorg.ru/catalog/krepej_i_takelaj/zaglushki_dlya_trub/252727/
252728,Заглушка для труб прям. 30*15мм,4.9,krepej_i_takelaj/zaglushki_dlya_trub,https://optorg.ru/catalog/krepej_i_takelaj/zaglushki_dlya_trub/252728/
252729,Заглушка для труб прям. 30*20мм,4.9,krepej_i_takelaj/zaglushki_dlya_trub,https://optorg.ru/catalog/krepej_i_takelaj/zaglushki_dlya_trub/252729/
252731,Заглушка для труб прям. 40*20мм,5,krepej_i_takelaj/zaglushki_dlya_trub,https://optorg.ru/catalog/krepej_i_takelaj/zaglushki_dlya_trub/252731/
252787,Заглушка для труб квадр. 40*40мм,6.3,krepej_i_takelaj/zaglushki_dlya_trub,https://optorg.ru/catalog/krepej_i_takelaj/zaglushki_dlya_trub/252787/
252788,Заглушка для труб квадр. 50*50мм,9.2,krepej_i_takelaj/zaglushki_dlya_trub,https://optorg.ru/catalog/krepej_i_takelaj/zaglushki_dlya_trub/252788/
252800,Заглушка для труб прям. 40*25мм,5.1,krepej_i_takelaj/zaglushki_dlya_trub,https://optorg.ru/catalog/krepej_i_takelaj/zaglushki_dlya_trub/252800/
252801,Заглушка для труб прям. 50*30мм,6.4,krepej_i_takelaj/zaglushki_dlya_trub,https://optorg.ru/catalog/krepej_i_takelaj/zaglushki_dlya_trub/252801/
252802,Заглушка для труб прям. 60*40мм,7.3,krepej_i_takelaj/zaglushki_dlya_trub,https://optorg.ru/catalog/krepej_i_takelaj/zaglushki_dlya_trub/252802/
252848,Заглушка для труб прям. 50*25мм,5.4,krepej_i_takelaj/zaglushki_dlya_trub,https://optorg.ru/catalog/krepej_i_takelaj/zaglushki_dlya_trub/252848/
252849,Заглушка для труб прям. 80*40мм,10.7,krepej_i_takelaj/zaglushki_dlya_trub,https://optorg.ru/catalog/krepej_i_takelaj/zaglushki_dlya_trub/252849/
252863,Заглушка для труб кругл. диам. 57мм,10.7,krepej_i_takelaj/zaglushki_dlya_trub,https://optorg.ru/catalog/krepej_i_takelaj/zaglushki_dlya_trub/252863/
252864,Заглушка для труб кругл. диам. 76мм,17.9,krepej_i_takelaj/zaglushki_dlya_trub,https://optorg.ru/catalog/krepej_i_takelaj/zaglushki_dlya_trub/252864/
253073,Заглушка для труб прям. 60*30мм,7,krepej_i_takelaj/zaglushki_dlya_trub,https://optorg.ru/catalog/krepej_i_takelaj/zaglushki_dlya_trub/253073/
253074,Заглушка для труб прям. 80*60мм,16,krepej_i_takelaj/zaglushki_dlya_trub,https://optorg.ru/catalog/krepej_i_takelaj/zaglushki_dlya_trub/253074/
253131,Заглушка для труб прям. 100*50мм,34,krepej_i_takelaj/zaglushki_dlya_trub,https://optorg.ru/catalog/krepej_i_takelaj/zaglushki_dlya_trub/253131/
253132,Заглушка для труб прям. 150*100мм,79,krepej_i_takelaj/zaglushki_dlya_trub,https://optorg.ru/catalog/krepej_i_takelaj/zaglushki_dlya_trub/253132/
253133,Заглушка для труб квадр. 120*120мм,124,krepej_i_takelaj/zaglushki_dlya_trub,https://optorg.ru/catalog/krepej_i_takelaj/zaglushki_dlya_trub/253133/
253135,Заглушка для труб кругл. диам. 89мм,39,krepej_i_takelaj/zaglushki_dlya_trub,https://optorg.ru/catalog/krepej_i_takelaj/zaglushki_dlya_trub/253135/
253137,Заглушка для труб кругл. диам. 108мм,56,krepej_i_takelaj/zaglushki_dlya_trub,https://optorg.ru/catalog/krepej_i_takelaj/zaglushki_dlya_trub/253137/
253563,Заглушка для труб квадр. 140*140мм,204,krepej_i_takelaj/zaglushki_dlya_trub,https://optorg.ru/catalog/krepej_i_takelaj/zaglushki_dlya_trub/253563/
